제목,감성
"최근 미국의 GM에 이어 Ford가 PHEV 차량에 대한 프로젝트 파트너를 선정하였는데, 유럽의 글로벌 완성차 업체들도 이제 PHEV 프로젝트 파트너를 선정해야만 하는 시기가 가까워졌다.",NEUTRAL
"KCC가 자사주와 현대중공업, 현대상선 보유 주식을 기반으로 발행한 교환사채에 대해 2010년 10월 30일 하루에 한해 교환사채를 보유한 투자자는 풋옵션을 행사할 수 있다.",NEUTRAL
삼성생명 상장으로 에버랜드가 보유한 삼성생명 주식의 공정가를 산정할 수 있게 됨에 따라 재평가를 실시한 것으로 판단된다.,NEUTRAL
순이익 역시 두 자리 수 신장률을 달성했는데 계열 백화점 중 현대 DSF 와 현대홈쇼핑 등 주요 자회사들의 영업 호전이 지분법이익 등가를 주도했기 때문으로 분석된다.,POSITIVE
"(주)셀트리온은 셀트리온헬스케어와 2009년 10월 약 1,936억원의 대규모 바이오시밀러 공급계약을 맺은 바 있으며 2009년 4분기부터 매출에 반영되고 있음.",NEUTRAL
경남∙광주은행의 분리매각이 유력한 방안 중 하나로 부상함에 따라 부산은행의 경남은행 인수 가능성이 제기되고 있다.,NEUTRAL
"부산은행이 경남은행을 인수하더라도 자산총액은 55조원 수준으로 여전히 시중은행 대비 영세한 규모인 반면, 인수자금 상환을 위해 배당여력은 축소될 것으로 보인다.",NEUTRAL
"2008년 12월 1차 하이증권의 1차 유상증자, 2008년 7월 1일과 2009년 7월 1일 HMC 투자증권의 1,2차 증자시기에 최대주주인 현대미포조선과 현대차의 큰 영향이 없었음",NEUTRAL
"특히 HMC투자증권의 경우, 2008년상반기에 현대차그룹이 인수한 후, 2008년 하반기와 2009년 하반기 두 차례에 걸쳐 총 3,551억원을 자본을 확충한 바 있다.",NEUTRAL
사업회사 한미약품은 베이징한미약품과 한미정밀 화학을 자회사로 편입해 국내외 의약품 사업을 기존과 동일하게 지속한다.,NEUTRAL
"하지만, 본사 광고 선전비 증가, 일본 지진여파에 따른 일본 자회사 실적 부진, 그리고 면세점 사업의 영업적자폭 확대로 인해 영업적자를 기록한 것으로 보인다.",NEGATIVE
"하지만 최근 저가 커피∙주스 시장이 확대되고 경쟁이 심화됨에 따라 SPC그룹과 이디야, 할리스 등 동사의 주요 고객사에 납품하는 물량이 지속적으로 감소 추세에 있다.",NEUTRAL
"한국 본사는 신규 납품모델의 출하가 예상보다 저조한 편이나 투산 등 기존 물량이 꾸준하고, 중국 법인은 전년 3분기의 낮은 기저와 신차 효과가 하반기에도 이어질 것으로 보인다.",NEUTRAL
멕시코 공장의 적자 축소와 서산 공장의 흑자 전환을 기반으로 실적이 3분기를 저점으로 개선될 것이기 때문에 실적발표 전후로 매수시점을 조율해야 한다는 판단이다.,POSITIVE
"베링거인겔하임과의 기술계약 해지이후 34%나 하락한 한미약품의 주가와 실적의 전년대비 부진은, 4Q16 이후 기수출한 파이프라인 임상개시와 마일스톤 유입으로 해결될 것으로 기대한다.",NEUTRAL
"의류 OEM기업들의 영업이익률이 감소하는 이유는 환율이나 원재료 가격 상승 외에도 수주 단가가 하락하고, 주문량이 감소하면 고정비 부담이 커지기 때문에 바이어들의 연간 재고 소진 여부를 체크하는 것이 필요하다.",NEGATIVE
"3Q16 매출이 전분기 대비 6.7% 감소한 것은 신작 출시는 없는 가운데 스포츠게임 비수기 영향으로 컴투스프로야구 등 스포츠 장르 매출이 감소했고, 주력게임인 서머너즈워 매출도 감소했기 때문이다.",NEGATIVE
"강력한 투자요인이었던 면세점 실적 성장이 둔화되고, 전문점이나 백화점 등 내수 유통채널의 저성장 기조가 뚜렷해지면서 4Q16 국내 매출 성장은 7.1%YoY로 연중 가장 낮은 성장률을 기록할 것으로 전망된다.",NEGATIVE
"하지만 나이키 수주물량이 한세실업 전체 수주량의 한자릿수 비중으로 크지 않은 편이며, 일본, 유럽 바이어들의 물량 증가로 나이키 수주 공백을 대체해 나갈 수 있을 것으로 기대해본다.",NEUTRAL
"하나금융투자의 계산에 의하면, 2017년 고무 투입가격이 15% 상승하면 영업이익률에 -2.4%p만큼 부정적 기여를 할 것으로 예상한다(물량/판가/기타비용 동일 조건). 즉, 상반기에는 투입단가 상승에 따른 수익성 둔화, 그리고 하반기에는 판가 인상을 통한 일부 회복을 전망한다.",NEUTRAL
"출점 둔화(매장수 YoY +4%)에도 불구, 신규 브랜드 더캐시미어와 래트바이티가 각각 론칭 3년 차, 2년 차에 접어들며 외형과 수익성 개선에 기여할 것으로 예상한다.",POSITIVE
"페이코 사업의 부진은 사측의 경쟁력 열위 문제가 아니라 시장의 구조적 문제, 즉, 간편결제 시장의 발전 및 개화속도의 문제라 물적분할만으로 쉽게 해결할 수 있는 부분은 아니라 판단한다.",NEGATIVE
"발전 수주 전망은 긍정적이나 자회사발 우려감 지속에 발전분야 매출 성장 전망도 기대치 아래: 자회사인 두산건설과 두산인프라코어의 4Q16 세전이익은 각각 -2,206억원과 -1,767억원으로 어닝쇼크의 주요 요인이었다.",NEGATIVE
YG플러스 의 적자 중 약 90%를 차지하는 화장품 사업부가 사드 영향 과 대표이사 교체 등으로 턴어라운드에 다소 시일이 걸릴 것으로 판단해 2017년 예상 영업이익을 -42억원으로 하향(기존 -4억원)했기 때문이다.,NEGATIVE
"이러한 부정적 인식에 묻혀 펀더멘탈 개선은 간과되었는데, 특히 자체사업 실적의 사실상 100%를 차지하는 그린 케미칼 사업부는 ‘15년 영업익 227억원에서 ‘17년 영업익 680억원으로 누적 200% 증가가 추정되며 SK가스는 올해도 사상 최대 영업익 경신이 예상된다.",POSITIVE
"아모레퍼시픽의 국내 매출이 낮은 한자릿수 내에서 역신장 할 것으로 전망하며, 이익 기여가 높았던 면세점 채널의 성장 부진으로 국내 영업이익 개선도 어려울 수 있다.",NEGATIVE
이니스프리도 출점 계획이 작년보다는 축소될 것으로 보이며 중국인 수요 감소로 기존점 효율이 다소 낮아질 가능성을 염두하여 실적 기대치를 소폭 낮출 필요가 있다고 판단된다.,NEGATIVE
내수 부진을 해외에서 채워가다: 아모레퍼시픽과 이니스프리를 포함하여 아모스프로페셔널까지 중국인 수요가 비교적 많았던 브랜드 위주로 올해 실적에 대해 불확실성을 안고 갈 수 밖에 없는 상황이다.,NEGATIVE
"자동차부품 부문은 완성차의 중국 출하가 부진하면서 현대위아의 엔진부품 수출도 감소하고, 수동 변속기 매출의 관계사 이관도 이어졌다.",NEGATIVE
"미국 공장은 Fleet 판매 자제와 모델 노후화로 21% (YoY) 감소하고, 중국 공장은 딜러와의 분쟁과 반한 감정에 따른 매장 집객력 약화 등으로 45% (YoY) 감소했다.",NEGATIVE
"매출 부진을 보였던 스마트빌딩과 M&E부문이 각각 17.4%, 22.1%의 매출 성장을 기록할 것으로 예상되고, 스마트홈부문은 17.1%로 올해 역시 두 자리 수 성장을 이어갈 전망이다.",POSITIVE
에너지 솔루션 부문은 미국 태양광 발전소 매각 수익이 예상보다 적었던 가운데 미국태양광 모듈 업체의 실적 부진 등으로 예상보다 적은 영업이익을 기록하였다.,NEGATIVE
"전년 이천공장 화재에 기인한 낮은 베이스로 제과 매출은 YoY +0.8% 증가했으나, 중국 법인 매출 하락에 기인한 로열티 매출이 YoY 17억원 감소했기 때문이다.",NEGATIVE
"은산분리 이슈가 논란이 되고있는 가운데 동사의 자회사인 카카오뱅크에 대한 부담은 존재하나, 카카오톡은 이미 내년까지 버틸수 있는 자금 여력을 마련해 놓고 점진적으로 사업을 진행해 나갈 예정이다.",NEUTRAL
"해외사업 역시 영업이익이 YoY 40% 이상 감소할 것으로 예상되는데, 중국 법인 매출 저하(YoY 5% 추정)와 미국 법인 라네즈 타겟 철수 등의 영향 때문이다.",NEGATIVE
"인터플렉스, 영풍전자와 같은 영풍의 IT 자회사의 경우에도 2017년 3분기부터 본격적으로 애플향 R/F PCB 납품을 개시하며 실적이 큰 폭으로 개선될 것으로 예상된다.",POSITIVE
"결국 현대위아 주가의 핵심은 여전히 고전을 면치 못하고 있는 중국향 CKD 사업부의 회복 여부에 달려있는데, 일단 3Q17까지도 불확실한 상황이 지속될 것으로 보인다.",NEGATIVE
결국 SKT가 정부에 고통 분담을 요구함과 동시에 이젠 사소한 M/S 경쟁에서 탈피해 유통 구조 개선을 통한 수익성 개선에 나서겠다는 것을 선포한 것인데 적정한 대정부 압박 요인이 될 전망이다.,NEUTRAL
"2분기 실적은 완성차의 중국 출하 부진에 따른 엔진부품 수출의 감소와 멕시코/서산 공장의 적자, 그리고 기계 부문의 부진 지속 등으로 기대치를 하회할 것이다.",NEGATIVE
"모든 사업부의 마케팅비용이 증가하면서 예상보다 비용 부담이 커졌지만, H&A(Home Appliance & Air Solution)사업부는 에어컨 제품의 호조로 여전히 10% 가까운 영업이익률이 기대되고, HE(Home Entertainment)사업부는 OLED TV와 UHD TV 위주 판매로 높은 수준의 영업이익률이 유지되고 있다.",POSITIVE
"NAVER는 상반기에만 제록스리서치센터유럽, 미래에셋대우 등을 포함해 10건의 투자를 진행하며 공격적인 투자 행보를 보여주고 있다.",NEUTRAL
"하지만 연결 실적의 경우 현대차그룹의 해외 자동차판매량 둔화에 따른 현대제철의 해외 SSC(스틸서비스센터)의 수익성 악화로 전년동기대비 9.9% 감소한 3,894억원의 영입이익에 그칠 전망이다.",NEGATIVE
"영업이익은 특히 모듈부문이 전년 동기에 기록했던 4,292억원에서 1,810억원으로 크게 감소할 것으로 추정되는데, 이는 현대모비스 중국사업 대부분의 매출이 집중되어있는 현대기아차의 중국법인 부진이 주요 원인으로 추정된다.",NEGATIVE
"올해 1분기 이후 주요 점포들의 개선이 이루어졌음에도 불구하고, 경쟁사의 신규 출점 영향이 지속되고 있는 대구점과 리뉴얼이 이루어지고 있는 천호점의 부진으로 전체 성장률은 둔화되어 보일 것으로 예상한다.",NEGATIVE
"2Q17 순이익 1,532억원 추정BNK금융의 2Q17 (지배지분) 순이익은 1,532억원(+0.5% YoY, -9.0% QoQ)으로 에프앤가이드 컨센서스 1,563억원과 유사하고, 블룸버그 컨센서스 1,605억원을 4.6% 하회할 전망이다.",NEUTRAL
"3개 사업부의 영업이익률이 모두 하락한 것으로 추정되는데 차량부문에서는 전반적인 개발비 상승, 북미 인센티브 경쟁 심화, 리콜비용 부담이 있었고, 금융부문은 중고차 잔존가치 하락에 따른 부담이 지속되었고, 기타부문도 현대로템 등의 수주공백기 실적 반영 등의 영향 때문으로 추정된다.",NEUTRAL
"에뛰드 또한 올해 2분기 매출액은 전년동기대비 30.6% 감소한 586억원을 기록했고, 영업이익은적자 전환했다(영업적자 5억원). 주요 화장품 브랜드 법인들이 부진함에 따라 생산 자회사들의 실적도 개선되지 못했다.",NEGATIVE
"특히 정유부문 재고평가손실(-1,700억원)과 래깅효과(-962억원)가 발생했으며, 정유/화학사업에서 울산 #5CDU와 #1RFCC, 화학 #1PX 등 주요 설비 정기보수에 따른 기회비용(-500억원) 또한 실적 하락의 주요인이었던 것으로 파악된다.",NEGATIVE
"영업이익중 자동차 부품부문이 전년 동기대비로 49% 가량 감소하며 약 380억원을 기록했는데, 현대기아차의 중국사업 부진에 따른 CKD매출 감소가 주요 원인인 것으로 판단된다.",NEGATIVE
"2Q17 현대기아차의 지역별 출고판매중 가장 부진한 중국지역이 YoY -62%를 기록했는데, 이의 연장선상에서 현대모비스의 모듈부문은 YoY -19%를 기록했고, 영업이익 역시 모듈사업은 838억원으로 감소하며 YoY -80.5%의 급감세를 시현하였다.",NEGATIVE
"즉, 단기적으로는 밸류에이션 부담이 높은(혹은 면세점 매각이 힘든) 하나투어의 주가는 결국 모두투어와 연동되는 흐름이 될 것이고, 18년 면세점 매각을 가정하더라도 이익 가시성이 더 높은 모두투어와 비슷한 수준(P/E 17배)이다.",NEUTRAL
결론적으로는 하나금융투자는 모두투어를 선호하나 결국 밸류에이션이냐 혹은 베타를 높일 것이냐에 대한 고민일 뿐 현 구간에서는 어떤 여행주를 사도 크게 다르지 않을 것이라 판단한다.,NEUTRAL
"반면 지난 분기에 이어 원당과 대두 투입원가 상승의 영향으로 소재부문의 수익성이 악화됐고, 가공식품에서 광고선전비 등 전략성 경비가 늘면서 실적에 부담으로 작용했다.",NEGATIVE
"정부가 초과세수 전액을 쓸 수 있는 것은 아니며, 초과세수의 약 40%인 7조6000억원은 지방자치단체에 내줘야 한다.",NEUTRAL
친체로 신공항 건설 사업은 2019년 한국과 페루 양 국가 간 전폭적인 지원으로 성사됐다.,NEUTRAL
"페루는 기존 마추픽추 관문 역할을 해온 노후화된 벨라스코 아스테테 공항을 대신할 중남미 허브 공항을 40년 동안 염원했고, 한국은 친체로 신공항 사업을 국내 기업의 해외공항 건설 기술력을 전 세계에 각인시켜 국제적인 건설 수주 경쟁력을 높일 수 있는 주요 무대로 삼았다.",POSITIVE
테크메이커는 박정호 부회장과 팀 회트게스 도이치텔레콤 회장이 SK텔레콤의 5G 기술과 도이치텔레콤의 사업 경쟁력을 기반으로 글로벌 기술 사업을 추진하는데 의기투합해 지난해 12월 설립한 기술 합작사다.,POSITIVE
도이치텔레콤은 뮌헨을 주도로 하는 동남부의 바이에른 주를 시작으로 테크메이커가 개발한 실내 5G 중계기 판매에 돌입했다.,POSITIVE
고객 필요에 따라 무상으로도 공급할 예정이다.‘실내 5G 중계기(Indoor Booster 5G)’테크메이커는 SK텔레콤과 도이치텔레콤의 최신 5G 기술을 융합해 중계기를 개발하는데 성공했다.,POSITIVE
"하인환 KB증권 연구원은 ""신규 지수 도입 이후 자금 유입 가능성을 봐야 하는데 연기금, 투신 등의 매수를 기대할 수 있다""면서 ""새로운 지수의 도입은 결국 코스닥 내 대형주 중심으로 구성될 가능성이 높다는 뜻""이라고 설명했다.",NEUTRAL
"하 연구원은 ""전환사채 발행의 대부분을 차지하는 바이오와 IT 업종의 리스크 해소에 주목하며, 자금조달 리스크가 덜한 대형주를 선호한다""고 말했다.",POSITIVE
"산업부는 과업 지시서에서 ""현재 해외 의존도가 높은 이차전지 원자재 및 소재·부품에 대한 공급망 현황을 조사하고 향후 수급 리스크에 대한 대응 방안을 마련할 필요가 있다""며 ""전기차·전기선박 등 이차전지 수요시장별 시장 규모와 성장률을 분석하고, 국내 이차전지 산업에 필요한 원자재 및 소재·부품의 수급체계를 조사해달라""고 밝혔다.",NEUTRAL
"산업부는 ""중국은 세계에서 유일하게 배터리 원자재 채굴부터 가공, 셀·모듈·팩 제조까지 모든 가치사슬을 보유하고 있다""며 ""중국발(發) 수출규제가 발생하면 글로벌 이차전지 후방산업이 영향을 받는다""고 진단했다.",NEUTRAL
"현재 남해화학은 요소를 수입한 뒤 이를 토대로 비료를 생산하고 있으며, 삼성정밀화학의 후신인 롯데정밀화학은 수입 요소로 요소수를 생산하고 있다.",NEUTRAL
"지난 8월 말 오픈한 아마존 글로벌 스토어에서 판매 순위가 높았던 제품과 그간 블랙프라이데이 세일에서 인기가 높았던 제품군을 선정해 5만여개 아마존 인기상품을 준비, 최대 50% 할인한다. 11번가 해외직구 카테고리 내 550만개 인기 상품까지 더했다.",NEUTRAL
"11번가 내 입점한 아이허브, 오플닷컴, 비타트라 등 글로벌 제휴몰과의 연계 할인도 진행한다.",NEUTRAL
"아이허브, 오플닷컴 영양제 등을 최대 70%까지 할인하며 그 외 CP컴퍼니 맨투맨 등 의류, 명품 브랜드 패션잡화, LG 75인치 TV, 어그 양털 슬리퍼, 일리 커피머신 등 직구 인기 아이템들을 할인가에 만날 수 있다.",NEUTRAL
"1분기에 금호산업이 보유했던 대한통운 주식을 계열사인 아시아나 항공에 매각하면서 투자자산처분이익이 발생했는데, 내부거래이익 386억원을 제거하는 과정에서 지분법손실이 발생했다.",NEUTRAL
"또한 SK지주회사 전환에 따른 SK C&C 지분 매각이 08.4Q에 이루어질 경우 매도가능증권 처분이익이 약 5,000억원대로 예상되어 현금배당 금액(추정 DPS 9,500원)이 상승(약 3,000원 수준)할 수 있음",NEUTRAL
그러나 금호산업(지분법관련 손실)과 금호타이어(외환관련 손실)으로부터 계상되는 일시적인 지분법평가손(-190억원) 반영으로 동사의 세전이익은 크게 감소하였다.,NEGATIVE
이는 (1)금호리조트 매각에 따른 유가증권처분익 174억 계상 (2)100%지분을 보유하고 있는 아시아나공항개발의 강남고속버스터미널 지분 5%매각에 따른 매각이익 200억원이 지분법이익으로 반영되었기 때문이다.,NEUTRAL
선박엔진의 주 수요처인 STX엔진의 Shaft 발주가 STX 조선의 선박 건조 증가와 함께 증가할 것이며 중국 등 풍력발전기 설치가 많은 지역에서 1.5~2.5MW 용량의 Main Shaft 발주가 늘어나고 있기 때문이다.,POSITIVE
KTF와의 합병 기대감으로 주가 움직일 전망 KT는 KTF와의 합병 기대감이 커지고 있는 상황임.,POSITIVE
"2009년부터 WCDMA 가입자가 크게 감소하며 마케팅 비용이 줄어들고, 투자 감소로 감가상각비가 줄어들며 본격적인 실적 개선이 진행될 전망 ▶ 실적보다 KT와의 합병 기대감으로 주가 움직일 전망 KTF는 KT와의 합병 기대감이 커지고 있는 상황임.",POSITIVE
"롯데쇼핑의 영업외부문에서는 롯데카드 지분법이익이 증가했고(비자카드 IPO 이익 반영), 대형마트 3개점포에 대해 Sales & Leaseback를 실시하면서 유형자산처분이익이 발생, 기존 추정치를 상회했다.",POSITIVE
"은행의 마진 하락 외에도 대투증권의 온라인 수수료 인하(업계 최저 0.015%), 신용카드 모집인 제도 도입 등 고객 확보를 위한 비용 증가가 당분간 불가피하다는 점에서 하나금융지주의 수익성이 좀처럼 개선되기는 어려울 전망이다.",NEGATIVE
"삼성테크윈의 본격적인 실적 개선은 하반기부터 1) 파워 사업부와 특수 사업부가 안정적인 캐쉬 카우 역할을 지속하고, 2) CCTV 사업은 최근 범죄와 테러 위험이 증가하면서 은행, 군용 등에서 가정, 학교, 자동차 등으로 수요가 급증하고 있다.",POSITIVE
"백화점 부문은 명품 소비의 증가와 소득 양극화의 심화로 인해 견조한 성장을 기대한다. 1분기 총매출액 2.7조원, 영업이익 2,052억원, 컨센서스 충족 롯데쇼핑의 1분기 총액매출과 영업이익은 각각 2.7조원(전년동기비 +11.2%)과 2,052억원(전년동기비 +11.8%)을 기록했다.",POSITIVE
"영업이익은 컨센서스를 3%정도 상회했는데, 영업이익률이 3.9%대로 높아진 할인점 부문과 롯데슈퍼가 급성정한 기타 사업부문이 이익 증가에 대한 기여도가 컸다.",POSITIVE
"2분기 이후 반도체 부문의 턴어라운드가 가시화됨에 따라, 하반기에는 주력 부문 모두 균형적 이익을 창출하는 포트폴리오 효과를 본격화할 전망이다.",POSITIVE
영업외부문에서는 한무쇼핑 실적 호전으로 지분법이익이 예상보다 증가하며 당사 추정치를 상회한 것으로 나타났다.,POSITIVE
현대산업개발은 자체사업을 제외한 공종의 매출 성장으로 인해 대신증권 1분기 추정치 및 시장 컨센서스를 상회하는 매출액을 시현한 반면 일회성 비용 등이 반영되면서 원가율이 상승하여 수익성은 저하되었다.,NEUTRAL
"케미칼 부문의 영업이익은 78.9% 증가한 195억원, 전자재료 부문의 영업이익은 355.9% 증가한 155억원, 패션 부문의 영업이익은 30.2% 증가한 207억원이었음. ▶",POSITIVE
"케미칼과 전자재료 부문이 돋보인 실적 국제유가가 전년동기대비 68% 상승하였음에도 케미칼 이익이 전년동기대비 증가하였는데, 케미칼의 가격 전가 능력을 다시 한번 확인하였다고 판단됨. 디스플레이 등 전방산업의 호조에 따른 수요 강세가 지속되어 전자재료의 영업이익이 증가하였음.",POSITIVE
"고가브랜드인 빈폴, FUBU 및 여성복 매출 성장세로 인해 패션부문의 영업이익이 30.2% 증가하였음.",POSITIVE
의약품부문의 성장 및 제품의 구조조정에 의한 정밀화학부문과 동물의약품 부문의 수익성 개선도 긍정적인 요소임.,POSITIVE
시장이 하나로텔레콤에 기대했던 SK텔레콤과의 시너지 효과는 초고속인터넷과 이동전화를 결합한 결합 상품을 6월에 출시하며 본격적으로 발생할 전망임.,POSITIVE
전자재료 부문의 실적 개선이 본격화되는 가운데 LCD 부품단가 인상이라는 예상밖의 호재로 제일모직의 추가 상승 가능성은 높아 보인다.,POSITIVE
또한 삼성정밀화학은 폴리실리콘 정제기술을 보유하고 있는 Tokuyama와 1995년부터 반도체 현상액 공장을 합작운영하고 있음.,NEUTRAL
포스코 등 철강업계의 강판가격 인상으로 인한 현대모비스의 신차모듈 마진 압박도 제한적이다.,NEUTRAL
"첫째, Valuation 측면에서 현대차 목표주가 88,000원을 산정할 때 적용한 2008년 PER 13.0배에서 20% 할인한 PER 10.4배를 현대모비스에 적용한 것이다.",NEUTRAL
"견실한 화장품 부문에 힘입은 안정적인 1분기 실적 아모레퍼시픽의 2008년 1분기 매출과 영업이익은 전년동기 대비 7.4%와 2.7% 성장하여 3,907억원과 1,005억원을 기록하였다.",POSITIVE
"대한해운의 세전이익이 부진한 이유는 1) 환율 상승에 따른 외환환산손실 400억원, 2) 단기매매 증권(STX, 한진해운) 평가손실이 158억원 발생했기 때문이다.",NEGATIVE
"에폭시, 수처리용 복합관 등 신규 사업이 본궤도에 진입하고 환율 효과에 따라 산업자재 등의 실적이 더욱 좋아질 것으로 기대되기 때문이다.",POSITIVE
태국 DTAC의 RBT 매출이 전년동기 대비 18% 증가한 45억원을 기록하며 유엔젤의 성장을 이끌었다.,POSITIVE
지속적인 구조조정으로 실적 Turn-Around 가속화 SKC와 코오롱은 4월 30일 폴리이미드 필름 합작사 설립을 발표하였다.,POSITIVE
SKC와 코오롱은 신규 설립되는 합작사(가칭 글로엠㈜)를 통해 과거 고전해왔던 적자사업을 분리시켜 세계 3위 생산규모를 갖추고 수익성 향상을 꾀할 예정이다.,POSITIVE
"그럼에도 불구하고 대한항공에 대한 투자의견을 유지하는 이유는 (1)우리나라 항공산업의 성장성은 여전히 유효하다고 판단되며 (2)하반기 북경올림픽 특수 및 VWP시행, FTA로 인한 한미 노선의 수요 증가가 예상되고 (3)수익성 악화를 보전하기 위해 3분기 중 공시요금 인상을 통한 판매요금 인상이 전망되기 때문이다.",POSITIVE
"항공운송사업부는 국제선 매출이 RPK가 2.1%(yoy)증가하고 Yield가 9.1%(원화기준,yoy)상승한데 힘입어 10.1%증가한 1.2조원을 기록하였으며, 화물은 RTK가 2.0%증가(yoy)하고 Yield가 무려 16.2%(원화기준,yoy)상승하여 매출액이 17.8%증가하였다.",POSITIVE
"모회사 및 통합한전의 매출액과 영업이익은 당사의 예상에 부합하였으나, 순이익은 당사 기대치를 상회하였다.",POSITIVE
"당기순이익이 예상을 상회한 이유는 지분법이익 및 원/달러환율 상승에 따른 파생상품이익증가(한전 +503억, 자회사 +2,200억)등의 영향으로 기타 영업외 수익이 1,497억원 증가하였기 때문이다.",POSITIVE
최근의 주가 상승은 전기요금 인상과 원료비 연동제에 대한 기대감의 반영일 뿐 최근 일주일간 한국전력의 주가는 기관의 매수세가 유입되며 KOSPI대비 8.8% 초과 상승을 시현하고 있다.,NEUTRAL
"지난해 3분기부터 예상치를 크게 하회했던 영업실적은 향후 E&P 사업에 대한 기대감도 낮추게 하면서 LG상사 주가가 07년 하반기 고점 36,900원에서 금년초 14,700원까지 하락한 주요인으로 작용했다.",NEGATIVE
"하반기로 갈수록 실질 영업이익 증가폭이확대될 수 있어 LG상사 기업가치 산정에 있어 영업부문 가치 추정을 상향했기 때문이며, 지금부터는 지난해 하반기와 반대로 실적 개선폭 확대와 함께 E&P 사업에 대한 기대감도 높아질 수 있기 때문이다.",POSITIVE
"2007년말 중공업 수주잔고는 1조 2천 억원으로 1분기 신규 수주액 4,100억원을 기록하는 등 수주증가가 지속되고 있어 동 부문이 2008년 효성의 주수익원 역할을 담당할 것으로 전망된다.",POSITIVE
"효성의 투자포인트는 1) 중공업 부문의 수주 호조로 인한 매출액과 영업이익 증가, 2) 환율 효과로 인한 산업자재 부문의 실적 턴어라운드, 3) 스판덱스 시황의 호조로 인한 섬유부문 실적개선 지속 등이다.",POSITIVE
"상승중인 원재료 가격 및 동력비 증가는 수익성 추가 향상에 부담으로 작용 효성의 산업자재, 화학 및 섬유부문의 주요 원재료인 PTA 및 카프로락탐은 2008년초 이후 각각 9.2%, 3.5%의 상승세를 기록하였다.",NEGATIVE
"두산의 순이익 적자는 지분법이익에 큰 영향을 주는 두산중공업이 지분법 평가 손실(358억원), 환차손(428억원) 등으로 387억원의 적자를 냈기 때문이다.",NEGATIVE
"1) ‘지식In’ 등 새로운 트래픽을 창출하는 신규서비스 등장이 지연되었고, 2) Naver의 시장점유율 상승도 제한되는 상황이기 때문이다.",NEGATIVE
반도체 장비용 피팅 사업 부문의 분리로 매출 성장률이 낮은 것처럼 보여진다. 하지만 반도체 장비용 피팅 사업은 태광의 100% 자회사로서 지분법평가이익으로 반영되어 EPS증가율 비교는 정상 참작이 가능하다.,NEUTRAL
"1Q는 굴삭기에 의한 영업실적 크게 개선, 2Q는 공작기계, 굴삭기의 쌍끌이 효과 기대 두산인프라코어의 1분기 영업실적은 매출액이 전년 동기 대비 18.8% 증가한 10,823억원, 영업이익은 62.9% 증가한 1,299억원, 순이익은 13.5% 증가한 598억원으로 예상된다.",POSITIVE
"2008년 2분기 중으로 프린터 부품(전사벨트) 및 디스플레이 필름(반사시트용 필름)의 일부 초도 물량이 공급될 것으로 분석되며, 당사가 추정한 신제품군의 매출(123억원)을 상회할 가능성이 높다고 판단된다.",POSITIVE
네패스는 반도체 후공정 전문 업체로 주요 사업은 반도체와 Chemical 부문으로 나누어진다.,NEUTRAL
"반도체부문은 가동율에 따 른 수익성 변화가 일어나는 업체로 LDI(LCD용 Driver IC), CIS(휴대폰용 카메라 모듈 센서), RF/DMB Chip (휴대폰 또 는 네트워크 반도체) 등 다양한 반도체의 후공정을 진행하고 있다.",NEUTRAL
"상장 이후 SSCP의 기술력과 고객 대응력의 도약, 글로벌 전자 업체로의 매출 다각화, 전자재료 부문으로의 성공적 진출 등을 고려할 때 현 주가는 실적 악화를 이미 반영한 수준으로 판단된다.",POSITIVE
"소재식품에서 가격인상에 의한 매출(이익) 증가, 제약사업의 호조, 판관비의 적절한 통제 때문이다.",POSITIVE
"08년 매출액 40%, 영업이익 10배 이상 증가 전망 대주전자재료는 08년 기존 사업 부문의 뚜렷한 턴어라운드가 기대된다.",POSITIVE
삼성전기의 MLCC 부문 실적 개선과 대만 칩부품 시장의 확대로 도전성 페이스트의 매출액도 빠르게 증가하고 있다.,POSITIVE
이중 PDP용 전극재료와 형광체 재료는 최종 테스트 단계에 있어 하반기부터 매출 발생이 가능해 보인다.,POSITIVE
"2008년 2분기를 기대하자 원/달러 환율이 변수가 되고 있으나, GS홀딩스의 2008년 2분기 매출액은 1,223억원, 순이익은 1,024억원이 될 것으로 전망됨. 이렇게 2008년 1분기대비 이익이 큰 폭으로 상승 반전할 것으로 예상되는 이유는 주요 자회사인 GS칼텍스의 이익이 고도화시설 및 화학부문 증설로 증가할 것으로 예상되기 때문임.",POSITIVE
"케이아이씨의 순이익이 크게 증가한 이유는 자회사 삼양감속기의 지분법 평가이익이 크게 증가하였고, 신한이엔씨의 지분법 평가이익이 새롭게 반영되었기 때문이다.",POSITIVE
플랜트 전문 기업으로 도약 → 합병 시너지 증가 기대 케이아이씨는 신한이엔씨와의 합병으로 플랜트 전문 기업으로 거듭날 것이다.,POSITIVE
자산관리영업의 성장세 둔화되었으나 향후 회복 기대 삼성증권은 업계에서 가장 먼저 자산관리영업을 강화함에 따라 주식을 제외한 자산관리만으로도 지점의 고정비가 충당될 수 있는 안정적인 수익구조의 확보로 이어졌다.,POSITIVE
그런데 삼성증권의 고객예탁자산이 2분기 연속 소폭 감소되는 모습을 보이고 있어 지난해 말부터 진행되어온 삼성그룹 관련 차명계좌 사태가 삼성증권이 집중하고 있는 고액고객(자산 1억원 이상보유 개인고객)의 신규유입 둔화에 영향을 주고 있는 것으로 추정된다.,NEGATIVE
인탑스에 대한 투자 포인트는 다음과 같다. 1) 삼성전자 핸드셋 판매 수량 증가의 최대 수혜주이다.,POSITIVE
"인탑스는 삼성전자의 3개 해외 생산처(중국, 브라질, 인도) 중 중국 천진과 인도 구루가온에 함께 지출하였다.",NEUTRAL
현재 Apple향 노트북 패널에 우리이티아이의 LED모듈의 채용을 위해 qual 프로세스를 진행중이며 2분기 중에는 결론에 이를 수 있을 것으로 전망하고 있음.,NEUTRAL
"한라공조 1분기 실적 호전 요인은 1) 현대차 국내외 생산의 두드러진 증가에 따른 매출 Volume 증가, 2) 환율 상승에 따른 수익성 개선, 3) 해외공장 실적 호전에 따른 지분법평가이익 증가 등이다.",POSITIVE
한라공조의 영업이익과 세전이익은 2004년 2분기 이후 가장 높은 수준으로서 현대차와 동반한 실적 악화 이후 뚜렷한 개선세를 보여주었다. ‘System Supplier’로 성장할 수 있는 잠재력 보유 현대차 그룹 국내외 공조시스템 공급을 주도하고 있고 핵심부품인 컴프레서를 자체 기술로 생산하고 있다.,POSITIVE
그러나 일반보험 손해율은 큰 폭으로 증가하여 LIG손해보험의 이익의 개선 폭을 둔화 시켰는데 이는 LG화학 관련 화재사고로 139억원이 반영되었기 때문이다.,NEGATIVE
"Aker Yards에 대한 가치도 지분법 평가만 반영하였으나, STX그룹의 인수 확정으로 주식시장에서 거래되는 적정한 가치를 반영하는 것이 바람직하다고 판단된다.",NEUTRAL
"1분기 실적 부진에도 불구하고 아모텍 투자의견 ‘매수’를 유지하는 것은 1) 주가 하락으로 현재주가 대비 상승 여력이 37.9%에 달하고, 2) 2분기 이후 칩바리스터와 블루투스 안테나 판매 증가로 꾸준한 실적 개선이 기대되며, 3) 엔화 강세로 동사의 주력 제품인 칩바리스터의 가격 경쟁력이 증가하고 있기 때문이다.",POSITIVE
"③ 또한 구조조정에 따른 성장 정체가 천연 액상 조미료인 ‘국선생, 맛선생’ 등 신제품의 매출 호조와 자회사인 대상F&F의 실적 호전으로 인해 2분기 이후 해소될 것으로 전망된다.",POSITIVE
"오리온 주가의 Key driver는 국내 제과 수익성, 해외 부문의 영업 실적, 스포츠토토의 실적 지속성 등인데 2008년 1분기 실적이 이 3가지를 모두 충족시켰으며 2분기 이후에도 주요 자회사의 어닝 서프라이즈가 기대된다.",POSITIVE
② 지분법 이익 증가로 당기순이익 26.5% 증가 : 해외 법인의 실적 호전과 스포츠토토의 사상 최대 실적으로 오리온의 1분기 당기순이익은 전년 동기 대비 26.5% 증가한 240억원을 기록하였다.,POSITIVE
비록 이익의 증가 폭이 둔화되었지만 FY06 4분기는 LG카드 매각이익이 일시에 반영되었던 점을 감안하면 이번 분기는 삼성화재가 양호한 이익을 시현했다고 판단한다.,NEUTRAL
"런던, 에딘버러 등에서 만난 10여개 유럽지역 기관투자가는 대부분 국내 제약업과 동아제약에 대해 자세히 모르는 편이라 소개하는데 많은 비중을 두었다.",NEUTRAL
"반면 미국 뉴욕과 보스톤에서 만난 펀드매니저나 애널리스트들은 대체로 한국 제약업에 대해서 잘 알고 있었고, 그 중 상당수는 이미 동아제약을 방문했거나 관계자를 만난 적도 있어 최신 동향을 업데이트 하는데 많은 시간을 할애했다.",NEUTRAL
"환율, 국제유가 등 대외변수에 큰 영향을 받지 않는 내수산업이면서 성장성도 좋은 편인 한국 제약업과 최대 제약사인 동아제약에 대한 관심이 많았던 것으로 판단된다.",POSITIVE
국내 HSDPA Service Provider 구도는? SKT와 KTF의 양강 구도 국내 3G 시장은 SKT와 KTF의 양강 경쟁 구도이다.,NEUTRAL
3G로 전환되어 가는 과정에서 경쟁 환경상의 구도 변화 가능성은? SKT는 이동 통신 시장에서 50.5%이상의 가입자 점유율을 유지한다는 전략을 취하고 있다.,NEUTRAL
"주력 사업 분야인 온라인 중고등 교육, 특히 중등 교육 부문은 연간 50%로 고성장할 전망이다.",POSITIVE
여기에 신사업의 성장이 더해지면 메가스터디는 적어도 5년 이상은 성장이 지속될 것으로 본다.,POSITIVE
"에스원의 어닝모멘텀이 확대될 것으로 추정하는 이유는 1) 2008년 영업환경 개선이 예상되고, 2) 해약률, 신규계약건수, ARPU 등 주요 영업관련 지표가 개선될 것으로 추정되며, 3) 서초동 삼성타운 관련 매출이 발생할 것으로 전망되기 때문이다.",POSITIVE
"특히 LG화학 석유화학부문 매출액의 약 53%를 차지하고 있는 합성고무, PVC, ABS 등이 호조를 보이고 있기 때문이다.",POSITIVE
"하반기 영업실적의 최대 변수는 추가적인 국내 강관제품 단가 인상 폭과 성공 여부 향후 휴스틸 영업실적의 최대 변수는 추가적으로 국내 강관제품단가를 얼마나 인상하여, 성공할 것인가에 달려 있다.",NEUTRAL
최근 주성엔지니어링은 한국철강 납품 장비의 효율을 6.5% 이상 달성하여 추가 수주의 가능성이 높아졌다.,POSITIVE
"그 이유는 CCFI는 글로벌 선사의 주력 서비스 항로 이외의 항로운임을 복합적으로 반영하고 있으며, HRCI는 현재 글로벌 선사들의 주력 선형인 4,500TEU급 이상이 지수에서 차지하는 비율이 3%에 불과하기 때문이다.",NEUTRAL
남부회장은 M&A 관심 대상으로 태양전지 사업에 대해 검토 중이라고 밝혔으며 GE 가전사업부에 대해서도 관심을 갖고 모니터링하고 있다고 밝혔다.,NEUTRAL
LG전자에서는 이미 인수준비를 위한 M&A 전담팀이 결성되었으며 영입된 M&A 전문가는 가전부문에 배치되어 활동하고 있는 것으로 알려졌다.,NEUTRAL
"둘째, 도시 재정비 지역으로 지정된 인천공장과 인근 지역 지가 상승 중인 온산공장의 부동산 가치는 매력적이다.",POSITIVE
"그러나, 매각금액이 최종적으로 확정되지 않고, 지분양도에 따른 당사자가 CJ 이외에 CJ개발(11.05%), 이재현(2.95%)으로 구성되어 있어 동사로 유입되는 금액의 변동가능성도 있으므로 Valuation에 미치는 영향은 아직 확정적이지 않다.",NEUTRAL
"인수가액은 8,000억원 정도로 추정되고 순자산이 360억(07. 3월말 기준)이며, CJ투자증권이 91.8%의 지분을 보유하고 있는 CJ자산운용도 함께 매각될 것으로 알려졌다.",NEUTRAL
"우리이티아이의 매출 중 약 17% 수준이 자회사인 뉴옵틱스에 판매되고 있으며, 뉴옵틱스의 BLU 판매량 증가는 우리이티아이의 매출 성장에도 기여하리라 추정된다.",POSITIVE
"Re-rating을 향한 방아쇠가 당겨진 것으로 판단 과거 내수 대표기업들의 re-rating은 1) 실적 호조를 바탕으로 2) 신사업을 통해 산업 성장을 견인하는 경우(신세계, NHN 등), 3) 산업내 고부가가치 기업으로의 변신(LG생활건강, 하이트맥주 등)하는 경우에 re-rating이 진행되었다.",POSITIVE
기존 사업인 진동모터와 OA부품(Developer Roller)의 출하량 증가로 자화전자의 2008년 매출 및 이익 증가에 기여할 것으로 전망된다.,POSITIVE
"이미 LG, SK, GS 등의 지주사로 전환된 그룹사들의 경우, 지주회사 산하의 브랜드 관리 위원회를 통한 그룹 통합 마케팅 전략 수립 및 관리가 일반적이다.",NEUTRAL
"이런 점에 근거해 보건데, 삼성 브랜드 관리 위원회의 설립은 삼성 그룹 쇄신안의 큰 틀에서 본다면 그 가능성이 높다고 판단된다.",NEUTRAL
"첫째, 해외 마케팅 전략에서 삼성전자와 삼성테크윈, 삼성전기의 계열사 구분없이 ‘SAMSUNG’이라는 통합 브랜드 아래 모든 영업과 마케팅이 일원화 될 전망이다.",NEUTRAL
4조원으로 추산되는 삼성전자의 연간 마케팅 비용을 근간으로 기타 계열사의 해외 부문 마케팅 비용이 해당 위원회로 집중될 경우 해당 위원회를 통해 편성 및 집행될 예산의 규모는 수 조원 규모가 될 전망이다.,NEUTRAL
"SK 지주사 요건 충족을 위해 자회사가 출자관계가 있는 SK해운, SK증권, SKC&C의 지분을 해소해야한다.",NEUTRAL
"유가, 환율 등 외부 변수 변화와 무관한 대형주 Google이 우려와는 달리 어닝 서프라이즈를 기록하는 등 글로벌 온라인광고 시장의 견실한 성장세가 1분기에도 지속되었다.",POSITIVE
"디스플레이광고는 브랜딩이미지 등 리치미디어광고 비중 상승, 기업 광고주 증가 등 펀더멘털 개선에다 북경올림픽, 줄어든 연휴 등 긍정적인 계절성이 반영될 것이다. ‘매수’ 투자의견과 목표주가 338,000원 유지 NHN 주가의 중기 저점은 2분기 실적 발표를 앞둔 6월로 판단된다.",POSITIVE
"실적 개선을 고려하여 삼성테크윈 08년 영업이익과 순이익을 각각 2.4%, 9.4% 상향 조정한다<표2 참조>. 2분기 디카 사업부문 흑자 전환. 1분기 대비 239억원 증가 효과 발생 1분기 부진했던 디지털 카메라 사업의 실적 개선이 진행되고 있다.",POSITIVE
디카 사업 실적 개선의 원인은 ① 삼성전자와의 시너지 효과가 본격화되고 있기 때문이다.,POSITIVE
"FY07년 급락한 장기보험 신계약 성장률 반영과 자동차 보험료 인상효과 희석으로 장기보험과 자동차 보험은 각각 10.2%, 6.6% 성장할 것으로 전망된다.",POSITIVE
삼성화재의 4월 장기보험 신계약은 13.9십억원으로 전년동월대비 21.9% 증가했는데 FY07년 신계약 증가율이 1.1%에 불과했던 것을 감안할 때 '08년이후 나타나고 있는 높은 신계약 증가율은 매우 긍정적으로 평가된다.,POSITIVE
"FY07년에 급락한 장기보험 신계약 성장률 반영과 자동차 보험료 인상효과 희석으로 장기보험과 자동차보험은 각각10.1%, 7.6%성장할 것으로 전망된다.",POSITIVE
특히 올해 하반기부터 상업적 양산이 가능할 것으로 전망되는 태양광사업 Process의 내부화로 LG의 기업가치는 올 하반기에 더욱 주목받을 것으로 예상된다.,POSITIVE
DRAM 2분기 흑자전환 시작에 불과 하이닉스 실적호전의 요인은 DRAM 경기의 회복임.,POSITIVE
그러나 DRAM 경기의 V자 회복이 예상됨에 따라 하이닉스의 진가가 발휘될 때가 온 것으로 보임 ▶,POSITIVE
"검색광고는 5월, 6월의 긴 연휴가 부정적이지만 Google의 영업력 강화로 견조한 성장이 기대된다.",POSITIVE
이미 LG디스플레이에 납품하고 있던 LG화학의 생산 라인을 인수했고 삼성전자는 해당 CCFL 업체들과 07년부터 테스트를 진행해 왔기 때문이다.,NEUTRAL
"최근에 LG전자 방문 결과, 2008년 2분기의 휴대폰 영업이익률(연결)이 당사 전망치대비 0.3%p 증가한 13.9%로 추정되고 있어, 2분기 전체 영업이익(연결)을 8,207억원으로 종전대비 7.7% 상향하였다.",POSITIVE
G마켓과 인터파크는 고유가를 이길 수 있는 경기방어주 G마켓과 인터파크는 유가 상승 등 외부 악재에 둔감한 실적 호전이 예상된다.,POSITIVE
하반기 메모리 경기 상승 국면에서 글로벌 선발 메모리 업체들의 전반적인 Valuation Re-rating을 예상한다.,POSITIVE
"글로벌 최상위 업체인 삼성전자의 경우 PBR 2.5배, 글로벌 2위권 메모리 업체인 하이닉스, 엘피다 등의 경우0 PBR 2.0배 수준으로의 Re-rating을 예상한다. 2분기 영업적자 큰 폭의 감소, 연간 영업이익 흑자 예상 2Q08 예상 실적은 연결 기준 매출액 1.91조원, 영업적자 1,270억원으로 큰 폭의 감소를 예상한다.",POSITIVE
"삼성전자의 100% 이상 bit growth 계획, 우시 공장 정전 등 부정적 변수에도 불구하고, 하반기 메모리 경기 회복과 하이닉스의 생존이라는 큰 그림에는 변함이 없다.",POSITIVE
"당초 예상과 달리 혈액제제 수익성 방어 가능할 전망 혈장 수급난과 도입단가 상승으로 혈액제제의 수익성에 대한 우려가 컸으나 알부민 보험약가 인상(6.7%), IV글로블린 수출단가 상승(국제가격 85% 상승), 원료(혈장) 수입선 다변화 등에 힘입어 수익성 방어가 가능할 전망이다.",POSITIVE
빙과류의 실적 개선에 주목해야 ... 롯데삼강의 영업실적은 2분기부터 확연히 좋아지는 모습을 보일 전망이다.,POSITIVE
꼬였던 실타래 2007년 매출액 급감 넥스턴은 공장 이전작업 지연과 환율 약세로 인한 내수시장 수입품 대체로 인해 매출액이 전년대비 급감했다.,NEGATIVE
"넥스턴은 공장 이전 완료에 따른 생산 정상화, 환율 강세로 인한 내수시장 회복, 주물 파동 종료에 따른 수주 활동 본격화 및 외국인 매도 완료 등 꼬였던 실타래가 풀리고 있다.",POSITIVE
지난 9일 삼성전자는 2010년 양산을 목표로 박막형 태양전지 연구 개발을 추진 중이라고 밝혔다.,NEUTRAL
"09년 안정적 성장 전망, 2차전지, 유기재료 등의 잠재력은 업사이드 포텐셜 테크노세미켐의 09년 매출액과 영업이익은 각각 전년대비 24%, 7% 성장이 예상된다.",POSITIVE
"2Q08 영업이익 YoY 47% 증가한 653억원 예상, 주력인 PVC, 가성소다 호조 지속 한화석화의 2분기 영업이익은 전년 동기 대비 47% 증가한 653억원을 기록할 전망이다.",POSITIVE
"제한적인 공급, 수요 증가로 인해 한화석화의 주력 제품인 PVC, 가성소다의 시황 호조가 중장기적으로 지속될 가능성이 크다.",POSITIVE
프롬써어티의 노어플래시 용 tester From3200의 경우 1차 81억원의 수주를 받은 3개월 후에 98억원의 repeat order를 받은 바 있음.,POSITIVE
현재 대신증권은 한국가스공사의 기존 가스전 가치를 미래 배당수익의 현재가치를 합산하는 방식으로 Valuation에 반영하고 있다.,NEUTRAL
"최근 유가 상승으로 카타르 가스전으로부터의 배당수익이 증가할 것으로 예상되며, 2009년부터 생산이 개시되는 예멘 가스전의 가치도 크게 증가할 것으로 전망된다.",POSITIVE
"오리온의 지분률 63.2% 고려시 스포츠토토가 오리온의 기업 가치에 기여하는 금액은 3,400억원~5,350억원의 밴드에서 형성된다고 추정된다.",NEUTRAL
밴드 하단은 스포츠토토의 실질적 계약 만료 시점인 2014년까지(재계약 시점은 2012년 10월이나 그 후로 2년 더 영업 가능) DCF로 가치를 산정했을 때의 금액이며 밴드 상단은 스포츠토토를 지속 가능 비즈니스 즉 오리온이 스포츠토토와의 재계약을 성사했을 때의 기업 가치이다.,NEUTRAL
"이렇게 세아제강의 실적이 호전되는 이유는 1) 2월부터 인상된 제품가격이 2분기에는 전부 반영되기 때문이며, 2)적자를 보였던 스테인레스강관과 강판류(아연도+컬러강판)부문에서 3월부터 흑자를 보이기 시작했고, 3)제품 판매량도 국내외 제품단가 상승과 성수기 진입 등으로 증가세를 보이기 때문이다.",POSITIVE
LG마이크론은 PDP 부품 사업 정리에 따른 일회성 비용(약 260억원)이 2분기에 반영될 전망이다.,NEGATIVE
나머지 지분은 브라질의 Engineering Co.인 Camargo Correa와 Queiroz Galvao가 각각 40%의 지분을 보유 하고 있다.,NEUTRAL
"LG이노텍 3분기 영업이익이 예상치를 하회화는 배경으로서 1) 해외전략 고객 신모델용 카메라모듈이 공정상의 병목 현상으로 인해 출하가 지연됐고, 2) HDI 등 국내 주고객향 스마트폰 부품이 고전하고 있으며, 3) 원화 강세와 함께 환율 여건이 부정적으로 조성됐기 때문이다.",NEGATIVE
"이러한 매력에도 가장 큰 성장 동력이었던 중국 법인의 성장성이 둔화되고 있고, 과거 3년과 달리 환율 환경도 부정적으로 변화되어 있다는 점이 주가 상승을 제약하고 있다.",NEGATIVE
"올리브네트웍스는 신주 발행으로 인해, CJ의 지분율이 기존 76.1%에서 55.0%로 하락하며 이선호 외 특수관계인 지분율은 이선호 15.7%(기존 15.8%), 이경후 5.4%(기존 4.5%), 이재환 20.5%(기존 올리브네트웍스 지분없음)으로 상승한다.",NEUTRAL
"상신브레이크는 외형 성장에 비해 이익률은 크게 하락했는데, 중국 무석법인의 수입 원재료비 상승에 따른 이익률 하락(무석법인 순이익 기준으로 적전)과 국내 본사에서 임원 퇴직급여 지급계수 상향에 따른 일시적인 인건비 증가(상반기 약 28억원 규모) 등 때문이다.",NEGATIVE
"2) 3Q16 매출 QoQ (-) 요인은 ① 뮤오리진 국내 매출 감소 전망(매출순위는 유지되고 있으나 매출은 감소 추이), ② 전민기적 중국 로열티 매출 감소 전망, ③ R2, 샷온라인, 메틴2 등 주요 PC게임 대부분 3Q16은 비수기로서 감소 전망 등이 있다.",NEGATIVE
수리온 납품 중단에 따른 불확실성이 해소되기 전까지 보수적인 접근 권고: 수주잔고 내 수리온 헬기는 얼마 남지 않아 한국항공우주의 실적에 미칠 영향은 제한적일 것이다.,NEUTRAL
"현대위아는 외형 감소에 따른 고정비 부담 상승과 고마진 엔진부품 수출의 감소로 Mix 악화, 신 공장 초기의 적자 등으로 영업이익률은 4.3%(-2.0%p (YoY))로 하락할 것이다.",NEGATIVE
"목표주가 산정을 위해 새롭게 Sum of the Parts Valuation 방식을 적용했는데, 영업가치 21.7조원(단순모듈/핵심부품/AS 부문에 대한 적정 Multiple을 각각 6배/12배/10배 적용)와 지분/현금가치 8.9조원(현재가치 대비 25% 할인)을 합산한 30.7조원을 적정 시가총액으로 평가했다.",NEUTRAL
"완성차의 파업이 예상보다 길면서 국내 공장에서 단순모듈/핵심부품 모두 부정적인 물량 효과가 예상되고, AS 부문에서는 파업에 따른 수출 선적 지연과 달러 약세로 인한 부정적 환율 영향이 예상된다.",NEGATIVE
3Q16 모바일게임 매출은 캐주얼 장르는 전분기 대비 소폭 감소하고 코어 장르는 열혈전기 중국 로열티 매출 중심으로 전분기 대비 대폭 감소할 것으로 전망한다.,NEGATIVE
"연간 기준으로는 작년 급격히 악화된 후 올해는 [애니팡 포커], [애니팡 3] 빅히트로 작년과 비슷한 수준으로 방어된 후 이들 게임 매출이 연간 Fully 반영되는 내년에는 큰 폭의 개선세가 시현될 것으로 전망한다.",POSITIVE
"지난 주 제기된 보쉬(Bosch)로부터의 특허침해 피소는 불확실성 요인이지만, 기술적 검토에 대한 만도 측의 자신감과 해당 지역/제품 매출 비중이 3% 이내라는 점 등을 고려할 때 그 강도는 우려보다 제한적일 것으로 판단한다.",NEUTRAL
"보쉬의 소송 제기는 향후 수주 경쟁에서 만도의 참여 의사와 수주 경쟁력을 약화시킬 의도인 것으로 보이는데, 만도의 글로벌 경쟁력이 향상된 상황에서 이러한 견제는 많아질 수 밖에 없다는 판단이다.",NEUTRAL
"비에이치아이에 대해 PER 배수를 다소 높게 준 이유는 1)경쟁 기업의 감소로 수주 마진이 개선되고 있으며, 2)LNG는 미래의 연료로 부각되고 있어 HRSG 수요는 해마다 늘어날 것으로 기대되고 있기 때문이다.",POSITIVE
"이는 1) 전분기 대비 환율 하락에 따른 영업이익에 대한 부정적인 영향가운데, 2) 1M lagging 정제마진의 하락(2Q16 $9.8/bbl → 3Q16 $5.4/bbl)과 유가 하락(9월 평균 유가, 6월 평균 대비 $2.9 하락)에 따른 재고평가손실 발생 등으로 인한 정유 부문의 실적 부진 등에 기인한 것이다.",NEGATIVE
실리콘웍스 실적 악화의 주요 원인은 상대적으로 수익성이 높은 아이패드향 D-IC와 모바일향 TDDI 공급량이 세트 수요 둔화로 인해 큰 폭으로 감소하며 제품 믹스가 악화되었기 때문이다.,NEGATIVE
"삼성전자3분기 잠정 실적은 매출 49조원, 영업이익 7.8조원으로 IBK 추정치(매출 50조원, 영업이익 7.1조원) 대비 매출은 기대 이하였으나, 영업이익은 기대 이상을 기록했다.",NEUTRAL
단기 실적 영향은 불가피 갤럭시노트 시리즈는 평균 누적 판매량 3천만대 이상의 전략 스마트폰으로 금번 생산중단을 통한 삼성전자 IM사업부의 단기 실적 하락은 불가피할 전망이다.,NEGATIVE
"목표주가 하향, 그러나 낙폭 과대 구간 주고객사 하반기 신제품 효과에 따른 기대감이 사라지고, 실적 성장세가 둔화되어 아모텍 목표주가를 23,000원(17년 예상 EPS 기준 9배로 추정)으로 하향한다.",NEGATIVE
"판매 중단에 따른 영업이익 감소, 총 3.3조원 예상 갤럭시노트7 판매 중단에 따른 삼성전자 영업이익 감소 폭은 4Q16 6,800억원, 2017년 2조 6,335억원이 될 것으로 추정된다.",NEGATIVE
소비재 특성상 손실 규모의 합리적인 추정이 어렵지만 치약 매출 비중이 연간 1% 내외임을 감안해볼 때 펀더멘탈요인을 훼손할 수준의 이익 추정치 하향은 가능성이 높지 않다고 판단된다.,NEUTRAL
"다만, 영업외적으로 인도와 터키 법인 부진과 신규 진출 말레이시아/멕시코 법인 초기 영업손실이 지속되면서 지분법 손실(62억원 추정, YoY -17억원) 규모가 증가하는 점은 아쉬움이다.",NEGATIVE
"공중파 시청률 하락과 T커머스 확대 등으로 TV채널의 감소폭이 예상보다 컸고, 무수익 취급고 축소 정책 등으로 모바일 성장률까지 둔화되면서 외형성장률의 회복은 예상보다 늦어졌다.",NEGATIVE
"글로벌 항공기 제조 과점업체인 보잉(수주잔고 5,612기, 연간 생산 대수 750기)과 에어버스(수주잔고 6,749기, 연간 생산 대수 635기)는 현재 생산량 기준각각 7.5년, 10.6년의 수주잔고가 적체됐다.",NEUTRAL
"3분기 특수강 출하량 42.4만톤(-5.8% YoY), 평균판매단가 80.4만원(-8.8%) 예상3분기 주요 고객사의 파업 영향으로 특수강 출하량은 전년 동기 대비 5.8% 줄어든 42.2만톤을 기록할 전망이다.",NEGATIVE
"세계 TDI는 연초 MCNS/Vencorex의 총 24만톤 설비 폐쇄/라인 전환 이후 수급 타이트로 전환되었고, 최근 독일 지역 신규 플랜트의 생산 차질로 역내/외 지역 모두 극도의 공급 차질 현상이 지속되고 있다.",NEGATIVE
지난 5월 여수 공장 포스겐 누출 이후 신규 독일 공장에서도 포스겐 누출 및 폭발(10/17일) 등 크고(작은) 사고 등이 이어지고 있기 때문이다.,NEGATIVE
지난 해까지 일본 조선소들은 엔화 약세의 수혜로 수주량을 공격적으로 늘려왔지만 엔화가 다시 강세로 전환되면서 일본의 수주량은 급격히 감소되는 모습을 보이고 있다.,NEGATIVE
"목표주가 10만원으로 하향, 중국에 대한 꾸준한 관찰 필요: 3Q16 실적에 반영될 것으로 예상 되는 과징금을 포함해 국내 가치를 하향했고 중국 역시 실적 추정 및 Target PSR 하향을 반영했다.",NEGATIVE
"아쉬운 점은 면세점과 방판 매출 성장이 전년 동기대비 둔화되었는데, 일시적 요인이 아닐 수 있어 기대치는 다소 낮추고 가는 것이 바람직할 것으로 판단된다.",NEGATIVE
"LG생활건강의 성장의 핵심을 구성해온 면세 채널 매출액은 당 분기에도 +79.1% YoY 증가해 전체 면세시장 매출 성장률(+60.5% YoY)을 상회하였으나, 당사 기존 추정치 대비로는 4.7% 낮은 수치였다.",NEUTRAL
이는 1) 중국법인의 회계기준을 국제회계기준으로 변경함에 따라 유형자산의 잔여잔존가치를 상각처리하면서 약 210억원 가량의 비용이 발생하였고 2) 환율하락에 따라 중공업부문에서 약 100억원 가량의 손실이 인식되었으며 3) 중국 G20정상회담에 따른 조업중단 영향으로 원재료 가격은 상승하였으나 연휴로 인해 판매는 부진했기 때문이다.,NEGATIVE
"매출액 증감률에 비해 영업이익 감소폭이 컸는데 이는 1) 국내공장에서 파업에 따른 생산차질로 가동률이 저하되면서 고정비 부담이 높아졌고, 2) 금융부문 수익성이 악화되었으며, 3) 판관비에서는 마케팅비(판촉 경쟁 심화), 경상연구비(신차 및 친환경차 관련) 등이 증가했기 때문이다.",NEGATIVE
17년 상반기까지 부진 지속 전망: 2Q17까지 현대차의 실적은 내수 및 북미 지역 수요둔화와 그로 인한 경쟁 강도 상승으로 인해 부진이 지속될 것으로 전망한다.,NEGATIVE
"4분기 영업이익은 최근 유가 반등에도 미얀마 가스전 이익 개선이 제한적이며, 암바토비 광구 추가 손실 가능성이 높아 전년대비 4.0% 감소한 800억원이 예상된다.",NEGATIVE
4Q16 영업실적 개선에 대한 기대치는 다소 낮춰야….올해 들어 3개 분기 연속 확대되었던 POSCO의 탄소강 스프레드가 4Q16에는 원재료가격 급등의 영향으로 축소될 전망이다.,NEGATIVE
"2017년 LCD패널의 수급 상황은 SDC의 7세대 공장스크랩을 반영하더라고 올해와 비슷한 수준으로 예상되며, 키움증권의 우려와 같이 BOE 10.5세대 양산이 앞당겨질 경우 공급 과잉 국면에 재진입 할 것이다.",NEUTRAL
먼저 매출액의 전년동기 대비 하회 요인으로는 1)비우호적인 환율환경과 2)국내공장 파업으로 인한 내수시장 판매급감(YoY -11%) 3)신흥국 시장 부진 등이 있었던 것으로 해석된다.,NEGATIVE
내년을 준비하자 동사에게 가장 큰 고객인 삼성전자 스마트폰이 갤럭시노트7 단종으로 인해 부진한 실적이 예상되는 만큼 동사의 4분기 실적도 기대에 미치지 못할 전망이다.,NEGATIVE
"주요인은 1) Genesis 프리미엄 브랜드(G80/G90)의 미국 출시 지연, 2) Canvas Worldwide의 미 확정 매출총이익 인식 지연 및 인력 채용 완료에 따른 적자전환, 3) 중국법인은 매체대행 정산방식 변경으로 적자전환 영향이 컸다.",NEGATIVE
"2H16 실적모멘텀 하향세, 중기적 增益 구도는 가능 전망 기아차는 국내공장 조업차질, 해외시장 인센티브 상승 등 마진감소 영향, 신차효과 감소 등으로 인해 2016년 하반기 실적모멘텀이 상반기에 비해 약화될 전망이다.",NEGATIVE
"3Q 실적 부진, 매출 정체/자회사 적자가 실적 개선의 걸림돌 SKT는 2016년 3분기에 연결 영업이익 4,243억원(-14% YoY, +4% QoQ), 순이익 3,251억원(-15% YoY, +12% QoQ)으로 전년동기비 큰 폭의 이익 감소를 기록하였다.",NEGATIVE
"이미 SK플래닛 적자 폭 확대에 대한 우려는 주가에 충분히 반영된 반면 통신 부문의 꾸준한 이익 성장 추세, SK플래닛 적자 폭 축소 및 외자유치 가능성, 연결기준 2017년 흑자 전환 가능성에 대한 주가 반영은 미미한 상황이다.",POSITIVE
"3분기 부진의 원인은 완성차 파업에 따른 국내 가동률 하락과 중국 사업의 부진, 그리고 신 공장 초기 적자 등이다.",NEGATIVE
"가동률 하락에 따른 고정비 부담 상승과 고마진 엔진부품 CKD의 감소로 Mix 악화, 그리고 신 공장의 초기 적자 등으로 영업이익률은 4.0%(-2.3%p (YoY))로 하락했다.",NEGATIVE
"주 고객군인 자동차 부품 가공 설비 수요가 정체되어 있고, 한국/중국에서 가격 경쟁도 심화 중이어서 당분간 현재의 부정적 환경이 이어질 것으로 보고 있다.",NEGATIVE
"다만, 아직까지 중국 시장 내 규제와 관련하여 불확실성이 지속되고 있고, 이로 인해 상대적으로 수익성이 높은 원형전지의 공급량 확대가 나타나지 않고 있으며, 최근에는 주요 원재료의 가격이 상승된 것으로 파악되어 소형전지 부문에서의 불확실성은 당분간 지속될 것으로 판단한다.",NEGATIVE
"현재 삼성SDI 주가는 갤럭시 노트7 단종, 중국 전기차 배터리 정책 규제, 경영효율화를 위한 일회성 비용 등 많은 악재가 집중된 주가이며, 이제는 상황이 호전될 가능성을 염두에 둬야 한다.",NEGATIVE
"부산은행과 경남은행의 NIM이 각각 5bp, 4bp씩 하락했지만 이는 예상되었던 수준으로 금융채금리 연동대출이 많다는 점 때문에 발생한 것으로 추정한다.",NEUTRAL
"올해 3분기 전반적으로 수출주에 부정적인 환율 효과가 지속되었고, 일부 공장 셧다운(PP)에 따른 물량 감소가 컸고,",NEGATIVE
동아에스티 실적 부진의 주된 원인은 주력품목인 스티렌약가인하에 따른 영향으로 가격이 인하되면서 원가율이 급격하게 증가했고 3분기 엔화강세의 영향으로 일본에서 수입하는 원료가격이 높게 반영되면서 제조원가가 올라간 데 기인한다.,NEGATIVE
"일바보험 손해율은 58.9%로 전년 동기 및 전분기 대비 각각 5.0%p, 14.8%p 하락했고, 자동차보험 손해율도 전년 동기 및 전분기 대비 각각 5.7%p, 4.6%p 하락한 76.0%를 기록했다.",POSITIVE
"17년 무선수익(LTE 데이터 사용량(3Q16말 5.8GB) 증가에 따른 Up-selling 및 선택약정 가입자 순증세 둔화 기대)과 TPS수익(IPTV 및 초고속인터넷 부문 P, Q 동반 성장)은 각각 2.4%YoY, 6.2%YoY 증가가 예상된다.",POSITIVE
"역신장, 두려움이 지나치다: 3Q16 국내와 중국 제과 매출이 역신장을 기록할 것으로 추정한다(-3.5%, -3.2%YoY).",NEGATIVE
"높은 이동전화매출액 전망을 감안 시 투자가들의 우려와 달리 내년도에도 LGU+ 실적 전망은 낙관적인 상황이며 P/E, P/B가 최근 5년간 가장 낮은 수준에 머물러 있고 수급 개선 가능성이 높다.",POSITIVE
"실적 추정을 하향한 것은 방산/모터 부문에서의 납품 감소/지연이 예상보다 큰 편이고, 연결 법인인 STC도 Mix 하락과 수익성 둔화가 발생하고 있기 때문이다.",NEGATIVE
"외형 감소로 인한 고정비 부담 상승과 고마진 사업부의 비중 축소에 따른 Mix 악화, 그리고 STC의 영업이익 급감(-47% (YoY))으로 영업이익률이 1.4%p (YoY) 하락했다.",NEGATIVE
"방산 부문의 매출액은 2015년 약 1,600억원을 기록했는데, K2 소총의 군납 감소와 경쟁 체제화, 수출 감소 등으로 2017년 매출액은 1,000억원 이하로 감소할 전망이다.",NEGATIVE
"코웨이 3분기 총계정수는 573만(렌탈 482만)으로 +0.1%(YoY), -2.0%(QoQ) 수준에 머물렀는데, 정수기 판매 부진으로 렌탈 판매량이 29만(15.3Q 34만, 16.1Q 35만, 2Q 39만)에 그쳤기 때문이다.",NEGATIVE
한화테크윈 주력인 방산분야의 차별화된 성장스토리를 확인하면서 단기 주가 급락을 진입기회로 활용 권고,POSITIVE
"매출이 기대보다 부진했던 이유는 해외부문 매출 성장과 이익이 예상치를 하회했고, 추석선물세트 반품 환입분 약 100억원 반영, 면세점 매출도 전분기 대비 260억원 감소했기 때문이다.",NEGATIVE
"해외와 면세 실적 조정으로 4Q16, 17년 추정치 하향: 4Q16E 매출 14,662억원(20%YoY), 영업이익 1,670억원(35%YoY), 17년 매출 57,955억원(+22%YoY), 영업이익 9,129억원(+18%YoY)으로 기존 추정치 대비 5% 하향 조정하였다.",NEGATIVE
"추가로, 최근 1년간 눈부신 볼륨성장을 보여왔던 미국과 유럽 역시 각각 산업수요 peak-out과 윈터타이어 판매증가 지연으로 4Q16매출흐름은 3Q16대비 상대적으로 부진할 것으로 생각된다.",NEGATIVE
"다만 세전이익은 전년동기대비 72.1% 감소한 57억원을 기록했는데, 이는 지분법 적용 투자주식 손상차손 183억원 반영(터키 116억원, 중국 남방CJ 50억원, 기타 17억원)에 따른 일회성 손실에 의한 것이다.",NEGATIVE
"다만 광저우법인이 설비 부족으로 매출이 정체되어 있어 설비 증설 전까지 분기매출 80억원 내외를 유지할 것으로 보이며, 상해법인이 초과 수주에 대응할 것으로 예상된다.",NEUTRAL
"다만, 4Q16 실적은 뮤오리진 매출 감소 정도, 뮤이그니션 매출기여 정도, 아제라 및 뮤레전드 마케팅에 따른 마케팅비 규모 등을 확인하며 사후적으로 검증하는 것이 현실적이라 판단한다.",NEUTRAL
"중국법인 매출은 126억원(위안화 기준 YoY 20% 내외, OPM 8%), 일본법인 매출은 73억원(YoY 115%, OPM 2.5%)을 기록했다.",POSITIVE
면세 채널은 롯데 월드타워점 폐점으로 인한 채널 전반의 효율성 하락과 프레스티지 화장품 브랜드에 대한 구조적인 소비성향 강화로 독립 브랜드의 상대적인 수요 약세 기조가 유지될 것으로 예상한다.,NEGATIVE
"2H15에 수주가 많이 늘었던 일부 스포츠웨어의 오더가 크게 증가하지 못하는 것으로 보이며, 매출의 약 4%를 차지했던 에어로포스테일이 파산하면서 매출 감소폭이 컸던 것으로 보인다.",NEGATIVE
"본업인 OEM부문 전방 수요 위축에 따른 매출 정체와 마진 스퀴즈로 실적 불확실성이 존재하는 가운데, 트럼프 미국 대통령 당선에 따른 TPP 발효 불발 가능성이 투자심리에 부정적으로 작용할 것으로 예상된다.",NEGATIVE
단맛 감자 스낵 매출 감소와 이천공장 화재로 일부 스낵 제품 리뉴얼에 차질이 생기면서 매출 감소세가 이어졌고 이에 따른 고정비 증가의 영향으로 수익성도 악화됐다.,NEGATIVE
"SK E&S는 지난 ‘12년 이익 정점을 기록한 이후 4년간 감익이 지속되었으나 CP 인상으로 연간 영업익 700억원 증가가 가능하고, 상반기 가동이 예정된 장흥문산 발전소(1.8GW)의 이익 기여로 인해 연간 영업익은 93.1% 증가한 3,107억원을 예상한다.",POSITIVE
"높은 수준의 고객 다변화, 14%의 높은 영업이익률, 그리고 2.5%의 배당수익률에도 불구하고, 중국 법인의 생산능력 부족과 엔화 강세의 부정적 환율환경 등으로 인한 성장성 둔화가 주가의 발목을 잡고 있다.",NEGATIVE
"지난 3분기는 주고객사 신제품 판매 중단과 이로 인한 카메라모듈 실적이 감소한 영향이 컸고, 일회성 원자재 재고 폐기 비용이 20억원 가량 일괄 반영되기도 했다.",NEGATIVE
디엔에프는 지속된 DRAM 업황 악화와 3D NAND 점유율 하락으로 인해 작전 고점대비-52%의 주가 하락을 시현했다.,NEGATIVE
TV와 가전사업은 패널 가격 상승 및 원재료 상승 등의 부정적 영향이 예상된다.,NEGATIVE
"대상은 작년 4분기 실적 쇼크를 시현했는데, ① 전년 가공식품 부문은 ‘휘슬링쿡’ 런칭 및 사업부 통합으로 판관비 지출이 컸고, ② 11월, 12월 두 달 반영된 라이신 사업부가 적자를 시현했기 때문이다.",NEGATIVE
"BASF가 화재 사고로 아크릴산 공장의 불가항력 선언을 하였고,중국 내 일부 업체 트러블로 공급 차질 현상이 발생하였으며, 중국 석탄 가격상승에 따라 내수 프로필렌 가격이 상승하였기 때문이다.",NEGATIVE
막대한 세금 문제로 인해 SK-SKT간 하이닉스 지분 교환 방식을 통한 하이닉스 SK 자회사로의 격상이 어려움을 감안 시 SK그룹이 SKT 인적 분할을 차선책으로 선택할 가능성이 있어서다.,NEUTRAL
중국 남경 공장의 이전으로 유럽 부문 수출 물량 위주로 매출 차질이 발생 중이다.,NEGATIVE
"물론 레미콘 업에 대한 시장의 성장성 우려(국내 건설경기 하락)는 있겠으나, 인수 성공 시 제2의 성장이 기대되는 만큼 2017년을 기대하며 투자를 할 시점이라 본다.",NEGATIVE
"전분기 대비 소폭 감익이 전망되는데, ① 라이신 판가가 유로화 약세 기인해 톤당 1,235불(QoQ -2.0%)로 예상되고, ② 시스테인 호환 생산 위한 심양 공장 가동 중단으로 판매량도 QoQ 소폭 감소할 것으로 판단되기 때문이다.",NEGATIVE
"강력한 투자요인이었던 면세점 실적 성장이 둔화되고, 전문점이나 백화점 등 내수 유통채널의 저성장 기조가 뚜렷해지면서 4Q16 국내 부문 매출 성장은 7.1%YoY로 연중 가장 낮은 성장률을 기록할 것으로 전망된다.",NEGATIVE
"삼성디스플레이 7-1 라인의 가동 중단으로 40인치대 TV 패널 가격 상승세가 1분기에도 지속될 것이라는 일부 의견도 있지만, 하나금융투자는 상승세 지속보다는 현 수준을 유지할 것으로 예상한다.",NEUTRAL
"LCD 산업의 안정세가 17년에도 지속되며 17년 LG디스플레이 연간 실적은 매출액 26.7조원(+2%YoY), 영업이익 1.7조원(+41%YoY)을 기록하며 큰 폭의 실적 개선이 예상된다.",POSITIVE
"하지만, 시장의 기대와 다르게 지난주 면세점 사업이 탈락하면서 그 동안 SK네트웍스가 면세점 사업 진행을 위해 투자해왔던 자산에 대한 손실 반영이 불가피할 전망이다.",NEGATIVE
"부문별로 살펴보면 정보통신부문은 삼성전자 갤럭시 노트7 판매 중단, 패션부문이 경기 침체와 매각 이슈, 호텔부문은 면세점 관련 이슈 등으로 전년대비 부진한 실적이 예상된다.",NEGATIVE
갤노트7 폭발 게이트 및 최근 총수 및 주요 경영진에 대한 국정조사 등으로 세계 초일류 삼성이라는 명성에 커다란 흠집이 생긴 것은 부정할 수 없다.,NEGATIVE
롯데하이마트는 전년도 4분기 모바일 부문 고성장과 코리아블랙프라이데이 기저효과로 GPM은 25.6%(YoY +2.2%p)까지 상승할 것으로 예상된다.,POSITIVE
"OLED DDI의 경우 아직까지 LG디스플레이의 제한적인 중소형 OLED Capa(4G, 23K/월)로 인해 공급량은 미미한 수준이다.",NEUTRAL
"개소세 인하 종료로 인한 내수 부진으로 국내 출하가 6% (YoY) 감소했고(내수/수출 -17%/+3% (YoY)), 생산일수 감소로 인해 미국/체코/러시아 공장의 출하는 14%/5%/14% (YoY) 감소했다.",NEGATIVE
"스낵공장 화재(매출 차질 370억원)와 허니 감자칩류의 매출 감소, 전반적 제과시장의 부진으로 인한 분기별 매출 감소 충격",NEGATIVE
"개소세 인하 종료로 인한 내수 부진과 신흥시장 수요감소로 국내 출하가 9% (YoY) 감소했고(내수/수출 -8%/-9% (YoY)), 생산일수 감소로 미국 공장과 슬로바키아 공장의 출하도 1%/6% (YoY) 감소했다.",NEGATIVE
한국/미국 시장의 수요둔화와 재고증가로 내수 판매와 멕시코 공장의 생산규모를 적게 본 것으로 추정한다.,NEGATIVE
"MC 사업부가 G5 판매 부진에 따른 재고처리 비용과 사업 구조 효율화 비용이 늘어나며 적자폭이 확대됐고, HE 사업부는 패널 가격 급등 영향으로 수익성이 큰 폭으로 하락했을 것이다.",NEGATIVE
"효성은 17년 중국 증설 우려가 남아있지만 실질적인 수급에 영향을 미치지는 않을 것으로 예상되며, 중국 외 지역은 견고한 이익률을 시현하고 있음을 염두할 필요가 있다.",NEUTRAL
"2016년을 되돌아보면 1) 매 분기 60~70억원 내외의 영업적자를 기록했던 면세점 2) 마크 호텔의 적자, 그리고 3) TV광고 시작에 따른 비용 증가로 실적 측면에서 상당히 어려운 한 해였다.",NEGATIVE
"아모레퍼시픽 목표주가의 하향은 예상 대비 둔화된 국내 부문 실적을 반영해 2017년 예상 EPS를 이전 추정 대비 하향 조정했고, 사드 등 대내외 불확실성 확대로 적용 multiple을 기존 36배에서 30배로 조정함에 따른 것이다.",NEGATIVE
S&T모티브는 외형 감소로 인한 고정비 부담과 마진이 좋은 방산 부문의 비중 축소로 인한 Mix 악화로 영업이익률은 1.2%p (YoY) 하락하면서 2분기 이후의 영업이익 감소추세가 이어질 것이다.,NEGATIVE
S&T모티브의 2016년 실적 부진의 가장 큰 원인은 저부가 자동차 부품(현가장치/에어백 등)의 매출 감소와 고부가 방산 비중의 축소에 따른 Mix 악화 때문이다.,NEGATIVE
"2017년에는 두 사업부의 외형 축소가 마무리되는 가운데, 파워트레인용 자동차 부품과 자동차용 전자 부품, 그리고 모터 부문에서 신규 매출원이 가세하면서 매출액이 8% 증가할 것이다.",POSITIVE
"한한령 규제는 최악의 정점에 와있어 추가적인 실적 추정치 하향 가능성이 높지 않고, 동방신기/슈퍼주니어의 군 제대(4월~)에 따른 일본 투어가 재개되기에 실적 가시성도 높아질 것이다.",POSITIVE
"다만 현대기아차의 부정적인 영업환경 및 최근 조정 중인 석탄 가격 등을 고려할 때, 현대제철의 영업이익 인상폭에 대해서는 종전 기대감보다 낮아질 가능성도 존재하고 있음을 염두에 둘 필요가 있다.",NEGATIVE
계약 해지사유는 발주처인 SWCC(Saline Water Conversion Corporation)와 삼성엔지니어링 간에 계약 조건 변경(공사비 증액 등)에 관한 협상을 하던 중 SWCC가 공사 타절을 통보했기 때문이다.,NEUTRAL
"Yanbu Project의 계약 해지로 인해 삼성엔지니어링 17~18년 예상 매출은 연간 4~5,000억원 감소할 것으로 전망된다.",NEGATIVE
1Q17 투입원가 상승에 따른 가격전가의 목마름 4Q16 실적의 주요하락 원인으로는 1) 원료탄 가격상승에 의한 투입원가의 5.5만원이(추정) 인상됐음에 불구하고 탄소강 ASP는 2.5만원 인상에 그침에 따라 margin squeeze가 발생했다는 점. 2) 포스코건설의 비용인식 증가 및 주요 해외법인의 수익성 축소 3) 일회성 비용 발생 때문이다.,NEGATIVE
하지만 공급과잉 및 환경규제에 따른 중국의 구조조정 지속과 포스코건설 구조조정 정상화 및 자회사 실적 개선과 함께 2017년 예상 실적 추이는 1분기를 저점으로 점진적으로 상승할 것으로 예상된다.,POSITIVE
"LF의 외형 축소는 정국 불안에 따른 소비 심리 위축 영향과 상반기에 진행된 2개 브랜드(질바이질, 일꼬르소) 백화점 매장 철수 영향, 아웃도어 브랜드 라푸마 부진에서 기인할 것으로 보인다.",NEGATIVE
"강원랜드는 테이블 가동률은 75~80%로 유지되고 있는 가운데 스키장 고객이 감소하고 있고, 연말 동안 지속되었던 촛불시위가 부정적으로 작용하면서 방문객 수가 0.5% 증가에 그쳤을 것으로 추정된다.",NEGATIVE
"매출 측면에서 보면, 1) 매출총량제와 2) 신규 인력 증가에도 인건비 증가 제약 3) 스키장 고객 감소 4) 워터파크 개장 계획 연기(‘17년 11월 → ‘18년 6월)로 매출 성장은 매우 제한적인 상황이다.",NEGATIVE
"반면, 지난 2년간 추가수주 공백으로 인한 매출감소가 이뤄졌던 현가장치 및 에어백 등 역시 4Q16을 마지막으로 매출감소세가 마무리 된 것으로 파악되어 외형성장에 대한 가시성 역시 매우 높은 상태다.",POSITIVE
"MLB와 MLB키즈도 4Q16 매출이 각각 11%YoY, 8%YoY 성장했을 것으로 예상되는데 분기 추세를 감안하면 시장 성장률보다는 높았을 것으로 추정된다.",POSITIVE
"Shock Absorber, Air Bag, 방산 부품의 부진으로 외형이 감소한 가운데, 외형 축소로 인한 고정비 부담 상승과 고마진 방산 매출의 축소로 인한 Mix 악화가 이익률에 부정적이었다.",NEGATIVE
"4) 아킬레스건인 중국 후난 법인은 감가상각비 부담이 줄어드는 가운데, 중저층 MLB 및 중저가 HDI 등 신규 매출이 본격적으로 증가하고 있어 올해는 적자폭이 의미있게 줄어들 것이다.",POSITIVE
반면 G5를 포함한 LG전자 스마트폰 판매 부진의 영향으로 HDI부분 수익성이 큰 폭으로 악화되면서 그 동안 효자 사업부였던 기판소재 사업부의 수익성이 적자전환하며 부진한 것으로 판단된다.,NEGATIVE
"1Q17 비수기 거치지만, 17년 큰 폭 개선: 1Q17는 전체 실적을 견인하는 광학솔루션 매출액이 30%이상 QoQ 감소하면서 LG이노텍 영업이익도 629억원으로 하락할 전망이다.",NEGATIVE
"IM 부문에서는 Galaxy S8의 출시 지연과 마케팅 비용 증가로 인한 수익성 하락이 예상되고, 반도체 부문은 출하량 감소가 ASP 상승 효과를 상쇄할 것으로 예상되기 때문이다.",NEGATIVE
"2) HDI와 LED는 체질 개선 노력에 대한 성과로서 고정비 부담이 감소함에 따라 1분기부터 적자폭을 줄여갈 것이고, 3) 차량 부품의 양호한 성장세가 이어질 것이다.",POSITIVE
"4분기 실적 하락의 주요원인은 1) 포스코 건설의 브라질 CSP 2,800억원, 2) 해외 프로젝트 비용 1,810억원 3) 구조조정과 합병 비용 1,300억원 인식 등 E&C 부문에서 총 6,255억 수준의 적자가 연결 기준 실적 하락으로 이어졌다.",NEGATIVE
"이유는 1)2건의 공사 취소(카자흐스탄 발전, 사우디 얀부 발전)로 인한 매출 산정 어려움, 2)수주 변동성에 따른 가이던스 미충족 우려 때문인 것으로 보인다.",NEGATIVE
"고정비 절감으로 MC의 BEP 매출액 규모가 많이 내려와서 이로 인한 손실 축소가 클 것이며, G6의 이른 출시가 다소 도움이 될 수 있다.",POSITIVE
"세전이익이 부진했던 것은 대규모 환차익이 발생했음에도 불구하고 ① 의정부 경전철 SPC 파산에 따른 손실처리(477억원), ② 용인 동백 스프링카운티자이와 판교 알파돔시티 관련 손실(454억원)이 기타영업비용에 반영되었기 때문이다.",NEGATIVE
"저수익 공사의 잔고는 감소하고 있지만, 꾸준히 추가 공사비가 발생하고 있기 때문에 해외 공사의 영업흑자시점을 예측하기 어렵다.",NEGATIVE
"실적 부진은 기말 환율 약세에 따른 판매보증비 (+110.6%YoY) 증가, 파업 시기에 생산된 국내 공장의 9월 수출 물량의 높은 매출 원가율, 내수 판매 부진 및 미국 시장 인센티브 증가 등이 원인이다.",NEGATIVE
"그 이유는 1) 내수 시장의 수요 둔화와 현대차의 판매 부진 지속, 2) 북미 시장 수요 둔화와 경쟁 격화로 인한 인센티브 등 비용 증가가 지속될 전망이기 때문이다.",NEGATIVE
신차사이클 하강 국면 대비: 17년 상반기까지 현대차의 실적은 내수 및 북미 지역 수요 둔화와 그로 인한 경쟁 강도 상승으로 인해 부진이 지속될 것으로 전망한다.,NEGATIVE
"중국이 둔화되는 등 글로벌 수요가 1.9% 증가하는데 그칠 것이고, 미국 보호무역주의 등으로 불확실성도 크다며, SUV 신모델과 전략 차종의 출시, 그리고 전사적인 원가 절감으로 대응한다는 계획이다.",NEGATIVE
"해외 철강법인들의 이익감소(3Q16 +1,323억원 → 4Q16 +1,176억원)과 EC사업부문의 대규모 적자(3Q16 -274억원 → 4Q16 -3,922억원) 기록으로 연결기준 영업이익 또한 시장컨센서스 6,667억원을 크게 하회한 4,718억원(YoY +38.5%, QoQ -54.3%)에 그쳤다.",NEGATIVE
"내수 및 중국 내에서의 자동차 판매경쟁 심화 등을 반영하여 2017년 EPS를 -4.8% 조정했고, 목표주가는 2017년 조정후 EPS인 35,563원에 Target P/E 9x를 반영하였다.",NEGATIVE
통상임금 문제와 미국 보호무역주의 강화로 인한 멕시코 공장의 우려 등이 기아차의 주가를 제약하고 있다.,NEGATIVE
하나투어에서는 면세점 운영 전략의 변화로 적자폭 축소를 위한 노력을 지속해가고 있지만 면세점 시장 내 경쟁이 심화됨에 따라 올해도 부진을 완전히 면하기는 녹록하지 않을 것으로 판단된다.,NEGATIVE
"현대산업의 예상보다 부진한 실적은 일회성 요인으로 1) 성과급 310억원, 수주실패비용 40억원이 판관비에, 2) 영업외에서 지분증권 감액손실 200억원과 삼성동 면세점 관련 설계비용 30억원이 반영됐기 때문이다.",NEGATIVE
"2) 아리따움은 랜드마크에 위치한 핵심 매장들의 매출감소 외에도 직영점의 재배치(relocation) 작업, 히트 PB제품에 대한 OEM/ODM 공급 지연, 아이오페 쿠션 매출 둔화 등 다양한 문제가 확인된다.",NEGATIVE
실적 악화의 주요 요인은 수리온 3차 양산 및 상륙기동헬기 수주 지연과 수익성 높은 완제기 수출의 매출감소 그리고 수리온 2차 양산분 지체비용 370억원 매출차감이 주요 요인이었다.,NEGATIVE
여기에 치약환불 관련 비용이 100억원 추가 반영되어 전사 영업이익이 어닝쇼크를 기록했다.,NEGATIVE
"""더블유카지노""의 DAU가 감소하고 있다는 점에서 공격적인 성장을 기대하기는 어려울 것으로 판단되며, 변수는 2016년 격화된 카지노 시장의 마케팅경쟁이 완화된 이후의 트래픽 변화가 될 전망이다.",NEGATIVE
"일회성? 17년 추정치 하향: 식품 실적부진의 원인은 ① 12월 합병된 F&F(종가집김치)의 판촉여직원 인건비 증가(60억원), ② F&F 및 신제품 판촉증가, ③ 김치부문 계절적 비수기와 장류 부문 실적 부진 등 때문이다.",NEGATIVE
자회사 합산 영업적자는 약 16억원 수준이었으며 이 중 4분기 광고선전비용이 증가한 자유투어가 영업적자 11.8억원 그리고 모두 스테이 등 인바운드 여행관련 사업을 하는 자회사들도 소폭 적자를 기록한 것으로 파악된다.,NEGATIVE
"3분기 183억원에 이어 4분기에도 총 774억원의 손상차손 금액(인도 Shop CJ 539억원, 일본 CJ Prime 93억원, 남방 CJ 30억, MCJ 터키 30억, IMC중국 69억 등)을 반영하였다.",NEGATIVE
보수적인 가이던스 제시 이유로 1) SPOT TC 하락에 따른 BASE TC 하락 영향에 대한 우려 2) 아연과 연의 출하량 감소로 2017년 실적 하락이 나타날 수 있는 주요 원인으로 파악된다.,NEGATIVE
"다만 2015년 4분기 6천억원 상당의 해외사업 관련 영업권상각에도 불구하고 금번 4분기에도 영업외 일회성 비용 2,188억원(손상차손 GS마트 833억원, 하이마트 397억원, 슈퍼와 중국마트 735억원, 가습기살균제 관련 잡손실 200억원) 반영으로 당기순이익 190억원에 그치며 순이익은 기대치를 하회했다.",NEGATIVE
"영업외수지에서 하이투자증권 영업권 손상 1,106억원과 현대오일뱅크 재세금비용 500억원 그리고 반잠수식시추선 2척 397억원 추가 손상 및 환관련 손실 3,600억원 등으로 당기순손익은 적자전환하였다.",NEGATIVE
"김현수 하나은행 지역대표는 “하나금융그룹 100호 어린이집 프로젝트를 통해 보육 시설이 필요한 곳에 양질의 국공립 어린이집을 건립, 기증하게 되어 매우 보람되고 기쁘게 생각 한다”며 “이 곳에서 아이들이 꿈과 희망을 키우며 건강하고 씩씩하게 성장하길 바란다”고 밝혔다.",NEUTRAL
"방송용 콘텐츠를 주로 제작하는 '공감미디어'는 IT기술을 접목해 웹툰 및 3D 애니메이션 콘텐츠 제작자 5명을 채용한다.'스마트인재개발원'은 고용노동부와 협력사업을 진행하는 업체로, 취업지원 교육 프로그램을 운영할 강사와 연구원 5명을 선발할 예정이다.",NEUTRAL
17일(현지시간) 미 경제매체 블룸버그에 따르면 솔로몬 CEO는 블룸버그 뉴이코노미 컨퍼런스에서 “지난 40년간 경험을 바탕으로 볼 때 지금은 탐욕이 공포를 앞지른 시기”라며 “그러한 시기는 오래가지 않으며 균형을 찾기 위해 재조정될 것”이라고 말했다.,NEUTRAL
가상화폐 시장을 비롯한 투자 시장은 코로나19 팬데믹(세계적 대유행)으로 인한 각국 정부의 대규모 부양책 이후 급등하기 시작했다.,POSITIVE
"특히 IMP출신의 글로벌 헬스케어 기업 ‘네오펙트’는 2018년 코스닥에 상장해 시가총액 약 600억원의 기업으로 거듭났으며, 지난해 IMP기업으로 선발된 '페이히어'는 모바일 POS 기반 스마트 매장관리 시스템을 론칭하고 3200여개의 가맹점을 확보하는 등 조기 정착에 성공했다.",POSITIVE
원화마켓을 운영하는 국내 4대 거래소(업비트·빗썸·코인원·코빗) 가운데 특정금융정보법 개정안 시행 이후 업계 분석 보고서를 낸 것은 코빗이 처음이다.,NEUTRAL
18일 유럽자동차공업협회(ACEA)에 따르면 현대차·기아는 지난 10월 전년 동기 대비 6.7% 늘어난 8만6438대를 판매했다.,POSITIVE
이번 협약은 신성장동력으로 메타버스 관련 사업을 중점 추진키로 한 롯데그룹과 현재 디지털 트윈 기반의 거울세계 메타버스 플랫폼을 구축 중인 바이브컴퍼니가 상호간 사업 시너지를 내기 위해 추진됐다.,NEUTRAL
"황범석 롯데백화점 대표는 ""메타버스 시대에 맞는 미래 백화점의 모습을 선제적으로 구현하고자 빅데이터와 디지털트윈에 전문 역량을 보유한 바이브컴퍼니와 업무 협약을 체결하게 됐다""며 ""이번 상호 협력이 메타버스 가상 공간에서 커머스와 롯데백화점의 다양한 콘텐츠를 적용하는 성공적인 모델이 될 수 있도록 노력하겠다""고 말했다.",NEUTRAL
이번 간담회에는 2020년 동반성장지수에서 최우수 등급을 받은 ▲삼성물산 ▲현대건설 ▲현대엔지니어링 ▲DL이엔씨 ▲SK에코플랜트 ▲삼성엔지니어링 등 6개 건설업체 대표가 참석해 상생협력 모범사례를 공유하고 건설업계의 모범·선도자로서 지속적인 상생가치를 실현해 나갈 것을 다짐했다.,POSITIVE
한화 측에 따르면 이번 지분 인수로 기존 최대 주주인 아커 호라이즌과 같은 지분을 갖게 된다.,NEUTRAL
한화솔루션과 아커 호라이즌은 앞으로 미국에서 만든 폴리실리콘을 활용해 재생에너지 분야에서 사업을 확대하는 방안도 검토키로 했다.,NEUTRAL
"독일 DAX 지수는 0.17% 상승한 1만6279.34를, 프랑스 CAC40 지수는 0.05% 오른 7160.47을 각각 나타냈다.",POSITIVE
글로벌 전해질 밸류체인과 전지업체 모두 수요 급증에 따른 공급 부족의 장기화를 예상하고 있어 증설과 공급 계약을 동시에 맺고 있다.,NEUTRAL
"이와 함께 컨슈머리포트의 신뢰도 최하위 브랜드에는 테슬라를 비롯해 포드의 고급 승용차 브랜드 링컨(28위). 지프(26위), 폭스바겐(24위)이 이름을 올렸다.'톱 10'은 일본 자동차 기업들의 럭셔리, 일반 브랜드가 장악했다.",NEGATIVE
"아직 정확한 원인은 규명되지 않았지만 노트북에 대한 신뢰성 저하, 대규모 리콜 가능성에대한 우려감이 커지면서 LG전자와 LG화학에 대한 투자심리가 악화되고 있다.",NEGATIVE
대구은행은 4분기 중 기중 기준 순이자마진이 약 9bp 상승해 신한지주를 제외하고 은행 중 마진 개선 폭이 가장 클 것으로 예상되는데다 순수수료 이익도 전분기 대비 약 24.6% 증가하는 등 핵심이익이 호조세를 보이고 있다.,POSITIVE
"2007년 하반기에 러시아 시장에서 글로벌 플레이어(필립모리스, 재팬타바코, BAT)와의 경쟁이 심화되면서 수출 매출 실적이 저조했기 때문이다.",NEUTRAL
"동사의 연간 실적은 2007년에 저점 통과한 것으로 판단 지난 4분기의 양호한 실적 추세가 향후에도 추세적으로 지속될 수 있는가에 대해서는 의견이 분분할 수 있지만, 최소한 08년에는 GS이스토어 적자폭이 축소되면서 실적 개선이 가능할 것으로 판단된다.",POSITIVE
"07년 영업환경이 워낙 어려웠기 때문에 08년 더 이상 추가 악화되기 어렵다는 점도 (+)요인으로 작용할 수 있겠지만, 07년 110억원 이상의 적자를 기록한 것으로 추정되는 GS이스토어 부문 적자폭 축소는 충분히 가능할 것으로 판단되어 이러한 기저효과 요인만으로도 동사의 실적 개선이 진행될 수 있을 것으로 판단되기 때문이다.",POSITIVE
"영업외부문 역시 울산방송, 강남케이블, 중국법인 등에서 발생하는 지분법손실액이 07년을 정점으로 점차 줄어들 것으로 전망되는 점도 08년 동사의 실적 개선 요인으로 작용할 수 있다는 판단이다.",POSITIVE
이는 GS칼텍스의 영업실적이 EG생산업체인 사우디 SABIC사의 가동중지로 인한 TPA의 생산둔화로 예상보다 부진하였기 때문이다.,NEGATIVE
"2007년 기아차는 신차 및 F/L 차량의 부재 및 낮은 가동률에도 불구, 현대기아차 그룹의 전사적인 원가 절감 효과가 일부 반영됨으로써 잠정적인 원가율 개선폭은 2006년 85.6%에서 2007년 85.2%로 0.4%pt 개선된 것으로 추산된다.",POSITIVE
"아울러, 전년동기에 이루어진07년 방송발전기금 조기 납부에 따른 기저효과와 SBS 드라마플러스 등의 자회사 실적 호조로 동사의 세전이익과 순이익은 전년동기대비 각각 484.3%와 283.0% 증가한 173억원, 137억원을 기록하였다.",POSITIVE
"4분기 동사의 지분법 손실은 CJIG 및 CJI Japan 무형자산감액 등의 일회성비용 발생으로 지분법손실 35.5억원을 기록, 전분기 3.7억원과 비교해 크게 증가했다.",NEGATIVE
"투자의견 매수, 목표주가 309,000원 유지 현대미포조선에 대한 투자의견은 매수, 목표주가는 309,000원을 유지한다. 2008년 기준 동사의 PER은 8.8배, 2009년 기준으로 5.9배 수준으로 시장평균 PER 11.8배 대비 약 35% 저평가되어 있다.",POSITIVE
현대차 등 완성차 업체와 마찬가지로 원/달러 환율 가정 상향(900원 → 918원)에 따른 수출 관련 영업이익 증가 효과로 동사에 대한 긍정적인 영향이 기대된다.,POSITIVE
롯데건설 상장 건은 아직 확인되지 않은 관계로 동사 Valuation에서 반영하지 않았다.,NEUTRAL
"다만 상장을 전제로 Valuation을 수정하면 롯데건설의 기업가치(EBITDA) 중 동사 지분에 해당하는 가치는 약 7,300억원 으로 평가된다.",NEUTRAL
"주요 사업부인 국제선 여객부문과 화물부문의 매출증가는 수요가 각각 4.2%(yoy), 5.6%(yoy)증가하였으며, Yield($기준)가 6.4%(yoy), 8.0%(yoy)상승한데 따른 것이다.",POSITIVE
그러나 여기에 다음과 소프트웨어산업의 거인인 MS가 규모를 알 수 없는 자본금을 가지고 비용을 추정할 수 없는 새로운 사업을 시작하는 것이 투자자에게는 부담으로 작용하였다.,NEGATIVE
"아웃도어는 전년동기비 19.6% 성장하였고, 골프웨어와 기타 사업부문 또한 양호한 성장세를 이어간 것으로 평가된다.",POSITIVE
"2007년 기준으로 50% 수준의 매출비중을 차지한 MLB의 매출 증가로 2008년 동사의 전체 외형(2,763억원 +8% YoY)은 최고액을 기록하였던 2006년(2,736억원)을 소폭 상회할 전망이다.",POSITIVE
"동사의 업계 내 지위는 수주 실적 및 현상 공모 입상 등을 감안할 때, 기술력 및 규모 면에서 삼우 건축 사무소와 함께 국내 최상위권 수준이다.",POSITIVE
"포트폴리오자산의 안정성과 수익성을 확인한 2007년도의 실적 동사의 지분법이익은 주요 자회사인 LG전자, LG화학, LG텔레콤, LG데이콤, LG생명과학, LG생활건강의 실적호전에 의해 증가하였다.",POSITIVE
우리는 이미 기업은행의 2008년과 2009년 총자산대비 대손비용을 각각 0.57%와 0.60%로 타은행 대비 보수적으로 가정하고 있는데 그럼에도 불구하고 동사의 2008년과 2009년 ROE는 16.6%와 15.7%로 업종 평균 15.3%와 14.5%를 상회할 것으로 추정된다.,POSITIVE
"미국 유리기판 업체인 코닝은 08년 디스플레이 부문에 8~10억달러를, 아사히글래스는 가전 및 디스플레이 부문에 1,100억엔을 투자해 설비증설에 나설 계획이다.",NEUTRAL
"삼성전자, LG전자, 모토로라, 애플 등 글로벌 IT 제품 업체에 납품 중이다.",NEUTRAL
"비록 그 이후 구조적 변화를 가져올 수 있었던 외환은행과 LG카드 인수 협상에서 두 번 모두 고배를 마셨지만, M&A로 추가적인 대형화를 이룰 수 있는 기회가 여전히 남아 있고 경영진의 M&A 능력에 대한 시장의 신뢰도 높은 편이다.",NEUTRAL
향후 (원/달러)환율의 향방이 영향을 주겠지만 최근 동종업계의 현대제철이나 동국제강의 주가 상승처럼 점차 한국철강의 주가도 점차 회복될 전망이다.,POSITIVE
이상의 조건 중 논란의 여지가 있는 것은 3가지로서 1)SK텔레콤의 이동전화를 다른 통신사업자가 결합상품으로 출시하고자 요청할 때 이를 거절하거나 하나로텔레콤과 다른 조건으로 제공할 수 없다는 조항이다.,NEUTRAL
"SK텔레콤이 무선통신서비스를 다른 전기통신사업자에게 재판매하도록 제공하는 경우 하나로텔레콤과 달리 조건, 절차 및 방법, 대가 등 거래조건을 불리하게 하거나 거절할 수 없게 한 것인데, 하나로텔레콤이 재판매를 하지 않는다면 거래조건이 어떻게 설정되야 하는지에 대한 세부사항이 없기 때문이다.",NEUTRAL
"또한 부과된 조건도 당초 공정위원회의 의견보다 한정적으로 부과되어 당초 예상된 양사간 시너지효과 ①결합판매를 통한 하나로텔레콤 가입자 확대, ②SK텔레콤 이동전화 가입자 해지율 안정, ③유통채널공유를 통한 마케팅효과 극대화를 기대할 수 있을 것으로 판단한다.",POSITIVE
"따라서 SK텔레콤과 하나로텔레콤의 투자의견을 매수로 유지하며, 목표주가도 각각 290,000원 14,000원을 제시한다.",POSITIVE
"특히, Pulmuone Wildwood는 2006년 60억원 이상의 적자에서 2007년에는 15억으로 적자가 축소되면서 동사의 지분법이익 증가에 기여했다.",POSITIVE
"G마켓, 옥션과 달리 ‘11번가’가 유무선 통합 마켓 플레이스를 지향하고 있다는 점을 감안하면 G마켓, 옥션보다 휴대폰 결제 비중이 높아질 가능성도 있다고 판단한다.",NEUTRAL
"G마켓은 규모의 경제 실현과 온라인광고 매출 비중 확대로 추가적인 수익성 개선이 예상되고, ㈜인터파크도서, ㈜인터파크ENT의 흑자 규모는 확대될 것으로 예상된다.",POSITIVE
국내에서 양극 활물질을 공급하고 있는 경쟁사는 일본화학(LG화학의 85% 점유)과 유미코아(삼성SDI의 80% 점유)가 있으며 LCO(LiCoO2)를 공급하고 있다.,NEUTRAL
"그러나 2008년 상반기 그룹 IR에서 대한통운 인수구조를 명확히 했고, 대우건설 주가 부양 의지를 강력하게 천명하면서 향후 대우건설 풋백 옵션 문제가 순조롭게 해결될 가능성이 커졌다.",NEUTRAL
규모의 경제를 확보하기 시작한 케미칼 부문과 하반기 턴어라운드가 예상되는 싱가폴 현지법인 역시 긍정적 투자 포인트다.,POSITIVE
LG디스플레이의 2대 주주의 지 분 매각이 디스플레이 산업에 대한 하락을 우려한 매각이 아닌 필립스의 Health Care관련 사업의 집중화를 위한 매각이기 때문이다.,NEUTRAL
"디스플레이 경기 호전으로 인한 제일모직의 수혜는 1) 자회사인 에이스디지텍이 생산하는 편광판 부문, 2) 기존 전자재료 부문, 3) IT외장재를 주로 생산하는 케미컬 부문의 실적개선으로 요약된다.",POSITIVE
"이는 1) 1분기 실적부진이 주가에 과도하게 반영된 점, 2) 합병한 SK인천정유 고도화설비시설의 상업생산이 가능한 6월 이후 본격적인 실적개선, 3)Peer Group 대비 동사의 주가는 여전히 저평가 국면에 있기 때문이다.",POSITIVE
"영업외부문에서는 07년에 이어 08년에도 예상 투자비가 13,700억원(백화점 6,200억원, 이마트 7,100억원, 기타 400억원)에 달해 순이자비용이 증가할 수 있겠지만, 신세계마트, 신세계인터내셔널 등 계열사로부터의 지분법이익도 증가하면서 이자비용 증가요인을 상쇄할 것으로 추정하고 있다.",NEUTRAL
"영업외부문에서는 08년 CAPEX가 07년보다 확대된 17,660억원(백화점 6,610억원, 마트 9,060억원, 기타 1,990억원)에 달해 순이자수익이 줄어들겠지만, 롯데카드 등 계열사로부터의 지분법이익이 증가하면서 당기순이익 역시 회사측이 제시하고 있는 수준은 충분히 가능할 것으로 판단된다.",NEUTRAL
"LED 및 FC-BGA 제품의 2008년 하반기 매출은 2,362억원으로 상반기대비 32.3% 증가하여, 전체 성장률을 상회할 것으로 추정된다.",POSITIVE
"1분기에 BGA와 MLCC는 비수기 임에도 불구하고 10% 이상의 영업이익률을 확보한 것으로 추정되며, LED사업도 노트 PC용 BLU 장착률이 높아지면서 성장을 지속하고 있다.",POSITIVE
"매출액은 지난해 대비 7.2% 수준, 영업이익과 순이익은 각각 13.4%, 11.8% 증가할 것으로 추정하고 있는데, 백화점과 이마트 모두 수익 개선이 뚜렷하게 나타날 것으로 전망되기 때문이다.",POSITIVE
"백화점은 매출 호조와 마케팅 비용 절감으로 영업이익률이 6.7%(07년 영업이익률 5.6%)까지 개선될 전망이며, 이마트 역시 규모의 경제 효과와 PL상품 비중 확대에 따른 이익률 개선(07년 8.1%, 08년 8.3% 추정)이 진행될 것으로 추정된다.",POSITIVE
그러나 관계사 여천NCC(지분 50%) 실적부진에 따른 지분법감소로 동사의 경상이익은 감소할 것으로 전망된다.,NEGATIVE
한진해운은 국내외 경영환경 변화에 적극 대처하고 경영효율성 증대 및 시너지 효과 극대화를 위해 거양해운 합병을 선택했다.,NEUTRAL
"편광판 사업을 비롯한 디스플레이 소재가 매출 성장을 주도하고 있으며, 반도체 소재가 높은 영업이익률을 유지시켜 주는 것으로 판단된다.",POSITIVE
분할 이후 하이트홀딩스와 하이트맥주 중 어느 회사가 더 매력적인지는 기준가격이 나온 이후에 판단이 가능하다.,NEUTRAL
"분할 후 기존의 상장 법인은 풍산홀딩스로 존속하고, 신설 법인인 풍산은 재상장 심사를 거쳐 유가증권 시장에 재상장된다.",NEUTRAL
"동사 영업외수지의 개선은 외환이익 42억원, 이자비용 37억원 감소 및 자회사 LG파워콤 실적 개선에 따른 지분법 평가손실 47억원 감소 때문이다.",POSITIVE
유한킴벌리의 지분법평가이익이 전년동기대비 53.5%나 증가한 것을 비롯해 자회사들의 실적호전으로 동사의 총지분법평가이익은 전년동기대비 41.9%나 증가한 179억원을 시현하였음.,POSITIVE
"매출 증가는 TPS(초고속인터넷, 인터넷전화, IPTV)의 가입자 증가와 LG텔레콤과 한전 등 법인사업 부문의 성장이 지속되고 있기 때문이며, 동사의 영업이익 증가는 인건비와 상품구입비를 중심으로 영업비용이 소폭 감소했기 때문이다.",POSITIVE
"특히 유한킴벌리는 원화 약세에 따른 수혜로 주력인 아기기저기분야에서 시장지배력이 대폭 강화되면서 1분기 순이익이 53.5% 늘어났고, 유한화학공업 역시 수출호조와 환율 급등효과로 순이익이 2.1배 급증했다.",POSITIVE
"글로비스 1분기 실적을 살펴보면 매출액은 현대차 그룹의 자동차 판매량 감소에 따라 국내외 물류가 감소했고, 현지 공장 재고 조정에 따라 CKD 매출도 감소하는 등 전반적인 매출 부진이 나타났다.",NEGATIVE
"환율 안정되면 수익성은 개선될 것, 새로운 매출 성장동력을 확보하면 금상첨화 고환율의 영향으로 유한양행의 수출실적이 큰 폭으로 증가하였고, ‘유한킴벌리’는 내수시장에서의 가격 경쟁력 확보와 수출 증가로 실적이 크게 개선되어 지분법이 증가하는 효과가 있었다.",POSITIVE
"부문별 매출은 1) 광고주 이탈과 단가인하로 디스플레이 매출이 전분기대비 26.5% 대폭 감소한 140억원을 시현하였고, 2) 검색광고도 경기침체와 구글의 영업력 약화로 전분기대비 16.4% 감소한 263억원을 달성하였다.",NEGATIVE
"합병 예정인 LG이노텍도 1분기에 시장 기대치를 넘어서는 실적을 달성했다 합병 법인의 가치를 고려해 LG마이크론의 목표주가 62,000원으로 상향 1분기 실적이 워낙 좋았지만, 2분기 실적도 1분기 수준을 달성할 수 있을 것이다.",POSITIVE
LG이노텍의 2분기 실적도 LG전자의 핸드셋과 LCD TV 판매 호조로 매출액 최고치 경신을 지속할 전망이다.,POSITIVE
저평가 되어 있는 LG마이크론과의 합병은 LG이노텍에겐 행운 LG이노텍은 7월 1일자로 LG마이크론과 합병을 하게 된다.,POSITIVE
"LG전자의 핸드셋 판매 수량 증가에 따라 PCB 매출액이 급증하였고, 테이프 서브스트레이트(Tape Substrate)는 분기 최대 매출액을 기록하였기 때문이다.",POSITIVE
1분기 매출액 부진의 영향으로 94억원 영업손실 유지 SK브로드밴드의 매출액은 주력인 IPTV와 전화 부문의 매출 부진으로 전 분기 대비 0.9% 감소하였다.,NEGATIVE
"반면, 저 수익성의 기업 도매 전화 사업부문의 가입자 축소와 컨텐츠 부족에 따른 IPTV 가입자 감소로 전화와 IPTV 사업부문은 전 분기 대비 각각 2.7%, 10.8% 감소하였다.",NEGATIVE
"LG디스플레이의 8G, 6G의 신규 가동으로 TS의 가동율 상승으로 마진율 개선, LG전자의 휴대폰 시장점유율 증가 및 스마트 폰 등 하이엔드급 비중 확대로 PCB의 멀티화로 제품 믹스 효과가 발생하여 09년 1분기의 높은 마진율이 하반기에도 지속될 것으로 판단된다.",POSITIVE
주력 자회사인 GS칼텍스가 흑자로 반전되면서 GS의 지분법이익이 크게 증가한데다 기타 계열사들의 실적도 양호한 모습을 보였기 때문이다.,POSITIVE
"GS칼텍스의 영업이익이 호조를 보이고, 원/달러 환율 하락으로 GS의 세전이익이 대폭 개선될 것으로 예상되기 때문이다.",POSITIVE
주요 자회사인 DII의 구조조정과 매출감소로 인한 지분법 손실 확대로 두산인프라코어의 세전이익은 시장예상을 하회하였다.,NEGATIVE
LG패션 전체 매출액의 30% 이상을 차지하는 신사복 부문이 부진함을 벗어나지 못해 정상가 판매율이 떨어졌고 캐주얼 헤지스 역시 경쟁브랜드들의 공격적인 마케팅 전략에 대응하느라 수익성이 떨어진 것으로 추정된다.,NEGATIVE
엘앤에프의 순이익 증가는 자회사인 엘앤에프 신소재 재료사업의 꾸준한 수익 증가로 일부 외환손실 증가에도 영업외손익은 흑자전환되었기 때문이라 판단된다.,POSITIVE
"STX엔진이 보유한 STX엔파코의 작년말 장부가는 1,318억원(지분율 51.04%)에 불과한데, 상장일 기준 시장가치는 3,052억원(지분율 45.8%)으로 급증했다.",POSITIVE
가동률 회복으로 성우하이텍은 2분기 영업이익이 전년 대비 15.8% 증가할 전망 2분기에는 현대차 그룹 등의 가동률 호전으로 1분기 대비 7.2% 증가한 744억원의 매출액을 기록할 전망이다.,POSITIVE
"또한 자회사인 유니온스틸의 영업 악화에 따른 지분법 손실(447억원), 외환관련 손실 급증(2,077억원)도 동국제강의 영업외수지에 부담을 주었다.",NEGATIVE
"한화의 순이익이 큰 폭으로 개선된 주요 이유는 지분법평가이익과 일회성이익이 증가하였기 때문. 지분법평가이익은 전분기대비 3,019억원 개선된 2,153억원이었는데 한화석유화학, 대한생명, 한화건설이 흑자 전환하였음.",POSITIVE
"두산중공업의 세전이익은 시장 예상에 비해 큰 폭의 적자를 기록하였는데, 이는 두산인프라코어, 두산메카텍, 두산엔진 등 주요 3대 자회사가 모두 큰 폭의 적자를 기록하여 지분법 손실이 1,698억원에 이른데 따른 영향이 컸다.",NEGATIVE
가비아는 비용 부문도 환율 효과를 제외할 경우 지속적인 하락이 가능하고 무엇보다 안정적인 실적을 시현하고 있는 자회사 KINX를 보유하고 있어 이익 개선에 긍정적임.,POSITIVE
우려하였던 LG전자와 LG화학의 실적 개선 - 지분가치 증대로 이어져 최근 LG의 주가상승은 역시 핵심자회사인 LG전자와 LG화학의 실적개선 기대감에 기인한 것으로 판단한다.,POSITIVE
"LG전자와 LG화학은 LG의 NAV에서 차지하는 비중이 75.4%를 차지하는 핵심자회사로써 LG주가와의 상관계수가 각각 0.85, 0.83으로 매우 설명력이 높은 자회사들이다.",NEUTRAL
"지난 5월 한달간 KOSPI는 2.5% 하락하였으나 LG전자와 LG화학의 주가는 5.6%, 6.5% 상승하였다.",POSITIVE
"주수익원인 LED와 MLCC의 09년 2분기 매출이 전분기 대비 각각 16.2%, 20.5%씩 증가하여 수익성이 전분기대비 호전될 것으로 분석된다.",POSITIVE
2009년에는 반도체와 LCD 부문에서 영업손실이 예상됨에 따라 2010년 반도체와 LCD 실적 개선 여부가 관건이다.,NEGATIVE
태양광 모듈산업 연평균 31% 성장전망 새로운 성장동력인 태양광 모듈사업은 연간 12Mw의 생산능력을 보유하고 있으며 CU전자는 이미 63억원 수주에 성공했다.,POSITIVE
"올해 연간 사상 최대 실적이 예상되는 이유는 삼성전자,LG전자, LG디스플레이, 하이닉스 등 네패스의 주요 Top Tier급 고객들이 LCD TV, 휴대폰, 반도체 시장에 지배력을 지속적으로 확대해 나가고 있어 네패스의 고객 내 점유율이 급상승하고 있기 때문이다.",POSITIVE
"3가지 호재성 모멘텀(흑자전환, 영업환경 개선, M&A)에 주목할 때 2010년부터 현대제철 고로(열연코일 650만톤)와 동부제철 전기로(열연코일 250만톤) 가동으로 국내 열연강판 수급은 잉여 상태로 전환된다.",NEUTRAL
"건설중장비 수요 회복은 두산인프라코어와 DII 실적개선의 필수 요소지만, 당초 기대와 달리 회복이 빠르게 진행되지 않고있다.",NEGATIVE
"일반 공모방식으로 진행될 동양생명의 상장은 동양생명 자체적으로 자본확충이 가능하기 때문에 긍정적이지만, 동양생명의 모회사인 동양종금증권에도 긍정적이라고 할 수 있다.",POSITIVE
"이마트 실적 개선과 함께 주가 상승 기대감 크게 증가, 목표주가 60만원 상향 조정 신세계 현주가는 금년 예상 EPS의 13.8배 수준으로 시장 대비 프리미엄이 소멸되었다고 할 수 있다.",POSITIVE
"하반기 본격적으로 출하가 증가할 LCD 부문의 이익 증가가 지속될 전망이며, 휴대폰 부문은 마케팅 비용 증가에도 불구하고 출하 증가(5,400만대)에 힘입어 8%대의 영업이익률이 예상된다.",POSITIVE
전기요금인상을 가정하지 않더라도 09년 3분기부터는 모회사한전 및 통합한전의 영업 및 세전이익은 흑자로 전환할 전망이다.,POSITIVE
"1) 하이닉스의 DDR3 비중 확대에 따른 MEMS card 매출 증가, 2) LG디스플레이의 가동률 증가에 따른 MEMS unit 매출 증가, 3) 소송 비용 축소 등 판관비 축소이다.",NEUTRAL
CJ오쇼핑은 금년 EPS 증가율이 136% 이상으로 전망되고 동방CJ의 영업호전을 기반으로 내년에도 18% 이상의 EPS 증가율을 기록할 것으로 추정되는데 이정도의 실적 개선추세가 유지된다면 시장 대비 프리미엄 적용도 가능할 수 있기 때문이다.,POSITIVE
"한편, 두산그룹의 구조조정 발표에도 불구하고 계열사의 주가가 여전히 약세를 면치 못하고 있는 점도 단기적으로 주가에는 부정적일 수밖에 없다.",NEGATIVE
또한 4) 지분법평가손실의 90% 수준을 차지하고 있는 라이코스의 구조조정과 영업실적 개선 효과에 힘입어 2분기 이후 다음의 영업외수지가 개선될 것으로 예상되는 점도 주된 요인으로 판단된다.,POSITIVE
"LG이노텍의 실적 개선 원인은 ① LG전자의 핸드셋 및 TV 판매 수량 증가, ② 판매 증가에 따른 고정비 절감 효과 및 ③ 환율 효과 때문이다.",POSITIVE
"2) 삼성전자의 LED TV 출하량 급증으로 자회사인 삼성LED 매출 증가로 LED 매출, 이익이 급증한 것으로 추정된다.",POSITIVE
"또한 글로벌 IT 시장에서 경쟁력 확대로 시장점유율이 높아지고 있는 MLCC, FC BGA, LED 매출 증가는 10년에도 지속되여 연간으로 3,027억원(15.9% yoy)의 글로벌 영업이익이 예상된다.",POSITIVE
또한 4분기 성수기에 진입하고 현대차/기아차에 대한 투자심리가 개선(과거 경험상 현대차/기아차에 대한 투자심리가 개선되면 현대제철의 성장성도 긍정적으로 평가)되는 부분은 현대제철의 주가에 긍정적인 모멘텀으로 작용할 것으로 판단된다.,POSITIVE
"글로비스의 매출액은 1)2분기 현대차 및 기아차의 내수판매호조, 2)해외공장 가동률 향상, 3)현대차 노소비체공장의 CKD신규매출인식 등으로 전년비 소폭 증가할 전망이다.",POSITIVE
"한편 3분기에 후판의 적자폭이 축소되면서 영업손익이 흑자로 전환되고, 하반기 자회사인 유니온스틸의 실적이 개선되는 점이 모멘텀으로 작용하여 향후 동국제강의 주가는 우상향할 것으로 예상된다.",POSITIVE
"LS 주가 하락의 원인은 ① 08년 인수한 슈페리어 에섹스의 실적과 유동성 문제, ② 자회사들의 실적에 대한 시장의 우려 때문으로 판단된다.",NEGATIVE
"한편 한솔건설, 한솔개발 등 만성적으로 지분법 손실을 발생했던 자회사들의 영업환경이 꾸준히 개선되어 한솔제지의 영업 외 수지 개선에 긍정적이다.",POSITIVE
"화학부문은 매출액 3,780억원(QoQ -120억원), 영업이익 170억원(QoQ -400억원)으로 S-Oil 4분기 실적 개선의 걸림돌이 되었는데, S-Oil 주력 제품인 PX 스프레드 악화가 주된 요인이다.",NEGATIVE
"한편, 경쟁사의 프로모션 강화로 백화점의 판관비가 늘어났고, 할인점은 PL비중이 1~3분기와 유사한 24%대에 머무는 등 수익성 개선 요인이 부재해 수익성 개선폭은 미미했다.",NEGATIVE
제일모직의 이번 4분기 영업실적은 시장컨센서스(745억원)보다 하회했다. 4분기 석유화학 영업이익은 166억원으로 전년동기 및 전분기 대비 감소하였다.,NEGATIVE
"언론을 통해 유동성 위기설이 제기되고 있는 성원건설에 대한 주채권 은행으로서, 관련 여신에 대한 부실 우려가 불거지며 외환은행의 주가가 최근 약세를 보이고 있다.",NEGATIVE
그러나 펄프 가격이 상승하면 자회사인 무림피앤피의 실적이 개선되어 무림페이퍼는 지분법이익으로 보상받을 것으로 전망한다.,POSITIVE
한솔건설의 실적 악화는 2009년 3분기 실적 발표 이후 한솔제지 주가의 리스크 요인이다.,NEGATIVE
"아비스타의 외형 감소는 기존 브랜드 중 BNX의 매출부진이, 아비스타의 영업이익 감소에 있어서는 기존 브랜드(BNX, TANKUS)의 수익성 둔화와 신규 브랜드(Eryn Brinie, Kai-aakmann)의 적자 폭 확대 때문이다.",NEGATIVE
주성엔지니어링는 PE-CVD(Plasma Enhanced Chemical Vapor Deposition) 장비를 LG디스플레이에게 5세대부터 8세대까지 납품했다.,NEUTRAL
영업실적은 안정적인 반면 자회사 실적부진이라는 불안요소도 지속 테크노세미켐의 ’09년 지분법평가손실이 2억원으로 전년 61억원 대비 급격히 감소했으며 이는 ’08년 자회사와 경인방송의 일회성 손실이 크게 작용한 때문임.,NEGATIVE
"하나 SK 카드는 하나은행이 51%의 지분을 가지고 있으며, SK텔레콤이 나머지 49%를 가지고 있다.",NEUTRAL
또한 CJ오쇼핑의 핵심 자회사인 동방 CJ 의 24 시간 방송(2010.2.8)개시로 2010 년 글로벌 전략은 구체화 될 전망이다.,NEUTRAL
"같은 시기에 현대제철의 당진 후판공장(150만톤)이, 오는 9월에는 포스코의 광양 후판 공장(200만톤)이 상업 가동될 예정이다.",NEUTRAL
"웅진에너지의 신주발행를 고려하면 웅진홀딩스는 웅진에너지는 대략 40%정도 보유하게 되고, 이의 지분가치는 2,400억원에서 3,200억원에 이를 수 있음.",NEUTRAL
"현대차증권에서는 이수화학의 목표주가 산정시 이수건설에 대한 지급보증액을 순차입금에 가산하여 이수화학 주식가치 산정에 반영하였으며, 행사 가능한 모든 Warrant를 주식 수에 가산하여 보수적으로 목표주가를 산정하였다.",NEUTRAL
2010년 국내 보툴리눔 독소 시장은 영업력을 재정비한 한국엘레간의 반격과 2009년 10월 식약청(KFDA)에 품목 허가를 신청한 휴젤(hugel)사의 신제품이 2010년 하반기 출시를 계획하고 있어 2009년과 같은 국내 시장 성장은 쉽지 않을 전망이다.,NEUTRAL
"현대차증권에서는 이수화학의 목표주가 산정시 이수건설에 대한 지급보증액을 순차입금에 가산하여 이수화학 주식가치 산정에 반영하였으며, 행사 가능한 Warrant를 주식수에 가산하여 목표주가를 산정했다.",NEUTRAL
PBR 2.2배는 국내 대표부품업체 삼성전기의 과거 5년간 상단 PBR에 LG이노텍의 유상증자 리스크를 감안한 10% 할인율을 적용한 수치임.,NEUTRAL
"세아제강 영업실적의 관건은 1) 강관 수출량 및 수출가격의 상승 정도, 2)포스코 핫코일 가격인상에 따른 강관 및 강판류 제품단가 인상폭과 이의 시장에서의 소화여부라 할 수 있다.",NEUTRAL
"SK텔레콤과 합병 기대도 높아질 것으로 예상 SK텔레콤은 SK브로드밴드와 당분간 합병 계획이 없다고 밝히고 있지만, 합병 가능성은 여전하다고 판단된다.",NEUTRAL
더욱더 재미있는 부문은 LG생활건강은 유럽의 대표적인 럭셔리 화장품 유통 브랜드샵 더글라스와 접촉하고 있다는 사실임.,NEUTRAL
대우증권은 대우인터내셔널 지분 7.1%를 보유하고 있는 대우캐피탈 CRV 지분을 24% 보유하고 있다.,NEUTRAL
LG전자 휴대폰 수익성이 악화되고 있지만 생활가전과 TV 사업부의 영업가치를 감안할 때 적자를 기록하고 있는 Motorola보다 시가총액이 작다는 것은 비정상적이다.,NEGATIVE
"2010년 프롬써어티의 매출액은 전년대비 131% 증가한 723억원, 영업이익은 흑자전환한 98억원이 예상됨. 외주 메모리 테스트 업체인 자회사 아이테스트(프롬써어티 지분율 27.5%)도 실적이 가파르게 개선되고 있어 지분법 이익도 급증할 전망임.",POSITIVE
"이러한 매력에도 가장 큰 성장 동력이었던 중국 법인의 성장성이 둔화되고 있고, 과거 3년과 달리 환율 환경도 부정적으로 변화되어 있다는 점이 새론오토모티브의 주가 상승을 제약하고 있다.",NEGATIVE
"롯데쇼핑의 외형 성장에 비해 이익률은 크게 하락했는데, 중국 무석법인의 수입 원재료비 상승에 따른 이익률 하락(무석법인 순이익 기준으로 적전)과 국내 본사에서 임원 퇴직급여 지급계수 상향에 따른 일시적인 인건비 증가(상반기 약 28억원 규모) 등 때문이다.",NEGATIVE
"제이콘텐트리는 완성차의 파업이 예상보다 길면서 국내 공장에서 단순모듈/핵심부품 모두 부정적인 물량 효과가 예상되고, AS 부문에서는 파업에 따른 수출 선적 지연과 달러 약세로 인한 부정적 환율 영향이 예상된다.",NEGATIVE
"이는 1) 전분기 대비 환율 하락에 따른 삼성전자의 영업이익에 대한 부정적인 영향가운데, 2) 1M lagging 정제마진의 하락(2Q16 $9.8/bbl → 3Q16 $5.4/bbl)과 유가 하락(9월 평균 유가, 6월 평균 대비 $2.9 하락)에 따른 재고평가손실 발생 등으로 인한 정유 부문의 실적 부진 등에 기인한 것이다.",NEGATIVE
"다만, 영업외적으로 인도/터키 법인 부진과 신규 진출 말레이시아/멕시코 법인 초기 영업손실이 지속되면서 티에스아이의 지분법 손실(62억원 추정, YoY -17억원) 규모가 증가하는 점은 아쉬움이다.",NEGATIVE
내년을 준비하자 리노공업에게 가장 큰 고객인 삼성전자 스마트폰이 갤럭시노트7 단종으로 인해 부진한 실적이 예상되는 만큼 리노공업의 4분기 실적도 기대에 미치지 못할 전망이다.,NEGATIVE
"현대차 실적 부진의 주요인은 1) Genesis 프리미엄 브랜드(G80/G90)의 미국 출시 지연, 2) Canvas Worldwide의 미 확정 매출총이익 인식 지연 및 인력 채용 완료에 따른 적자전환, 3) 중국법인은 매체대행 정산방식 변경으로 적자전환 영향이 컸다.",NEGATIVE
특히 3분기 SK플래닛 적자 폭이 감소하였다는 점은 투자심리를 호전시킬 공산이 크며 SK하이닉스 실적 호전 양상 역시 SKT 주가 상승에 일조할 가능성이 높아 보인다.,POSITIVE
"현대로템의 실적 추정을 하향한 것은 방산/모터 부문에서의 납품 감소/지연이 예상보다 큰 편이고, 연결 법인인 STC도 Mix 하락과 수익성 둔화가 발생하고 있기 때문이다.",NEGATIVE
"외형 감소로 인한 고정비 부담 상승과 고마진 사업부의 비중 축소에 따른 Mix 악화, 그리고 STC의 영업이익 급감(-47% (YoY))으로 현대로템은 영업이익률이 1.4%p (YoY) 하락했다.",NEGATIVE
투어 부문의 수익성 하락과 단기 상승 모멘텀의 부재 하나투어 전체 영업이익의 약 65%를 차지하는 투어 부문이 산업 내 경쟁심화로 인한 판관비 지출(광고/판촉비)이 증가하면서 수익성이 꾸준히 하락하고 있다.,NEGATIVE
"엠에프엠코리아는 2H15에 수주가 많이 늘었던 일부 스포츠웨어의 오더가 크게 증가하지 못하는 것으로 보이며, 매출의 약 4%를 차지했던 에어로포스테일이 파산하면서 매출 감소폭이 컸던 것으로 보인다.",NEGATIVE
"본업인 OEM부문 전방 수요 위축에 따른 매출 정체와 마진 스퀴즈로 실적 불확실성이 존재하는 가운데, 트럼프 미국 대통령 당선에 따른 TPP 발효 불발 가능성이 원익머트리얼즈에 대한 투자심리에 부정적으로 작용할 것으로 예상된다.",NEGATIVE
"다산네트웍스의 실적 부진 사유는 1) 고대했던 미국/일본/인도 지역 신규 매출 지연, 2) 국내 통신사 기가인터넷 투자 감소, 3) 나스닥 상장사인 존테크놀로지와의 합병에 따른 존테크놀러지 적자 반영분 때문이었다.",NEGATIVE
"높은 수준의 고객 다변화, 14%의 높은 영업이익률, 그리고 2.5%의 배당수익률에도 불구하고, 중국 법인의 생산능력 부족과 엔화 강세의 부정적 환율환경 등으로 인한 성장성 둔화가 현대차의 주가의 발목을 잡고 있다.",NEGATIVE
"그간 매일유업 본업의 실적 호조에도 불구, 제로투세븐과 엠즈씨드(폴바셋) 등 자회사의 수익성 부진이 전체 실적 및 주가에 부담으로 작용했다.",NEGATIVE
"휴켐스의 실적 하락은 BASF가 화재 사고로 아크릴산 공장의 불가항력 선언을 하였고,중국 내 일부 업체 트러블로 공급 차질 현상이 발생하였으며, 중국 석탄 가격상승에 따라 내수 프로필렌 가격이 상승하였기 때문이다.",NEGATIVE
1Q17 투입원가 상승에 따른 가격전가의 목마름 포스코 4Q16 실적의 주요하락 원인으로는 1) 원료탄 가격상승에 의한 투입원가의 5.5만원이(추정) 인상됐음에 불구하고 탄소강 ASP는 2.5만원 인상에 그침에 따라 margin squeeze가 발생했다는 점. 2) 포스코건설의 비용인식 증가 및 주요 해외법인의 수익성 축소 3) 일회성 비용 발생 때문이다.,NEGATIVE
"LG패션의 외형 축소는 정국 불안에 따른 소비 심리 위축 영향과 상반기에 진행된 2개 브랜드(질바이질, 일꼬르소) 백화점 매장 철수 영향, 아웃도어 브랜드 라푸마 부진에서 기인할 것으로 보인다.",NEGATIVE
"전년도 기저효과에도 불구하고 백화점 기존점 성장률은 2%에 그치면서 매출 성장률과 이익 증가 폭은 예상 보다 부진하였다(각각 11.0%, 4.4%). 동대구점은 12월에 오픈하면서 50억원의 영업적자를 기록하였다.",NEGATIVE
모두투어의 자회사 합산 영업적자는 약 16억원 수준이었으며 이 중 4분기 광고선전비용이 증가한 자유투어가 영업적자 11.8억원 그리고 모두 스테이 등 인바운드 여행관련 사업을 하는 자회사들도 소폭 적자를 기록한 것으로 파악된다.,NEGATIVE
"자회사 PMX의 경우에도 신동 판매량 감소와 제품 Mix 악화로 35억원의 영업이익을 기록했고, 그로 인해 풍산의 연결기준 영업이익 또한 시장컨센서스 669억원을 하회하는 600억원(YoY +133.4%, QoQ +2.5%)을 기록하는데 그쳤다.",NEGATIVE
"지분법평가의 대부분을 차지하는 한국타이어의 4분기 매출액/영업이익이 1.62조원/2,397억원(OPM 14.8%, -0.2%p (YoY))으로 예상을 하회하면서 관련 매출액/이익은 기대치를 하회하고, 한국앤컴퍼니의 수익성에 부정적 영향을 미쳤을 것이다.",NEGATIVE
"발전 수주 전망은 긍정적이나 자회사발 우려감 지속에 발전분야 매출 성장 전망도 기대치 아래: 자회사인 두산건설과 두산인프라코어의 4Q16 세전이익은 각각 -2,206억원과 -1,767억원으로 두산중공업 어닝쇼크의 주요 요인이었다.",NEGATIVE
"그러나 판가 하락에 따른 가공소재 부문의 실적 부진과 더불어 태양광/기타 부문의 영업이익이 3Q16 대비 1,238억원 감소한 316억원 적자를 기록하며 한화케미칼의 전체 실적은 부진을 면치 못하였다.",NEGATIVE
이니스프리도 출점 계획이 작년보다는 축소될 것으로 보이며 중국인 수요 감소로 기존점 효율이 다소 낮아질 가능성을 염두하여 아모레퍼시픽의 실적 기대치를 소폭 낮출 필요가 있다고 판단된다.,NEGATIVE
아모레퍼시픽과 이니스프리를 포함하여 아모스프로페셔널까지 중국인 수요가 비교적 많았던 브랜드 위주로 올해 실적에 대해 불확실성을 안고 갈 수 밖에 없는 상황이다.,NEGATIVE
"게임부문은 1~2월 ""포켓몬고"", ""리니지2레볼루션""등 경쟁게임들의 대대적인 흥행으로 카카오게임의 가입자 이탈 및 ARPU감소 영향이 실적에 부정적인 영향을 미치며 전분기대비 14.2% 감소할 것으로 추정된다.",NEGATIVE
"미국 공장의 출하는 Fleet 판매 자제와 모델 노후화로 21% (YoY) 감소하고, 중국 공장의 출하는 딜러와의 분쟁과 반한 감정에 따른 매장 집객력 약화 등으로 45% (YoY) 감소했다.",NEGATIVE
"현대제철의 연결 영업이익의 경우에도 니켈가격 하락에 따른 현대비앤지스틸의 수익성 개선 둔화로 시장컨센서스인 3,133억원과 유사한 수준인 3,148억원(YoY +16.9%, QoQ -18.8%)에 그칠 것으로 예상된다.",NEGATIVE
"현 주가를 역추적해 보면, 한화건설 가치는 한화의 주가에 전혀 반영되지 못한 상황이다.",NEUTRAL
2Q~4Q 실적 추정치를 기존과 유지하되 당분간 불확실성을 안고 가야 하는 점이 부담스러워 아모레G는 아모레퍼시픽과 마찬가지로 당분간 중국발 이슈에 주시하면서 관망할 것을 선호한다.,NEGATIVE
에너지 솔루션 부문은 미국 태양광 발전소 매각 수익이 예상보다 적었던 가운데 미국 태양광 모듈 업체의 실적 부진 등으로 예상보다 적은 영업이익을 기록하였다.,NEGATIVE
"2Q17도 아쉬운 상황, 현대위아의 핵심 고마진 사업인 중국 엔진부품사업이 2Q17에도 현대기아차의 중국판매 부진으로 인해 동반 부진이 예상된다.",NEGATIVE
한편 한국콜마의 영업이익률이 1.5%pt(YoY) 감소한 것은 국내 인건비 상승 이외에도 북경콜마가 이익률 개선이 어려웠을 것으로 추정된다.,NEGATIVE
"다만, NHN벅스의 영업이익은 1) 니나노 클럽의 마지막 프로모션 비용, 2) 인건비 증가, 3) 자회사 그루버스의 손실 지속, 그리고 4) 팟캐스트 ‘팟티’ 관련 콘텐츠 비용 등으로 부진했다.",NEGATIVE
"진에어 외에 호텔, 한진관광, 토파즈여행정보 등의 자회사는 매출액 증가 혹은 영업이익이 개선될만한 요인은 없지만 한진칼의 전체 실적에 미치는 영향은 미미할 것으로 판단한다.",NEUTRAL
"3Q 영업이익 -58억원으로 크게 부진, 존테크 부실 반영 때문 다산네트웍스는 2016년 3분기에 연결 기준 매출액 425억원(-29% YoY, -20% QoQ), 영업이익 -58억원(적확 YoY, 적전 QoQ)으로 어닝 쇼크를 기록하였다.",NEGATIVE
"HA사업부는 비수기로 접어들며 영업이익이 전분기대비 34% 감소, HE사업부도 LCD패널 가격의 상승과 연말 성수기 판매를 위한 마케팅비 증가로 인해 수익성이 악화되어 전분기대비 31% 감익을 추정한다.",NEGATIVE
"S&T모티브와 S&TC가 영업외 및 영업관련 비용으로 각각 240억원, 242억원을 반영하였는데, 일회성 비용을 제거할 경우 영업이익과 순이익은 각각 251억원, 422억원에 달하는 것으로 추정된다.",NEUTRAL
"그러나, 이번 분기에 파티클보드를 생산하는 대성목재가 설비 라인을 신규로 8월에 교체하면서 3분기 매출, 영업이익이 감소한 것으로 예상되고, 한국일보 역시 3분기 영업이익이 감소한 것으로 판단된다.",NEGATIVE
"매출액 증감률에 비해 영업이익 감소폭이 컸는데 이는 1)차량부문 영업이익률이 외형감소와 판매보증관련 비용 증가에 따라 전년동기비 3.0%p 하락했고, 2)금융부문 영업이익률도 중고차 잔존가치 하락에 따라 전년동기비 2.3%p 하락했기 때문이다.",NEGATIVE
"매출액은 연결 자회사 SK가스 LPG의 석화사와 산업체 B2B 매출증가, SK어드밴스드 및 트레이딩 물량 증가에 기인하여 1조 5,033억원(+35.1% YoY)을 기록하였다.",POSITIVE
"삼성전자 지주사 전환 포기로 삼성SDI가 보유하고 있는 삼성디스플레이 지분가치를 논하는 게 의미가 없는 마당에, 현금 유입이 없이 장부상 평가이익에 그치는 지분법평가이익으로 과연 얼마까지 주가 상승을 논할지 동의하기 어렵다.",NEUTRAL
"소재부문은 자동차부문 파업으로 생산물량 감소와 매출부진, 이익부진이 나타나서 매출액 2,097억원으로 전년비 14.2% 감소했고, 영업이익은 37억원으로 전년비 78% 감소, OPM 1.8%로 부진했다.",NEGATIVE
이로 인해 자동차 부문의 영업이익률이 3.3%p (YoY) 하락하며 3.9%에 불과했다(연결조정 포함 이익률 기준). 금융 부문의 이익률도 미국 중고차 가격 하락과 금리 인상에 따른 부정적 영향이 지속되면서 2.2%p (YoY) 하락하면서 2.6%를 기록했다.,NEGATIVE
"이에 따라 비카지노 부문 성장이 제한적인 가운데 매출총량제를 무시할 수 없는 상황이기 때문에 카지노 부문 성장률도 +2.2%YoY(테이블 +5.0%YoY, 슬롯머신 -3.5%YoY)로 3Q16 +8.1%YoY, 4Q15 +8.0%YoY대비 낮아질 것으로 추정된다.",NEGATIVE
"전년 일회성으로 수익성이 좋았던 상신이엔지의 이익 규모 감소와 중국 법인의 마진 하락, 그리고 신공장 가동에 따른 감가상각비 증가와 금년 일회성의 대규모 인건비 증가 등 때문이다.",NEGATIVE
"주요 자회사인 아모레퍼시픽 외에도 이니스프리와 에뛰드가 해외 관광객 유입 감소에 따른 면세 매출 부진 등으로 인해 영업이익이 각각 YoY -11.0%, YoY -29.0% 감소했다.",NEGATIVE
"중국 국경절 이후 재고확보 수요 증대로 석유화학부문의 감익폭이 제한(영업이익 4,861억원 추정, QoQ -6%)된 가운데, ESS의 매출 확대로 인해 전지부문의 적자가 축소(영업이익 -90억원, QoQ +51억원)될 것으로 전망하기 때문이다.",POSITIVE
특히 3분기 SK플래닛 적자 폭이 감소하였다는 점은 투자심리를 호전시킬 공산이 크며 SK하이닉스 실적 호전 양상 역시 주가 상승에 일조할 가능성이 높아 보인다.,POSITIVE
"파업에 따른 가동률 하락으로 고정비 부담이 늘면서 자동차 부문의 실적이 악화되었고, 금융 부문도 HCA의 중고차 가치 하락 관련 손실로 수익성이 하락했다.",NEGATIVE
하반기 성수기 진입과 함께 기대를 모았던 물류부문도 한진해운 운항 차질에 따른 선박 공급부족과 그에 따른 해운 운임 상승이 부정적인 영향을 미친 것으로 보인다.,NEGATIVE
"하지만 정보전자소재는 편광판의 단가인하 영향으로 적자 폭이 추가 확대 되었으며, 전지는 전반적인 출하량 증대로 2Q 대비 개선되었지만 여전히 적자가 지속되고 있다.",NEGATIVE
금값 하락에 금펀드 수익률 추락…최근 한달 4.86%,NEGATIVE
작년 세탁기 분야 미국특허 LG전자·삼성전자 1∼2위,POSITIVE
하나금투 내년 코스피 1900∼2400선 등락,NEUTRAL
NHN엔터 3분기 영업익 295%↑…페이코 지속 성장,POSITIVE
한국거래소 코넥스 합동 IR 콘퍼런스 2223일 개최,NEUTRAL
국제 원자재 가격 경제에 미치는 영향력 감소,NEUTRAL
예탁원 비통일규격주권 6만4천320주 교체 신청받아,NEUTRAL
미국 2분기 산업생산 1.2% 감소…무역갈등 역풍,NEGATIVE
코스피 미국발 악재에 또 급락…2360대로 털썩,NEGATIVE
미래에셋대우 22일 전국 동시 WM 자산관리세미나,NEUTRAL
금융시장 출렁…금융·증권주 줄줄이 52주 신저가종합,NEGATIVE
사드보복에 유커 발길 뚝…2분기 여행수입 6년 만에 최소,NEGATIVE
주식형펀드·채권형펀드 설정액 추이,NEUTRAL
착한기업 투자 SRI 펀드 인기…석달간 약 500억 유입,POSITIVE
LG전자 스마트폰사업 10분기째 적자…3Q 영업손실 3천753억,NEGATIVE
삼성 미국 하만 9조4천억원에 인수…역대 최대 MA 빅딜,POSITIVE
KT 대학생 서포터즈 모바일 퓨처리스트 모집,NEUTRAL
삼성·LG 연말 스마트폰 시장 한정판·명품 마케팅,NEUTRAL
1분기 스마트폰 세계시장 삼성 1위…화웨이 4%p차로 뒤쫓아,POSITIVE
케이뱅크 위메프서 예·적금 금리우대…예금 최고 연 2.4%,NEUTRAL
에이앤티앤·KJ프리텍 감사의견 거절…상폐 위기,NEGATIVE
거래소 나노캠텍에 주가급등 관련 조회공시 요구,NEUTRAL
기아차 광주공장 올해 생산량 49만9천여대…작년보다 6% 감소,NEGATIVE
홈플러스 올해 풋살파크 이용객 110만명 예상…마트 매출도 상승,NEGATIVE
나노스 최대주주 변경 급등…나무가도 강세,POSITIVE
CJ ENM 다이아 티비 크리에이터 유튜브 해외조회율 60% 돌파,POSITIVE
주택 매매·전세거래 동반 위축에 거래지수 연중 최저,NEGATIVE
이통 3사 시장 안정 속 무선 사업 나란히 회복세,POSITIVE
코스피 중국 증시 반등에 안도…1890선에 바짝,POSITIVE
대한항공우 급등 지속…한진그룹주 강세,POSITIVE
코스피 글로벌 훈풍에 상승…코스닥은 연중 최고치 출발,POSITIVE
코스피 글로벌 증시 훈풍에 장중 2020선 진입,POSITIVE
코스피 미국 증시 호조·ECB 기대에 2010선 껑충,POSITIVE
최대 위기 롯데…호텔·MA·면세점 휘청,NEGATIVE
국제유가 미국 고용악화 속 약세…WTI 1.0% 하락,NEGATIVE
실적 부진 LG전자 휴대폰 사업부문 수장 교체,NEGATIVE
NHN엔터 우리은행·KB국민카드와 포인트 전환 제휴,POSITIVE
삼성전자·SK하이닉스 투톱 질주…코스피 2490선 회복,POSITIVE
리니지M 파워…엔씨소프트 1분기 영업익 570% 증가,POSITIVE
코스피 2480대 순항…미국발 훈풍·외국인 사자,POSITIVE
정부 통신3사 5G 중저가요금제 이견…향후 치열한 신경전 예고,NEGATIVE
경영위기 부른 현대차 플랜트본부 과거 성공에 안주했다,NEGATIVE
삼성전자 스마트폰사업 영업익 4조 돌파 어닝서프라이즈,POSITIVE
신한카드 우버와 전략적 파트너십 체결,POSITIVE
코스피 4분기 실적 먹구름…75% 기업 이익 전망치 하향,NEGATIVE
LG전자 스마트폰사업 9분기 연속 영업손실…매출도 21% 급감,NEGATIVE
간편결제 앱 1위는 모바일결제ISP…삼성페이 2위,POSITIVE
은행 연체율 두 달 연속 상승…가계·기업 동반 악화,NEGATIVE
CJ오쇼핑 CJ EM 흡수합병…융복합 미디어 커머스 기업 탄생종합,POSITIVE
네이버 라인 상장 미정…日 수혜주들 동반 폭락,NEGATIVE
미국 증시 쇼크에 코스피 2% 코스닥 4% 급락 출발종합,NEGATIVE
"아시아 금융시장 브렉시트 혼돈…일본,중국 증시 3% 이상 폭락",NEGATIVE
니켈 가격 급등에 니켈 ETN 강세,POSITIVE
LG전자 스마트폰 사업 또 적자…2분기 영업손실 더 커져,NEGATIVE
코스피 IT 대형주 강세에 강보합 마감…코스닥 1%대 반등,POSITIVE
대화하는 조성진 LG전자 부회장과 록하이머 구글 부사장,NEUTRAL
주택시장 꺾이니 아파트 경매 열기도 주춤,NEGATIVE
웹보드게임 규제 유지…NHN엔터 목표가 하향조정,NEGATIVE
외국계 금융사들과 만난 윤석헌 금감원장,NEUTRAL
증권업 수익성 개선…최선호주는 한국금융지주,POSITIVE
삼성그룹 시총 전자·바이오 동시 추락에 56조원 증발,NEGATIVE
신한금융·우리은행 정기주총 …금융의 사회적 책임 한목소리,NEUTRAL
내년 삼성 스마트폰 역성장…세계점유율 10%대 하락,NEGATIVE
국민은행과 티맥스 차세대시스템 SW 선정 갈등 장기화 조짐,NEGATIVE
삼성 기어VR 세계 시장 점유율 72％…단연 1위,POSITIVE
금융위와 금감원 국제증권감독기구 EMMoU 정회원 가입,NEUTRAL
SK이노베이션 중국시노펙 BDO 합작사업 중단…시황 악화,NEGATIVE
예보 제6회 저축은행 경영진 초청 워크숍,NEUTRAL
1분기 카카오와 케이뱅크 자본비율 급락…적자 탓,NEGATIVE
10대 자동차생산국 1분기 생산 4.6% 감소…한국 4년째 감소세,NEGATIVE
코스피 또 패닉 2050대 연저점…코스닥도 2%대 급락,NEGATIVE
외국인 3월 주식 사자 전환…채권은 순투자 지속,POSITIVE
삼성전기과 LG이노텍 주가 부진은 사업구조 때문,NEGATIVE
국제유가 캐나다 생산차질 우려 완화로 하락…WTI 27% 감소,NEGATIVE
금감원예보 정보공유 확대…금융사 내부분석자료 제공,NEUTRAL
키움증권 연 15% 수익추구 ELS 공모,NEUTRAL
한국거래소 노조 금융위 거래소 인사 개입 중단하라,NEUTRAL
지방경기 부진에 지방은행·상호금융 대출건전성 노란불,NEGATIVE
"슈퍼주총데이 현대차,삼바,YG 등 300여곳 줄줄이 주총",NEUTRAL
CJ ENM에 스튜디오드래곤 지분매각 추진 조회공시 요구,NEUTRAL
글로벌 자금 신흥국 펀드서 순유출…한국서 8주째 이탈,NEGATIVE
하나투어 시내 면세점 실적 우려…목표가 하락,NEGATIVE
예탁원 내년 7월 발행사 대상 전자증권시스템 오픈,NEUTRAL
중국 스마트폰 시장 성장 주춤…작년 처음으로 4% 감소,NEGATIVE
보험사 올해 수입보험료 1.9% 감소 전망…생보업계 부진,NEGATIVE
글로벌자금 신흥국 펀드 유입…한국은 15주째 몰려,POSITIVE
금감원장 은행권 자영업자 포용 강화해야…컨설팅 보완 필요,NEUTRAL
LG유플러스 U골프 올해 누적시청 4천200만분 돌파,POSITIVE
서울 뉴욕과 함께 세계 7번째로 물가 비싸다…빵값 세계 최고,NEGATIVE
금융감독원 외국계 금융회사 대상 업무설명회 개최,NEUTRAL
기업은행 6천500억원 규모 조건부 후순위 지속가능채권 발행,NEUTRAL
금감원 주권상장법인 감사인 등록신청서 서식 제정,NEUTRAL
인보사 사태에 제약과 바이오 시총 두달간 2.8조원 증발,NEGATIVE
KOTRA 방콕서 아시아 글로벌파트너링 사업 개최,NEUTRAL
우리은행 부스서 핀테크 체험하는 최종구 금융위원장,NEUTRAL
토니모리 태극제약 주식 전량 87억원에 처분 결정,NEUTRAL
코스피 미국 증시 호조에 사흘째 반등…2040선 공략,POSITIVE
코스피 2280선 회복…코스닥 7거래일 만에 반등,POSITIVE
코스닥 4%대 급락…IT와 바이오주 약세에 연저점,NEGATIVE
코스피 1900선 위태…중국 불안에 환율 영향도,NEGATIVE
롯데 비자금 2차 압수수색…롯데건설 등 계열사 10여곳,NEGATIVE
미국발 훈풍 코스피 장중 2120선 회복…코스닥 2% 올라,POSITIVE
싱가포르항공 G마켓서 항공권 20% 할인 판매,NEUTRAL
코스피 삼성전자 급락 속 2050선 약세 출발,NEGATIVE
네이버 해외사업 덕 쾌재…카카오도 콘텐츠 실적 호전에 안도,POSITIVE
트럼프 효과에 하나금융와 신한지주 신고가,POSITIVE
저금리에 수익률 높은 경기 지역 오피스텔 관심 증가,POSITIVE
키움과 토스뱅크 컨소시엄 인터넷전문은행 심사서 모두 탈락,NEGATIVE
삼성물산과 삼바 불확실성 커…목표주가 하향,NEGATIVE
12월 서울 아파트값 초강세…전국도 4년반 만에 최대 상승,POSITIVE
미국 증시 강세에 코스피 상승…나흘 만에 2090대 마감,POSITIVE
중국 부동산 불황 쇼크…관련기업 주가 하루 80% 폭락,NEGATIVE
국제유가 경기우려 속 연이틀 약세…WTI 1.7% 감소,NEGATIVE
한은 단기 원화강세 수출 영향 약화…자동차와 기계류엔 부정적,NEGATIVE
키움과 토스 인터넷은행 진입 불발…인가 3분기 재추진,NEGATIVE
코스피 미국발 악재에 2170대 후퇴…코스닥 1%대 하락,NEGATIVE
코스닥 2% 하락해 870대 후퇴…셀트리온 3사 급락,NEGATIVE
반도체 업황 회복 가시화…SK하이닉스 최선호,POSITIVE
코리아세일페스타 첫날 백화점 매출 쑥…작년보다 40% 증가,POSITIVE
사드 후폭풍에 강원 경제 휘청…관광·투자유치 직격탄,NEGATIVE
서울 아파트값 나홀로 강세…송파구 2013년 이후 최대 상승,POSITIVE
카카오 블록체인 클레이튼에 LG·셀트리온·넷마블 등 참여,NEGATIVE
NH투자 삼성중공업 실적 회복 국면…목표주가 상승,POSITIVE
구글 스타트업 지원프로그램 참가 6개사 졸업,NEUTRAL
LGU·카카오모빌리티 5G 기반 스마트교통 서비스 맞손,NEUTRAL
에스맥 오성엘에스티에 100억원 규모 투자,NEUTRAL
유진투자 제주항공 경쟁 심화…투자의견 중립,NEUTRAL
교보증권 코오롱글로벌 1분기 깜짝 호실적…목표주가상승,POSITIVE
라이즈 싱가포르 디지털 자산운용기업과 투자유치·MOU체결,NEUTRAL
4차산업혁명 10년 후 한국은…소비자 욕구 실시간 반영,NEUTRAL
한투증권 금주 코스피 2020∼2100 전망…배당주 주목,NEUTRAL
우리로 주연테크 지분 전량 처분,NEUTRAL
하나금투 LG유플러스 수급상황 개선 기대…매수 적기,POSITIVE
하나대체운용 美보스턴 아파트 개발사업 투자 펀드 출시,NEUTRAL
게시판 카카오페이 쇼미더머니 협찬기념 1억원 증정 이벤트,NEUTRAL
게시판 롯데홈쇼핑 인니 미디어기업 엠텍과 업무협약,NEUTRAL
카카오 넥슨 인수 다각도로 내부 검토 중,NEUTRAL
네이버랩스삼송캐스터 MOU…전동카트 사업 협력,NEUTRAL
대신증권 LG이노텍 상반기 실적 부진…목표가하락,NEGATIVE
롯데 10∼11일 정기임원인사…황각규 부회장 승진 유력,NEUTRAL
게시판 투교협 2019년 채권시장 전망 수요강좌,NEUTRAL
㈜한화 슈퍼주총 피해 27일 주총…모바일 투표 도입,NEUTRAL
미래에셋 엔씨소프트 올해 실적 호조 예상,POSITIVE
삼성전자 5G 시대 앞두고 네트워크사업부 수장 교체,NEUTRAL
EDGC 씨엔에스헬스케어 주식 200억원 양수 결정,NEUTRAL
케이씨 케이씨텍 주식 238만주 주당 2만5천원에 공개매수,NEUTRAL
LS 미국 손자회사에 1천782억원 채무보증 결정,NEUTRAL
텔루스 광학렌즈 업체 디오스텍 인수,NEUTRAL
KTB투자증권 동아에스티 3분기 실적 쇼크…목표가하락,NEGATIVE
롯데정보통신 지멘스 인더스트리 소프트웨어와 파트너십 체결,NEUTRAL
포스코건설 전주 에코시티 더샵 2차 분양,NEUTRAL
SC제일은행 페이코 제휴계좌 개설 서비스 출시,NEUTRAL
삼성전자 삼성생명공익재단에 953억 증여,NEUTRAL
증시신상품 미래에셋운용 금 선물 ETF 9일 상장,NEUTRAL
1보 코스피 2060대 회복…코스닥도 1%대 상승,POSITIVE
최종구 박삼구 대신 아들이 경영 뭐가 다른지 판단해야,NEUTRAL
삼표시멘트 2천200억 동양시멘트 지분 45% 담보 계약,NEUTRAL
이마트24·중흥토건 등 3개사 내년부터 동반성장지수 평가,NEUTRAL
애플·삼성·화웨이 3곳만 스마트폰서 이익 낸다,POSITIVE
테스 SK하이닉스 中법인과 27억원 반도체 장비 공급계약,NEUTRAL
테스 37억원 규모 반도체 제조장비 공급계약,NEUTRAL
아모레퍼시픽그룹 중국 국제수입박람회 참가,NEUTRAL
개미들 셀트리온 공매도 세력과 한판…증권사 갈아타,NEUTRAL
효성첨단소재 독일 계열사에 232억원 출자,NEUTRAL
펀드온라인코리아 한국포스증권으로 개명,NEUTRAL
삼성생명 삼성카드 지분 추가매입…지분율 71.95%,NEUTRAL
벅스 사운드캣과 제휴…음향기기 할인 판매,NEUTRAL
한화에어로스페이스도 아시아나 인수설 부인…1분기 적자 축소종합,NEUTRAL
CJ올리브네트웍스·한화테크윈 무인매장사업 확대 MOU,NEUTRAL
산업부 브렉시트 관련 수출업계 간담회,NEUTRAL
현대중공업 현대오일뱅크 프리IPO 검토한 바 없어,NEUTRAL
삼성SDS 사이버보안·블록체인 벤처에 투자,NEUTRAL
국민연금 삼성증권 주식 10.01% 보유,NEUTRAL
한성숙 네이버 대표 사회책무 강화한다…600억 펀드 조성,NEUTRAL
골프존카운티 골프장 인수 나서…1천140억원 투자종합,NEUTRAL
새해 첫 거래일 코스피·코스닥 상승 출발2보,POSITIVE
LG그룹 4세 경영에 시동…경영 전면에 나선 구광모 상무,NEUTRAL
최종구 삼성바이오 사전통지 공개로 시장 혼란…개선안 강구,NEUTRAL
기아차 2020년형 스팅어 출시…첨단주행보조 탑재 늘려,NEUTRAL
엘리엇 삼성물산 총수익스와프 5%룰 공시위반 결론,NEGATIVE
SC제일·KDB생명·롯데손보 소비자보호 낙제점,NEGATIVE
일본 후쿠오카서 한중일 중앙은행 총재회의 개최,NEUTRAL
특징주 한진해운·현대상선 합병설에 동반 상승종합,POSITIVE
코스피 2030선 턱밑…외인 10일 만에 사자2보,NEUTRAL
KTG 16일 주총 사장 연임 판가름…외국인 투자자 표심 주목,NEUTRAL
조흥 최대주주 오뚜기 외 13인으로 변경,NEUTRAL
발표하는 고동진 삼성전자 사장,NEUTRAL
작년 미·EU에 투자한 돈 424억불상승…미·EU 자금은 732억불하락,NEUTRAL
CJ EM 케이밸리 주식 1천498억원어치 취득 결정,NEUTRAL
9만9천원 TV까지 등장…신세계그룹 쓱데이에 전력투구,NEUTRAL
3월 유로존 인플레이션 1.4% 예상…2월보다 0.1% 포인트 하락,NEUTRAL
아프리카TV NHN 팟캐스트 플랫폼 팟티 인수,NEUTRAL
수출입은행 개성공단 경협보험금 신청 접수 시작종합,NEUTRAL
삼성전자 삼성페이 올해 중국·영국·스페인 도입종합,NEUTRAL
KT KT 5G 체험관 오픈,NEUTRAL
삼성전자 뉴넷 캐나다 인수…차세대 문자메시지 사업 진출,NEUTRAL
강스템바이오텍 크로엔 지분 60% 취득 결정,NEUTRAL
LGU 아이돌 일상 담은 오리지널 콘텐츠 아이로그U 공개,NEUTRAL
카카오 1조8천억원에 음원 최강자 멜론 인수종합2보,NEUTRAL
SKT·KT 통신요금 신고제 전환…요금인상 자유로워져,NEUTRAL
골프존 골프존네트웍스 합병 결정,NEUTRAL
신한금융투자 팟캐스트 등 오디오 서비스 개시,NEUTRAL
삼성 갤럭시S9 어떤 모습일까…전작보다 베젤 더 얇아질듯,NEUTRAL
예탁원 외화증권 결제수수료 평균 10% 인하,NEUTRAL
특징주 카카오 카카오뱅크 대주주 적격심사 재개에 강세종합,POSITIVE
IBK투자 셀트리온 코스피200 편입 시 4천844억원 유입,NEUTRAL
자산운용사 4개사 금투협 정회원 신규 가입,NEUTRAL
해외 주식 투자 유망지역은 미국삼성증권 설문,NEUTRAL
NH투자증권 삼성그룹 순환출자 해소 우선해야,NEUTRAL
코스닥 스케일업 펀드 2천억 규모로 출발…운용사 선정 착수종합,NEUTRAL
한컴시큐어 블록체인 분석 솔루션 사업…비트퓨리와 협약,NEUTRAL
삼성물산 서초빌딩 매각 추진…재무구조 개선·투자재원 확보종합,NEUTRAL
원익IPS 삼성전자에 251억원 반도체 제조장비 공급,NEUTRAL
네이버 스타트업 유럽 진출 돕는다…프로그램 운영,NEUTRAL
금감원 영세 상호금융조합 내부통제 컨설팅 30곳으로 확대,NEUTRAL
최흥식 하나금융은 권위 인정 않지만 우리는 할일 한다종합,NEUTRAL
BGF리테일 휘닉스스프링스CC 인수 검토,NEUTRAL
코스피 미·중 무역분쟁 우려 재점화에 하락종합,NEGATIVE
KB국민카드 캄보디아 현지 특수은행 인수,NEUTRAL
신기술 시연하는 시뇨라 르노삼성 사장,NEUTRAL
금감원 최흥식 前원장 연루 하나금융 특검결과 내일 발표,NEUTRAL
코인원농협은행 가상화폐 신규 투자자도 계좌 열어줘,NEUTRAL
미래부 SKTCJ헬로비전 합병 관련 의견 수렴,NEUTRAL
SKT 스톡옵션한도 대폭 상향…박정호 사장에 첫 적용,NEUTRAL
WSJ 올해 스마트폰 전쟁 치열…미국이 최대 격전지 될 것,NEUTRAL
증시 지각변동…LG화학·삼성바이오 약진종합,POSITIVE
IBK투자증권 무궁화신탁과 부동산 금융·개발 협력 MOU,NEUTRAL
시스템적 중요금융사로 신한·하나·KB·농협·우리 선정,POSITIVE
동정 위성호 신한은행장 대전·충청 지역 기업고객 만나,NEUTRAL
모두 발언하는 이주열 한은 총재,NEUTRAL
롯데 인도서 스타트업 경진대회…3개사 선발해 5천700만원 상금,NEUTRAL
NH투자 카카오페이와 제휴…연 3.5% CMA 발행어음 판매,NEUTRAL
RFHIC 534억원 방산용 레이더 TR모듈 공급 계약,NEUTRAL
NH투자 부산 등 4곳서 해외채권포럼,NEUTRAL
코스피 기관·개인 매수에 반등…코스닥 1%대 상승종합,POSITIVE
미국 증시 훈풍에 외국인 사자…코스피 2480대 순항,POSITIVE
롯데제과 허쉬 트위즐러 국내 판매,NEUTRAL
삼성 갤노트9 중국 출시행사…소비자 신뢰 다시 얻겠다,NEUTRAL
LG전자 알뜰폰 전용 10만원대 스마트폰 X2 출시,NEUTRAL
롯데 엘포인트 내년 4월부터 일본 여행서도 쓸 수 있다,NEUTRAL
W홀딩컴퍼니 아이오케이 주식 110억원에 추가취득,NEUTRAL
남성 백화점 큰손으로…신세계 남성전용 카드 출시,NEUTRAL
LG그룹 구본무 회장 별세,NEUTRAL
사이버 침해 느는데…한국 사이버보험시장 미국의 1%,NEUTRAL
삼성 헤일리 최대 90만 달러에 영입…다양한 구종 갖춘 우완,NEUTRAL
SP 산업·수출입은행 신용등급 AA로 상향,POSITIVE
캠코 용산 단독주택 등 827억원 압류재산 공매,NEUTRAL
KTB투자증권 이병철 부회장 1대주주 등극…경영분쟁 마무리종합,POSITIVE
네이버 자회사 일본 라인 캐릭터 사업 라인프렌즈 분사종합,NEUTRAL
롯데 신동빈 일본서 3주 만에 귀국…내년 경영구상에 집중,NEUTRAL
미중 무역협상 불안에 코스피 장중 2150대 후퇴종합,NEGATIVE
중국폰 인기에 안드로이드 점유율 더 상승…1분기 86.1％,POSITIVE
금융위 신한지주 오렌지라이프 인수 승인,POSITIVE
투비소프트 中상하이시 투자기관 사드 논란으로 계약해지종합,NEGATIVE
포크밸리 NC다이노스와 손잡고 전국시장 공략,POSITIVE
거래소 코스닥 외국기업 합동 설명회 31일 개최,NEGATIVE
텔루스 자회사 디오스텍 합병 결정,NEUTRAL
삼성 글로벌 통신사와 손잡고 차세대 메시지 서비스,POSITIVE
금호타이어 예비입찰에 박삼구 회장 불참,NEUTRAL
코스피 삼성전자 사상 최고가 행진에 연중 최고치 마감,POSITIVE
"3분기 경기 둔화의 영향 속에서 거두고 있는 LG전자의 실적에는 안정감이 있다. 4분기 글로벌 영업이익은 6,136억원 수준으로 전년 동기 대비 61% 증가하는 모멘텀을 기대하고 있다.",POSITIVE
타이어코드와 아리미드(방탄복)를 생산하는 신자부문은 수급구조가 안정적인 관계로 하반기에도 동사의 안정적인 수익원 역활을 담당할 것으로 전망된다.,POSITIVE
코오롱의 2008년 순이익이 크게 증가하는 것은 SAP 매각차익 등 일회성 수익이 반영되기 때문이다.,POSITIVE
"단기적으로 주가의 발목을 잡았던 디스플레이 부문의 경쟁 심화 우려는 다소 과도한 것으로 판단한다. 2분기 Review: 수주잔고 3,112억원으로 높은 수준 유지에스에프에이의 2분기 매출액은 전분기 대비 27.6% 증가한 899억원, 영업이익은 16.6% 증가한 100억원을 기록하였다.",POSITIVE
에스에프레이는 2010년 매출액 1조원 달성을 위한 인프라 구축은 단기적으로 디스플레이 경기가 다소 둔화되더라도 장기적인 비젼을 가지고 투자를 지속할 의지를 내비쳤다.,NEUTRAL
"다만, 2분기 실적을 반영하여 한진KPS의 실적을 소폭 상향조정한다. 08년 2분기 실적, 매출액 2,337억원, 영업이익 243억원, 당기순이익 210억원 기록 한전KPS의 08년 2분기 실적은 매출액 2,337억원, 영업이익 243억원, 당기순이익 210억원을 기록하였다.",POSITIVE
"매출액 증가는 1)1분기에 착수하지 않았던 원자력 계획예방정비가 2분기에 5개호기가 정비를 완료하면서 매출인식이 본격화되었고, 2)1분기에 미뤄졌던 경상정비공사에 대한 계약이 2분기에 대부분 완료되면서, 이미 완료된 공사의 인상분이 2분기에 인식되었으며, 3)07년부터 크게 늘어난 해외사업 부분이 본격적으로 매출로 인식되기 때문인 것으로 판단된다.",POSITIVE
"08년 2분기 실적, 매출액 2조 4,763억원, 영업이익 -1,164억원, 당기순이익 -2,889억원 기록 대한항공의 08년 2분기 실적은 매출액 2조 4,763억원(+17.5% yoy), 영업이익 -1,164억원(적자전환), 순이익 -2,889억원(적자지속)을 기록하였다.",NEGATIVE
호남석유의 EOA에 대한 특화전략은 우선 대량생산과 수요시장이 있는 콘크리트용 혼화제 EOA에 집중되어 있다.,NEUTRAL
"연료비 증가는 1)석탄연료단가의 상승(51.5% yoy), 2)발전용 LNG가격의 상승 (+64% yoy), 3)중유단가상승(+75.3%yoy)에 기인한 것으로, 원자재가격 상승요인에 원화약세까지 겹쳐 한전은 최악의 실적을 기록하였다.",NEGATIVE
"한편 향후 쌍용건설을 군인공제회와 같이 분담하여 5천억원에 인수하여 3천억원의 차입금이 증가한다고 가정하면 09년도 순차입금은 최고 1.95조원으로 증가 전망된다. (당진공장 등 신규투자분 포함) 09년 예상 EBITDA 8,747억원으로 추정돼 여기에 EV/EBITDA배율 6배만 적용하여도 순차입금을 차감한 주식가치는 3.3조원이 된다.",NEUTRAL
2분기 실적: 후판부문의 호전으로 예상치 상회 동국제강의 2분기 실적은 예상보다 좋은 실적을 보여줬다.,POSITIVE
페인트 부문 부진은 최근 고유가에 따른 원재료 급등에도 불구 판매가격(ASP) 인상시기가 5월말에 늦게 이루어졌기 때문이다.,NEGATIVE
"그러나 투자의견은 매수로 유지하는 바 그 이유는 1)NAV대비 할인율이 2008년 8월 17일 현재 41.5%에 이르러 Valuation이 매력적이고, 2)하반기 CJ투자증권의 매각대금 유입과 E&M 사업부문의 이익모멘텀 강화 가능성에 무게를 둘 수 있기 때문이다.",NEUTRAL
"무학의 전년대비 매출은 상승하였지만, 영업이익은 2006년 11월에 ‘좋은데이’ 출시에 따른 마케팅 강화로 인한 비용 상승 때문에 감소하였다.",NEGATIVE
"2008년 무학의 실적은 매출액 1,343억원(+19.3%, yoy), 영업이익 308억원(+76.9%, yoy)으로 사상 최대 실적이 예상된다.",POSITIVE
그러나 국제유가의 상승으로 인해 원재료비 부담이 증가하며 호성케멕스의 매출원가율이 전년의 87%수준에서 89% 수준으로 크게 증가하였다.,NEGATIVE
"호성케멕스의 2008년 매출액은 1,610억원 수준으로 기존 전망을 유지한다.",NEUTRAL
목표주가 산정에 적용된 PER은 대우증권 전자부품 및 통신장비 업종의 2009년 예상 PER 18.4배와 8.9배를 평균한 값을 20% 할인한 10.9배이다.,NEUTRAL
2008년 6월 이후 성호전자의 월 매출이 사상최대치를 돌파하는 등 매출 확대와 이익의 개선이 본격적으로 나타나고 있다.,POSITIVE
분기가 중간 정도 지난 현 시점 고영의 수주 규모가 70억원(2분기 매출의 77% 수준)을 넘어서 어닝 서프라이즈가 기대된다.,POSITIVE
고영의 주요 EMS 업체향 매출액은 08년 상반기 전년대비 2배 이상 증가하며 전체 성장을 견인하고 있다.,POSITIVE
SPI 장비 시장은 향후 2~3년간 연평균 30% 이상의 성장이 가능할 것으로 예상된다.,POSITIVE
고영의 2분기 매출액은 전년동기대비 87.0% 증가했던 1분기에 이어 전년동기대비 45.8% 증가한 92억원을 기록하였다.,POSITIVE
"동국제강은 스크랩 가격 하락, 건설 경기 위축으로 봉형강 가격에 대한 인하 압력이 존재하고, 4분기 후판 롤마진의 악화가 예상된다.",NEGATIVE
"다만, 환율 급등과 유류할증료 증가로 여객 수요가 둔화되고 있어 2008년 영업이익은 당초 전망대비 56.6% 감소한 620억원으로 하향한다. 7월 인천공항 여객수는 전년대비 5.7% 감소했다.",NEGATIVE
"이는 강원랜드는 완전 독점이 유지되고 있고, 한국의 내국인 출입 카지노 시장은 선진국과는 달리 진입 초기에 있는 성장산업이기 때문이다.",POSITIVE
"강원랜드 카지노 설비의 가동률이 100%를 상회한 지는 오래되었지만, 외형 증가세가 지속되고 있다.",POSITIVE
"현우산업의 3분기 매출액과 영업이익은 각각 전년동기대비 32.9%, 161.4% 증가한 175.0억원, 11.5억원이 기대된다.",POSITIVE
또한 상신이디피는 원형CAN과 CID등 신규 제품의 매출이 예상보다 늦어지면서 성장통을 겪고 있는 것으로 보인다.,NEGATIVE
"상신이디피는 올 해 원형CAN, CID등의 신규 제품 출시와 Pack Ass’y 사업 진출로 외형적인 성장을 준비하였다.",NEUTRAL
이에 반해 IT부문은 높은 시장 장벽으로 인해 매출이 39.6% 감소하며 고전을 면치 못했다.,NEGATIVE
에스텍의 상반기 영업이익률은 마진이 높은 가전 부문 매출 비중확대에 힘입어 1.7%를 기록하며 전년 동기대비 0.3%p 개선되었다.,POSITIVE
"그러나, 코위버는 올 2분기에는 과거 발주 흐름과 다른 모습을 보이며 전년동기대비 실적이 크게 악화되었다.",NEGATIVE
"당초 코위버는 40G MSPP에서 연간 약 80억원의 매출액을 기대했으나, 상반기까지 7억원에 불과하다.",NEGATIVE
다만 삼천리자전거는 외형성장 대비 영업이익은 전년동기 대비 감소세를 보였는데 이는 2007년 자전거 100만대 판매 기념으로 인한 각 대리점들의 간판교체 event로 인한 비용이 증가하여 전년동기 대비 감소세를 보인 것으로 판단된다.,NEGATIVE
올해 삼천리자전거는 대리점 간판교체 총 소요비용은 약 15억 정도 수준으로 예상되며 3Q 중 나머지 비용이 추가적으로 발생할 것으로 전망된다.,NEGATIVE
이는 대진공업의 성장동인으로 평가되고 있는 T/M Control 매출이 91억원으로 전년동기대비 62.5% 급증했기 때문이다.,POSITIVE
"08년에도 현대차그룹의 해외생산능력 확대 및 소형차 수출 증가, 신차 출시로 현대차그룹의 매출 성장세가 이어질 전망이다.",POSITIVE
"대진공업은 예상치를 상회한 2분기 실적을 반영하여 08년 연간 매출을 기존 715억에서 726억원으로, 영업이익을 59억원에서 76억원으로 각각 1.5%, 28.8% 상향한다.",POSITIVE
"최근 현대제철의 주가는 1) 철스크랩가격 하락에 따른 제품단가 인하 우려와 2) 국내 스테인레스제품단가 인하에 따른 수익성 하락 우려, 3) 원/달러 환율 상승에 따른 수익성 하락 우려(원재료 수입액과 제품 수출액과의 예상차액인 10억달러, 외화부채 9.3억달러 보유에 따른 손익)때문에 약세를 보이고 있다.",NEGATIVE
"또한, 남은 인수 희망자들의 인수 의지가 강한 상황이므로 두산그룹 M&A 불참선언과 정부의 M&A대출 규제에도 인수 가격은 높은 수준에서 결정된 것으로 추정된다.",NEUTRAL
멕시코 LNG 프로젝트는 계약공시기준으로는 4.17억달러이지만 삼성엔지니어링의 멕시코 현지법인 공사 계약분 2.13억달러까지 포함하면 총 6.3억달러 규모에 달한다.,NEUTRAL
"삼성엔지니어링의 올해 수주목표는 2007년대비 23.8% 증가한 6조원이며, 현재 수주목표대비 달성률은 63%를 달하고 있다.",POSITIVE
"우주일렉트로의 리스크 요인은 주가에 과도하게 반영된 것으로 보이며, 우주일렉트로가 장기간 구축해 온 견조한 펀더멘털을 고려할 때 현 주가는 저평가된 것으로 보인다.",POSITIVE
"부진한 2분기 실적에 이어 마케팅 비용 집행으로 3분기 실적 역시 둔화될 것으로 예상되지만, 엔씨소프트 주가는 지난 1개월 간 10.3%의 시장 대비 초과수익률을 기록하였다.",POSITIVE
"엔씨소프트에는 ① 첫번째는 ‘아이온’이 최초 계획보다 2년이나 상용화가 연기된 것과 같은 스케쥴 지연 리스크, ② 두번째는 투입된 자금이나 인력, 개발진의 명성 그리고 제한된 인원이 참여하는 클로즈베타에서 형성되어진 기대감 등에 미치지 못하는 흥행 부진 리스크가 존재한다.",NEGATIVE
"향후 2~3년간 LED 성장의 중심이 디스플레이 제품이라는 측면에서, 삼성전기는 경쟁사 보다 빠르게 시장을 선점하고 있다는 점은 긍정적이다.",POSITIVE
전방 산업 부진 및 BGA 수익성 회복 지연 1) 동사 매출액의 45% 정도를 차지하는 삼성전자의 실적 전망이 하향되고 있다.,NEGATIVE
코리안리가 분기말에는 월간 적자를 기록한 적이 있었으나 분기중에 월간 적자를 기록한 적이 드물었다는 점에서 이번 월간 실적은 2분기(7~9월) 실적악화를 예상케 하는 부정적인 실적이었다,NEGATIVE
"다만 내년 초 메모리, LCD 가격 하락세 둔화를 감안할 때, 분기 실적은 올 4분기를 저점으로 점차 개선될 것으로 전망한다.",POSITIVE
따라서 현대차의 중단기 펀더멘털 악화 우려에 따른 단기 주가 상승 제약 요인이 해소됐다고 판단된다.,POSITIVE
다만 TV용 샷시의 대형화 및 주요 원자재인 철강 가격의 인상분 반영으로 ASP가 대폭 상승하면서 인지디스플레이의 2분기 매출액은 전분기 수준 대비 소폭 증가하였다.,POSITIVE
"한편 인지디스플레이의 주가의 급락에는 파생상품관련 손실 58억원 발생이 영향을 미쳤으나, 1) KIKO와 같은 통화옵션상품 운용에 따른 것이 아니고, 2) 파생상품손실에 상대되는 외화관련 이익으로 40억원을 기록해 순손실액은 18억원에 그쳤다는 점을 감안할 때, 최근 환율 상승에 따른 파생상품 관련 순손실은 2분기에 비해 줄어들 것으로 전망된다.",NEGATIVE
삼천당제약은 상위 제약사의 안과용제 부문 강화로 동사의 안과용제 매출이 예상보다 저조해 매출 성장이 한 자리 수로 둔화된 것으로 판단된다.,NEGATIVE
HD PVR 공급은 부진의 원인 중 하나가 해결되었다는 점에서 휴맥스 주가에 긍정적으로 작용할 전망이다.,POSITIVE
"제품별 수익성 개선을 바탕으로 분기별 이익이 증가하며, 2009년 영업이익(연결)이 37%(yoy) 증가할 것으로 추정되는 점을 반영하면, 현재 시점에서 삼성전기 주가의 상승여력은 충분하다고 판단된다.",POSITIVE
수율이 안정화되면서 인텔향 FC-BGA 출하량 증가로 가동률이 상승하여 삼성전기의 수익성이 7분기만에 손익분기점을 상회할 것으로 추정된다.,POSITIVE
"삼성전기의 매출은 각각 전년 대비 2008년 37.5%, 2009년 17.1%씩 증가할 것으로 예상된다.",POSITIVE
KT&G는 값 싼 외산 담배잎 사용 비중이 64%까지 확대 되어 매출총이익률이 전년 동기 대비 2.8%p 개선되어 수익성 개선을 가속화 시킬 것으로 전망된다.,POSITIVE
"휴켐스에 대한 외국인 투자가들의 주요 관심사: 1) 진입 장벽, 2) 리스크, 3) 성장 전략, 4) 배당정책 휴켐스에 대한 외국인 투자가들의 질문은 아래와 같은 네 가지에 집중되었다.",NEUTRAL
"휴켐스는 질산, DNT 등 주요 제품들이 고객사들과의 장기 공급 계약을 통해 납품되고, 납품 가격이 원료 가격, 환율 등에 연동되도록 되어 있어 사업 관련 리스크는 낮다.",POSITIVE
이큐스팜은 L/O 지연으로 불확실성 리스크 증대 반면 신약개발부에서의 매출 발생 지연으로 전체 영업이익은 여전히 적자에 서 벗어나지 못하고 있다.,NEGATIVE
2008년 4분기 이후 태양전지 생산이 본격화되며 신성홀딩스의 기업가치가 빠르게 증가할 것으로 예상된다.,POSITIVE
신성홀딩스의 태양전지 사업은 벌크형 실리콘 태양전지를 생산하는 것으로 2008년 4분기 이후 본격적인 양산 체제로 돌입할 것으로 예상된다.,NEUTRAL
태양전지 생산을 위한 신성홀딩스의 전략적 선택은 최상의 원재료를 확보하여 가장 안정적인 생산설비를 통해 고효율의 제품을 생산하는 것이다.,NEUTRAL
이는 단가 인하에도 불구하고 LG디스플레이 내BLU 점유율 상승에 따른 출하량 증가와 제품 믹스 개선에 기인하였다.,POSITIVE
"3분기 매출액은 성수기 진입에도 불구하고 LG디스플레이의 감산에 따른 영향으로 BLU 출하량은 전분기 수준에 그칠 전망이나, 노트북용 LED 도광판(LGP) 생산 증가로 인해 전분기 대비 4.9% 증가한 267억원에 이를 것으로 전망된다.",POSITIVE
다만 LCD 경기 하강에 따른 BLU 단가 인하 영향으로 인해 LG디스플레이는 3분기 영업이익은 전분기 수준인 6억원을 기록할 것으로 예상된다.,NEUTRAL
■ 환율 상승에 따른 수혜 전망 최근 환율 급등과 통화옵션 상품인 KIKO의 추가 손실부각에 따라 일부 중소기업은 어려움을 겪고 있다.,NEGATIVE
"그 이유는 1)한국가스공사는 05년 이후 E&P사업을 신성장동력으로 삼은 이후 배당주에서 성장주로 탈 바꿈하였으며, 2)한국가스공사의 수익구조상 배당을 하지 못할 이유나 회사측에서도 무배당을 검토한 적은 없는 것으로 판단되며, 3)한국가스공사의 영업구조상 판매량의 감소가 동사의 영업가치를 훼손시키지는 않기 때문이다.",POSITIVE
"이처럼 외형확대에도 불구하고, 수성의 수익성이 크게 떨어진 요인은 철판, 밧데리 등 주요 원재료 가격의 높은 상승과 영업 및 연구 인력 충원에 따른 인건비 상승 때문으로 파악된다.",NEGATIVE
"이처럼 수성의 경우 중대형 지게차의 판매증가에 따른 외형 확대에도 불구하고, 소형대비 상대적으로 마진이 낮아 수익성회복은 쉽지 않을 것으로 보인다.",NEGATIVE
"뿐만 아니라, 높은 원재료 가격, 인건비, 감가상각비 등에 따른 비용 증가가 수성에게 지속적인 부담으로 작용할 전망이다.",NEGATIVE
"수성은 소형 전동 지게차부문 국내 시장점유율 1위에 걸맞게 제품의 품질면에서 매우 안정화되어 있어 잔고장이 없을 뿐만 아니라, 타사대비 가격경쟁력에서도 우수하여 이들 시장에서의 꾸준한 수출 확대가 기대된다.",POSITIVE
"환율과 유가 상승, 소비경기의 둔화로 인해 여행경기가 하락하는 모습을 보이고 있지만 레드캡투어는 B2B 서비스사업이 주요 사업이기 때문에 안정적인 실적을 기록하고 있다.",POSITIVE
레드캡투어 역시 산업의 어려움을 피할 수 없지만 안정적인 B2B 서비스로 인해 여타 여행 업체에 비해 실적감소는 덜 할 것으로 예상한다.,NEUTRAL
대주주 및 특수관계인은 경영참여를 하지 않기 때문에 레드캡투어의 펀드멘탈 상 문제는 없지만 이미지에 악영향을 미치고 있다.,NEGATIVE
한가지 특이할 점은 양방향미디어(MO) 부문이 07년 하반기에서 08년 상반기로 접어들면서 월 사용건수가 약 350% 가량 증가하였다는 것이다.,POSITIVE
기존 예상대로 8월말 주가 저점 통과에 대한 의견 유지당사에서는 여전히 8월말 주가 저점 통과에 대한 의견과 신세계에 대한 목표주가 67만원을 유지한다.,NEUTRAL
"대림산업의 3가지 리스크 요인은 ① 차입금 증가 ② 미분양 문제 ③ 뚝섬, 광교 등 자체개발사업 확대이다.",NEGATIVE
"국내 주택시장 침체에 따른 동사의 자체적인 리스크 요인 외에 최근에는 뚝섬사업 협상 결렬과 환율, 금리 등 외부변수까지 극단적인 상황으로 돌변하면서 투자자들의 우려가 증폭되었다.",NEGATIVE
"신세계는 하반기에도 유통업종 대표주로서 경기 영향에서 상대적으로 자유로운 모습이 기대되며, 영업이익의 안정적인 증가가 예상된다.",POSITIVE
"신세계의 8월 실적은 총매출액 9,157억원(전년동기비 +9.7%), 영업이익 684억원(전년동기비 +17.0%)을 기록했다.",POSITIVE
"소비경기 둔화 진행중이지만, 주가는 반등 관점으로 하반기는 경기 둔화에 대해 걱정하기보다 경기 부양책의 내수 진작 효과와 신세계의 안정적인 이익 증가에 주목할 시기로 보인다.",POSITIVE
따라서 하이닉스에 대한 투자 의사 결정에 있어서 ‘나무가 아닌 숲을 어떻게 보느냐’가 더욱 중요한 시점이다.,NEUTRAL
하반기에는 세계 반도체 불경기 영향을 받아 예년보다 반도체 사업부 매출은 감소할 것으로 보인다.,NEGATIVE
그러나 젯텍의 신제품인 Laser RF ID bonding 장비가 12억원에 납품 예정으로 있어 전체 매출에서는 예년과 비교하여 비슷한 수준이 될 것으로 보인다.,NEUTRAL
코메론의 순이익이 줄어든 것은 작년 2분기 매도가능증권 처분 이익이 대규모 발생한 데 따른 역기저효과가 컸다.,NEGATIVE
롯데삼강은 3분기 실적만으로도 어닝 서프라이즈 수준이지만 4분기 이후에는 실적 개선폭이 더욱 확대될 것으로 예상된다.,POSITIVE
음식료 업종 평균 PER는 12.5배로 업종 대비 약 80% 상승 여력이 있다고 판단된다.,POSITIVE
"감시형 카메라, 파워 시스템 및 특수사업부의 안정적인 사업 환경과 마진율을 반영하면, 최근 삼성테크원의 주가하락은 과도한 것으로 판단된다.",NEUTRAL
전력기기부문은 다소 지연되었던 전자식 전력량계의 신규 매출이 3분기 부터 본격적으로 발생하고 있다.,POSITIVE
2분기에 이어 3분기도 영업실적은 양호 도드람 B&F 의 1 분기 실적은 저조했다.,NEGATIVE
"도드람 B&F는 2분기에 외형과 영업이익이 전년동기대비 각각 24.8%, 95.3% 늘어나는 등 예상치를 초과했다.",POSITIVE
삼성전자 LCD 8-1라인 Phase 2로 공급하는 Wet Developer의 매출 증가가 주 요인이었음.,POSITIVE
"동국제약은 중위권 제약사 그룹(24개 회사, 2007년 매출 평균 1,033억원)과 달리 2005년 이후 높은 매출 성장률을 이어오고 있다.",POSITIVE
2007년을 살펴보면 동국제약은 18%의 매출 성장을 보이며 비교그룹의 9%를 크게 상회하고 있다.,POSITIVE
"주요 매출처인 LG디스플레이의 설비 투자 축소로 주력 제품인 aging system의 매출이 부진하였고, 매출 감소로 인한 비용 증가 효과로 영업이익도 큰 폭으로 감소하였기 때문이다.",NEGATIVE
동아엘텍의 영업 외적인 부분에서 특이한 점은 단기매매증권관련 손실이 14.1억원 발생하여 세전이익이 -5.4억원으로 적자전환했다는 점이다.,NEGATIVE
의료기기 산업은 다품종 소량생산의 고부가가치산업으로 고령화 추세와 생활수준 향상으로 안정 적인 성장을 이어가고 있다.,POSITIVE
"액토즈소프트의 2분기 매출액은 197억원으로 전분기대비 28%, 전년동기대비 81% 증가했고, 영업이익은 28억원으로 전분기대비 31%, 전년동기대비 126% 늘어났다.",POSITIVE
3분기 실적 중간 점검: 에버다임의 3분기 매출은 600억원 수준으로 예상된다.,NEUTRAL
"에버다임은 7월과 8월 매출액이 각각 177억원, 180억원으로 예상치를 하회한 것으로 나타났다.",NEGATIVE
"에버다임의 2008년 매출액은 전년 대비 16.4% 증가한 3,342억원, 영업이익은 85.6% 증가한 1,007억원, 순이익은 93.5% 증가한 869억원으로 전망된다.",POSITIVE
자회사의 꾸준한 영업 성장100% 자회사인 반도체 장비용 피팅 사업 역시 꾸준한 영업 성장을 하고 있어 에버다임의 기업가치를 높여줄 것으로 판단된다.,POSITIVE
"또한, 3) 반지의 제왕과 몬스터헌터 온라인 등 기대했던 퍼블리싱 게임의 성과가 당초 예상보다 부진한 것으로 파악된다.",NEGATIVE
NHN의 주가는 연초 대비 40% 하락하였고 KOSDAQ 시장대비 6% Underperform하였다.,NEGATIVE
"그러나, 국내 온라인광고 시장이 ‘성장성 둔화’라는 큰 산에 봉착한 1위 사업자인 NHN의 주가가 단기간에반등할만한 모멘텀의 창출은 부족하다고 판단된다.",NEGATIVE
호남석유는 그동안 MEG 등 범용 석유화학제품 비중이 높아 경영전략 측면에서 비범용 석유화학제품으로의 제품포트폴리오 재편 필요성이 제기되어 왔다.,NEUTRAL
"양사 합병 이후 연결기준 차입금은 롯데대산유화 차입금 약 4,400억원이나 양사의 영업활동을 통해 창출할 수 있는 현금(EBITDA)이 연간 약 5,600억원을 상회하는 점을 감안하면 이번 회사채 발행이 유동성 확보를 위한 재원가능성은 크지 않은 것으로 판단된다.",NEUTRAL
"또한 동사는 KT의 ‘W-내비게이션’ 사업자로 선정되어, 와이브로 망을 통해 양방향 통신이 가능한 내비게이션 플랫폼 및 서비스 개발에 참여할 예정임.",POSITIVE
이는 포인트아이가 보유한 LBS 관련 기술력과 경쟁력을 입증한 것으로 LBS 시장의 선두주자임을 확인하였음.,POSITIVE
우선 중앙백신의 외형성장이 낮았던 것은 전년도 상반기 매출증가폭이 높았던 부분도 있지만 AI확산으로 조류백신 수요가 크게 감소 하며 매출이 8.3% 감소한 영향이 크다.,NEGATIVE
양돈부문은 돼지 소모성질병에 대한 백신(돼지써코바이러스 백신)을 개발하여 금년 5월부터 출시했는데 매출성장에 크게 기여했다.,POSITIVE
"네오티스의 08년 연간은 매출액 242억(YoY -12%), 영업이익 51억(YoY -31%), 영업이익률은 21.2%(YoY –5.7%p)로 예상된다.",NEGATIVE
"아울러 에듀박스 영업이익의 85%를 차지하는 학원프랜차이즈 부문 역시 성장 속도가 더딘 모습이고, 온라인부문도 성장성이 빠르지는 않아 보인다.",NEGATIVE
다만 방과후학교 부문의 비중감소와 토킹클럽의 이익 규모 확대로 수익성이 개선되고 있다는 점은 긍정적인 부분이다.,POSITIVE
에듀박스는 방과후학교부문이 전년대비 25% 감소한 매출액과 3억원의 영업손실을 시현하였고 학원프랜차이즈부문 역시 전분기대비 5% 성장에 그쳤기 때문이다.,NEGATIVE
엘오티베큠의 매출이 전분기 보다 적었음에도 불구하고 이익률이 개선된 원인은 크게 3 가지 요인으로 분석된다.,POSITIVE
거시변수의 악재에도 불구하고 B2B사업을 영위하고 있는 세중나모여행이 안정적인 실적을 영위할 수 있다는 점은 긍정적이라는 판단이다.,NEUTRAL
상반기에 이미 지난해 매출액을 초월한 소주법인은 월 150만개 처리 능력에 이어 하반기 이후에는 250만개까지 Capa가 증설됨에 따라 지분법이익에 미치는 영향이 더욱 확대될 전망이다.,POSITIVE
"국영지엔엠은 수주감소에 따라 반기 유리생산실적도 복층, 강화, 접합유리등 전반적으로 생산이 감소하여 전년동기대비 40% 감소한 31 만 평방미터를 기록하였다.",NEGATIVE
"국영지엔엠은 매출액이 감소한데다 판유리 원가상승에 따라 상반기 매출원가율은 전년동기 98%대비 2.6%pt 상승한 100.6%를 기록하여 상반기 영업손실은 10억원을 기록, 적자기조가 확대되었다.",NEGATIVE
반면 한일단조의 영업이익은 원자재 가격 상승 영향과 물류비 지출 부담 증가가 작용할 것으로 보여 전년대비 감소할 가능성이 있다.,NEGATIVE
한일단조가 수출하고 있는 단조 부품은 대형 트럭에 주로 쓰이기 때문에 경기에 민감한 것이 사실이다.,NEUTRAL
"포스코의 3분기 영업이익은 전분기대비 감소가 아닌, 증가세를 보일 전망이다.",POSITIVE
"즉 포스코의 3분기 매출액은 전년동기대비 61% 증가한 8조 4,619억원, 영업이익은 84.1%증가한 1조 9,754억원을 시현할 전망이다.",POSITIVE
2009년 실적 전망에는 한국 영화 시장과 CJ CGV의 시장 점유율이 2008년 수준으로 정체된다는 보수적인 가정을 대입하고 있다.,NEUTRAL
"나이스는 꾸준히 현금영수증 시장에서 점유율을 늘려왔으며, 성장하는 현금영수증 시장에서 동사의 견조한 실적은 장기적으로 성장의 원동력이 될 것으로 판단됨. 적정주가 5,700원, 투자의견 BUY 유지 불안정한 각종 거시변수에도 불구하고, 동사는 상반기에 견조한 실적을 보였으며, 또한 7월 이후 현금 영수증 시장에서 빠른 성장세를 보이고 있음.",POSITIVE
"한글과컴퓨터의 2분기 호실적의 원인은 SW부문 및 해외부문 매출이 전년동기대비 각각 27.5%, 27.7% 증가하였고, 오피스 시장으로의 매출이 전년동기대비 15% 성장하였기 때문이다.",POSITIVE
소프트웨어 특성상 4분기에 수주액이 집중되어있다는 점을 감안하면 올해 한글과컴퓨터가 제시한 가이던스 이상의 실적을 거둘 것으로 전망된다.,POSITIVE
"또한, 사이버대학, 학원, 게임 등 시즌 대표 업체들의 실적이 증가하였고, 신규 가맹점 증가와 기존 가맹점의 실적 개선이 이니시스의 호 실적의 원인으로 판단된다.",POSITIVE
"서비스별로 자세히 살펴보면, 신용카드 부문은 신용카드사들의 카드 이용 혜택과 공격적인 마케팅으로 신용카드 이용률이 꾸준히 높아지고 있어 이니시스의 3분기 신용카드 매출액은 8.5% 증가한 215억원을 기록할 것으로 전망된다.",POSITIVE
"이니시스의 2008년 매출액과 영업이익은 전년동기대비 각각 36.5%, 163.1% 증가한 1,067억원과 50억원을 기록할 것으로 전망된다.",POSITIVE
"또한 씨앤애스는 멀티의 영상처리칩셋으로 사업영역을 점차 확대시키고 있는데, 즉 핸드폰용, 카네비게이션, PDA 등 모바일용 칩셋과 차량용 멀티칩 등 신규 아이템이 본격적인 시장진입을 준비하고 있다.",NEUTRAL
또한 2005년 진출한 플랜트설비 사업부문의 인원확충에 따른 비용 증가도 세보엠이씨의 수익성을 악화시키는 요인으로 작용하였다.,NEGATIVE
"세보엠이씨는 2009년 매출액과 영업이익은 전년 대비 각각 4.8%, 35.9% 증가한 1,592억원, 120억원을 기록할 것으로 예상된다.",POSITIVE
내년 원재료 상승은 제한적일 것으로 전망되고 플랜트 사업 부문에서 수익성이 개선될 것으로 기대되어 세보엠이씨의 2009년 영업이익률은 전년 대비 1.7%p 상승한 7.5%를 기록할 것으로 판단된다.,POSITIVE
세보엠이씨의 주식이 과거 PER 2.8배에서 5.3배 수준에서 거래됐다는 점을 고려해보면현 주가는 적정한 수준이라고 판단된다.,NEUTRAL
현재 NCA 양산 설비에서 생산한 제품은 삼성SDI로 부터 최종 승인으로 받은 이후 5월부터 초도 납품한 이후 수량이 점차 확대되고 있는 상황이다.,NEUTRAL
에버테크노는 LCD장비부문의 매출 호전으로 인해 상반기 매출은 전년 온기 수준 매출액을 기록하면서 매출 성장이 두드러졌다.,POSITIVE
그리고 에버테크노는 수익측면에서도 LCD장비를 중심으로 매출이 급증하면서 1분기 흑자 전환하였고 이익개선 추세가 이어지면서 상반기 영업이익률은 7.6% 수준까지 회복하였다.,POSITIVE
로만손은 매출성장과 함께 평균 마진율을 상회하는 주얼리 매출 확대 효과와 환율 효과로 인해 영업이익률이 7.6% 수준까지 호전되었다는 점이 긍정적이다.,POSITIVE
특히 로만손은 수익측면에서 평균 마진보다 높은 주얼리 매출 확대 효과와 원/달러 환율 상승에 따른 시계부문의 영업이익률 개선이 하반기에 더욱 확대될 것으로 예상된다.,POSITIVE
"2009년에 로만손은 주얼리 매출 성장과 함께 시계 수출확대, 원/달러 환율 상승 등을 감안하면 매출 성장과 함께 이익률개선 추세를 이어갈 것으로 예상된다.",POSITIVE
지난 9/1에는 작년 매출액의 85.9%에 해당하는 564억원 규모의 HRSG를 포스코건설로부터 수주하였다.,NEUTRAL
이번 수주건은 포스코와의 긴밀한 관계로 인해 단독 입찰하여 OP 마진 기준으로 15%의 수익성이 기대된다.,NEUTRAL
코오롱아이넷의 매출액 증가율 대비 영업이익 증가율이 큰 이유는 매출액 증대에 따른 영업 레버리지 효과로 인해 작년 동기 대비 매출액 대 고정비 비율이 10.6%에서 7.5%로 감소하였기 때문이다.,POSITIVE
"3분기 실적 전망 루멘스의 3분기 매출액과 영업이익, 당기순이익은 각각 195억, 8억, 1억원을 기록할 전망임.",NEUTRAL
티씨케이는 2008년 상반기부터 주력매출 부문인 CZ 부문의 매출을 CZ 태양광 부문과 CZ 반도체 부문으로 구분하여 공시하였다.,NEUTRAL
상반기 티씨케이의 CZ 태양광 부문 매출은 매출 전체의 17.2%에 해당하는 25.9억원을 기록하였다.,NEUTRAL
홈네트워크부문은 시장성장과 더불어 다른 건설사로의 매출처 확대로 상반기 매출이 대폭적으로 증가하여 54억을 기록하였다.,POSITIVE
그러나 텔레매틱스부문은 과열경쟁 여파로 ITS부문은 수주의 감소로 상반기 매출이 각각 10억을 달성하는데 그쳤다.,NEGATIVE
삼성전자의 올해 휴대폰 출하량은 전년 1억6천만대보다 25% 증가한 2억대로 추정된다.,POSITIVE
올해 다른 휴대폰 케이스업체는 국내 생산분 감소와 평균판매단가 하락 그리고 저가비중 증가로 영업이익률이 감소하고 있다.,NEGATIVE
신양의 경우는 매출액이 크게 증가하지 않은 상황에서 이런 요인들과 수율악화가 복합적으로 작용하여 다른 휴대폰 케이스업체보다 실적이 크게 하락하였다.,NEGATIVE
"CJ제일제당이 대두, 원당, 원맥, 옥수수 등의 곡물을 연간 8억달러 이상 수입하고 있기 때문이다.",NEUTRAL
"신한이엔씨의 사업 영역은 제철설비(Cokes 이동 설비), 환경설비, Oil Sand 관련 설비 등 설계가 주 업무이다.",NEUTRAL
"합병 후 케이아이씨는 제철 플랜트(Cokes 이동 설비, 제강 설비, 하드페이싱), 석유화학 플랜트(가열로), 원자력 발전(Nukon 시스템), 환경 설비(집진 장치), Oil Sand, 그리고 플랜트 공사 부문으로 구성되어 종합 플랜트 전문 기업의 모습으로 변모해갈 전망이다.",NEUTRAL
정부는 2030년까지 국내 LED 산업을 세계 시장 점유율 10%까지 육성하겠다고 발표하였다.,NEUTRAL
대림산업은 해외 플랜트의 설계 마무리와 건자재 가격 상승으로 인해 영업이익률은 전분기 대비 하락할 것으로 전망된다.,NEGATIVE
"해외부문의 매출성장 지속 08년 제일기획의 매출은 5,893억원(14.5% yoy), 영업이익은 538억원(35,4% yoy), 순이익은 725억원(22.9% yoy)으로 추정된다.",POSITIVE
특히 성공적인 해외 비즈니스가 제일기획의 양적 및 질적성장을 견인하고 있다고 판단된다.,POSITIVE
"하나금융측이 전일 공시를 통해 밝힌 태산LCD 파생거래 관련 평가손실은 약 2,861억원이다.",NEGATIVE
따라서 3분기 수출 매출 감소는 KT&G의 수출 전략에 따른 것 이다.,NEGATIVE
"소디프신소재의 3분기 매출액은 시장 기대치(컨센서스 433억원)에는 다소 못 미칠 전망인데, 이는 ① 대형 고객인 반도체, LCD 업체들이 수요 부진으로 어려움을 겪고 있어 재고 확충 수요가 강하지 않고, ② 장기적으로 대형 시장 진입을 위해 재고를 쌓아가는 단계 이기 때문이다.",NEGATIVE
소디프신소재의 영업이익률은 우호적인 환율 동향과 경쟁사 생산 부진 등의 영향으로 전분기 수준을 유지할 것으로 보인다.,NEUTRAL
네오티스의 매출의 증가 가능성이 높은 이유는 샤프트 제작 방식의 변화에 따른 샤프트 제품의 경쟁력에서 찾을 수 있다.,POSITIVE
"티씨케이는 태양전지, 실리콘 카바이드 제품 등 신규 제품 매출이 하반기부터 본격화되면서 고성장 잠재력이 가시권에 들어설 것으로 보인다.",POSITIVE
보수적인 관점에서 LG텔레콤의 08년 9월 해지율을 3.4%대로 가정하더라도 08년 9월 신규가입자 규모는 30만명 수준에 불과하므로 가입자 획득 비용이 08년 2분기 대비 790억원 이상 감소할 것으로 전망된다.,NEGATIVE
이를 통해 주성엔지니어링은 향후 5년간 가파르게 성장할 쏠라셀 장비 시장에 성공적으로 진입하기 위한 기초를 착실하게 다지고 있다고 평가할 수 있다.,NEUTRAL
"더욱 중요한 것은 주성엔지니어링이 과연 쏠라셀 장비의 효율성 개선, 경쟁력 확보를 통해 미래에 전개될 새로운 시장에 성공적으로 진입할 가능성이 있는가 하는 점에 있다.",NEUTRAL
"주성엔지니어링의 3분기 실적은 매출액 623억원, 영업이익 29억원(흑자전환, 영업이익률 4.6%)이다.",POSITIVE
쎌바이오텍은 제약업종에 비해 수익성이 낮아 주가도 상대적으로 싸게 거래되고 있다.,NEGATIVE
"GS건설의 영업가치는 09년 예상 EBITDA 5,760억원에 적정 EBITDA 배수 9.5배를 적용한 5조 4,720억원, 자산가치는 1조 970억원으로 판단한다.",NEUTRAL
하이닉스가 주력으로 생산하고 있는 DRAM과 낸드 플래시 경기 불황으로 공급과잉과이로 인한 가격하락세가 지속되고 있다.,NEGATIVE
이에 따라 하이닉스의 경쟁력과 향후 투자여력에 대한 우려로 인해 인수 주체가 쉽게 나타나지 않을 전망이다.,NEGATIVE
"기아차는 모닝, 로체 이노베이션, 포르테, 쏘울 등 “4연타석 홈런”의 내수 돌풍이다.",POSITIVE
불황속에서도 국내외 판매 증가 및 수익성 개선을 이루어내는 펀더멘탈 개선 모습은 2003년 현대모비스의 펀더멘탈 Upgrade 당시의 Outperform 시기를 연상하게 한다.,POSITIVE
"기아차도 달가워 하지 않는 우선주 Option의 Dilution 논란과, 휴가와 파업으로 인한 생산차질로 3분기 실적 논란이 있다.",NEGATIVE
"LG화학의 투자포인트는 1) 다각화된 사업 구조에 따른 상대적인 수익성 안정, 2) HEV용 2차 전지, 폴리실리콘 등 중장기 성장 동력 보유, 3) 공매도 금지 조치에 따른 주식시장에서의 수급 상황 개선 등이다.",POSITIVE
"석유화학 부분은 유가 하락에 따른 유화 제품 스프레드 축소, 북경 올림픽으로 인한 중국의 수요 감소 등으로 부진했다.",NEGATIVE
"그러나, 제일기획은 국내 미디어사 중 가장 국내 경기의 영향이 적을 것으로 판단된다.",NEUTRAL
"SoP(Sum of the Parts) 방식에 의한 가치를 산정할 때, 디카 사업부문의 적자를 반영하면 31,808원, 미 반영하면 33,711원으로 계산된다(표1 참조).",NEGATIVE
"삼성테크윈의 3분기 실적은 매출액 9,424억원, 영업이익 79억원을 기록할 전망이다.",NEUTRAL
이에 비해 LG전자는 하이엔드 시장에서의 선전으로 수익성 제고와 브랜드 인식 변화의 성과를 거두고 있다.,POSITIVE
경기 영향으로 09년 가전 시장은 기대치를 낮추어야 할 것으로 보이나 LG전자가 강점을 가지고 있는 신흥 시장의 성장으로 LG전자의 경쟁력 강화 국면이 지속될 것으로 보인다.,POSITIVE
"CJ CGV는 사업 구조조정의 생존자로서, 시장 점유율 상승에 기인한 구조적 실적호전 흐름은 2009년에도 지속될 전망이다.",NEUTRAL
비은행 자회사 이익 기여도가 상승하고 있는 것은 신한카드를 비롯한 여타 자회사들의 이익이 꾸준하고 안정적으로 늘어나고 있기 때문이다.,POSITIVE
최근 증권 부문을 강화하기 위한 노력이 진행되고 있다는 점에서 비은행 부문 이익기여도의 강화 추세는 지속될 것으로 판단된다.,POSITIVE
대한한공은 2분기에 연료비가 전년동기대비 80% 이상 증가하면서 영업 적자로 전환되었다.,NEGATIVE
"하이닉스는 8인치 라인 폐쇄에 따른 상각 비용, 환율 상승에 따른 외화부채 평가손 증가에 따라 순손실은 1조원을 상회할 전망이다.",NEGATIVE
상성카드가 최근 은행주 대비 상대적으로 하락폭이 작은 것은 은행산업이 직면하고 있는 credit risk에 비하여 카드가 상대적으로 불확실성이 작기 때문인 것으로 생각된다.,POSITIVE
"물론 경기침체가 장기화되면 삼성카드의 현금서비스, 카드론, 할부금융 등 금융사업 부문에서 연체율이 상승할 가능성이 상존하지만 은행보다는 상대적으로 risk가 크지 않다는 판단이다.",NEUTRAL
제일모직은 3분기 영업이익은 다소 부진할 것으로 예상된다.,NEGATIVE
"제일모직 화학부문(ABS/EP)의 3분기 영업이익은 180억원으로 각각 전년동기 대비 -37.9%,전분기 대비 -21.7%로 감소할 것으로 예상된다.",NEGATIVE
노사갈등의 완만한 해결 시 방송산업 규제 완화로 YTN의 M&A 매력 부각 신문법 및 방송법 개정이 논의 중이다.,NEUTRAL
"더불어 신세계I&C는 전자상거래 부문의 외형확대를 위해 올해 전략적으로 광고 및 판촉비를 확대하고 있고, 3분기에도 지출이 지속되고 있어 영업이익은 저조할 것으로 예상된다.",NEGATIVE
"현대건설의 08년 3분기 매출액, 영업이익은 전년동기 대비 각각 29.2%, 62.3% 증가할 전망.",POSITIVE
"현대건설의 3분기 매출액은 1조 7,720억원, 영업이익은 1,460억원으로 전년동기 대비 각각 29.2%, 62.3% 증가할 전망이다.",POSITIVE
"현대건설의 09년 매출액은 8조 4,410억원, 영업이익은 6,700억원으로 전년대비 각각 18.8%, 12.8% 증가할 전망이다.",POSITIVE
"KT&G는 최근 주식시장을 짓누르는 환율 상승, 물가 상승, 자산가치 하락, 경기 하락과 큰 관계가 없다.",NEUTRAL
"세전이익 증가는 한국인삼공사의 실적 호전에 의한 지분법이익 증가, 환율 상승에 의한 외환수익 증가 등으로 영업외수익이 개선되었기 때문이다.",POSITIVE
하지만 최근 불안정한 세계 경기와 주식시장 상황을 고려하면 두산중공업의 지분 가치 하락이 동사의 Valuation을 손상시킬 것으로 예상된다.,NEGATIVE
"두산중공업의 2008년 3분기 매출액은 전년 동기 대비 66.7% 증가한 1조 5,007억원, 영업이익은 77.7% 증가한 1,061억원이 예상된다.",POSITIVE
이로 인해 에스에프에이는 09년 보다는 2010년 이후의 실적 모멘텀이 좋을 수 있다.,POSITIVE
또한 단기(4분기) 실적 모멘텀이 좋아 절상 추세 전환이 예상되는 원화와 함께 현대차를 매수하는 단기 투자전략도 유망해 보인다.,POSITIVE
"독보적인 이동차 설계 기술력을 갖고 있는 샬케가 설계를 하고 동사가 설비를 제작하여 공급하는 컨소시엄을 맺고 있어서, 해외 시장에서도 경쟁력이 높을 것으로 판단된다.",POSITIVE
케이아이씨는 일본 및 동남아 제철소의 설비 교체 및 신규 투자가 계획되어 있어서 향후 이 부분의 뚜렷한 매출 성장이 기대된다.,POSITIVE
"하지만, 현대차 / 기아차는 원화 약세 수혜로 시장대비outperform 하였음.",POSITIVE
"둘째, 민간업체가 천연가스 도입 판매 사업에 진출하더라도 경쟁 도입에 따른 판매물량 감소가 한국가스공사의 실적악화로 이어지지 않는 구조임.",NEUTRAL
총 40%의 지분을 매각하더라도 최대주주인 한국전력의 지분율은 60%로 여전히 한국전력은 최대주주의 지위를 유지하게 됨.,NEUTRAL
"한국전력의 3분기 실적은 당기순이익 -1,491억원(적자전환)을 기록할 전망이다.",NEGATIVE
휴일수가 적었던 점 역시 그동안 높은 매출성장세를 기록하던 백화점 판매에 부정적으로 작용했고 막판 멜라민 파동까지 겹치면서 예상보다 부진했던 실적을 기록한 것으로 판단된다.,NEGATIVE
"지난달 이마트가 기록한 동일점포 매출증가율 -7%는 최근 유지되고 있던 -2%~3% 수준과 비교할 때 크게 낮아진 것으로 추석 영향과 각종 악재요인들이 겹쳤기 때문이며, 10월 이후부터는 요일지수나 돌발변수 요인들이 적어 기존 수준까지 높아질 것으로 전망되기 때문이다.",NEGATIVE
"리스크는 감소 글로벌 경기 침체, 제품 및 원료 가격 급락 등을 감안하면 2009년 금호석유의 각 사업 부문별 전망은 그다지 긍정적이지 않다.",NEGATIVE
"그럼에도 불구하고 금호석유의 영업이익은 3,583억원으로 전년 대비 소폭이나마 증가할 것으로 기대된다.",POSITIVE
"토목 및 건축부문의 부진은 전년도의 수익성 높은 일부 민자 SOC 프로젝트 기저 효과, 일산 식사지구 WI시티 등 대형 프로젝트 착공으로 인한 원가상승이 주요인으로 추정된다.",NEGATIVE
금호산업의 Put Back Option 이슈와 관련하여 금호그룹 IR이 10월 말에 예정되어 있음으로 결과에 주목할 필요가 있음.,NEUTRAL
"IT 중소형주에 대한 옥석 가리기를 서서히 시작할 때라면, 지금이 바로 네패스를 매수할 적기이다.",POSITIVE
최근 급격한 LCD 업황 악화에 비해 네패스의 실적은 매우 견조한 것으로 나타나고 있다.,NEUTRAL
가장 큰 요인은 삼성전자향 범핑 및 패키징 매출 호조와 해외 매출의 확대에 있다.,NEUTRAL
따라서 대림산업 주가 하락의 촉매가 됐던 유동성 위기에 대한 우려도 최악의 국면은 지났다고 판단한다.,POSITIVE
"지금은 대림산업 주가의 상승 가능성이 하락할 가능성보다 크며, 상승했을 때 상승률이 하락했을 때의 하락률보다 큰 시점이라고 판단한다.",POSITIVE
POSCO의 매출은 컨센서스 대비하여 매출액과 영업이익은 각각 3%와 12% 상회하였다.,POSITIVE
POSCO의 목표주가를 종전보다 11% 하향 조정하는 이유는 2009년 순이익을 11% 하향 조정하기때문이다.,NEGATIVE
포스코의 3분기 실적은 예상대로 사상 최고의 매출액 및 영업이익을 시현하였다.,POSITIVE
우주일렉트로의 3분기 영업 실적은 예상치를 상회하였다.,POSITIVE
"이는 1) 주 고객사인 삼성전자 TV 부문의 출하 호조세가 지속되었고(6~8월 출하량 YoY 47% 증가해 산업 평균인 7%를 크게 상회) 2) 긍정적 환율 효과로 수익성이 개선되었으며(매출의 75%가 달러, 매입은 원화로 결제) 3) 엔화 절상으로 단가 인하의 폭이 예상보다 적었기 때문이다.",POSITIVE
"코오롱의 투자 포인트는 1) 글로벌 경기 침체에도 불구하고 계속되는 이익 증가, 2) 2009년 기대되는 긍정적인 이벤트(FnC합병, 지주사 전환, 대규모 투자 마무리), 3) 지나치게 부풀려진 그룹 재무 리스크의 과도한 주가 반영 등이다.",POSITIVE
코오롱의 2008년 3분기 영업이익은 당사 예상치(306억원)를 소폭 하회하는 297억원을 기록했다.,NEGATIVE
그러나 코오롱의 4분기 실적은 영업이익이 사상 최초로 300억원대(353억원)를 돌파하는 호조를 보일 것으로 기대된다.,POSITIVE
2009년 코오롱의 기업 가치를 상승시킬 3가지 이벤트는 다음과 같다. 1) FnC코오롱과의 합병을 통해 재무적 시너지 효과가 창출될 전망이다.,POSITIVE
롯데삼강은 환율 상승 등으로 원가 상승 요인이 발생하였던 지난 98년에 빙과 가격 인상을 대대적으로 단행하였다.,NEUTRAL
"더불어 최근 상품 가격의 하락으로 인해 롯데삼강의 주요 원재료인 유지원유(대두유,야자유,팜유 등)과 탈지분유의 가격도 동반 하락하여 4분기부터는 수익성 개선이 더욱 가속화 될 전망이다.",POSITIVE
"분기말 외환 포지션과 실제 손실 발생 여부를 예측하긴 어려우나 LG전자의 외화 부채 포지션(2분기 말 본사 기준 외화 차입금 14억 달러)에서 환산 손실은 대략 4,220억원 수준이 예상된다.",NEGATIVE
"LG전자의 3분기 글로벌 영업이익은 5,797억원으로 기존 전망을 유지하며, 본사 기준 세전이익과 당기순이익은 각각 2,136억원과 1,602억원으로 예상한다.",NEUTRAL
"대우증권의 현재 4분기 기말 환율 전망은 1,070원 수준이며 예상대로 4분기 중 환율이 하락한다면 4분기 세전이익은 8,769억원까지 확대될 수 있다.",NEUTRAL
"LG화학 투자 포인트는 1) 다각화된 사업 구조에 따른 상대적인 수익성 안정, 2) HEV용 2차 전지, 폴리실리콘 등 중장기 성장 동력 보유 등이다.",POSITIVE
글로벌 경제 위기에 따른 수요 침체가 완연한데다 원료 가격 급락 속에서 수요처들도 관망세를 보이고 있어 석유화학 부문의 실적 둔화는 불가피하다.,NEGATIVE
다만 2차 전지를 중심으로 한 정보소재 부문의 선전이 이익의 감소폭을 제한할 전망이다.,POSITIVE
LG화학의 CEO는 3분기 실적 발표장에서 사업 환경의 불확실성이 증폭되어 2009년 실적 전망이 쉽지 않음을 밝히면서도 현재의 이익 수준에 근접하는 실적을 기록할 수 있을 것이라는 자신감을 비쳤다.,NEUTRAL
"LG전자의 글로벌 기준 휴대폰 영업이익은 3,365억원(QoQ -38.2%)으로 추정된다.",NEGATIVE
"한편, 프리미엄 제품 위주의 판매 확대가 LG전자의 상대적인 실적 호조의 주 요인으로 판단된다.",POSITIVE
시장의 전망과 다른 이유는 주력 사업인 석유화학 부문의 영업이익이 4분기를 저점으로 상승 반전할 것으로 전망 되기 때문임,POSITIVE
한국전력사는 상최악의 3분기 실적 기록함.,NEGATIVE
"모회사 한전의 실적도 매출액 8.4조원(+4.7%yoy), 영업이익 -3,660억원(적자전환), 세전이익 -4,730억원(적자전환)의 부진한 실적을 기록하였다.",NEGATIVE
흥행 대작이 없는 데다가 계절적으로 비수기에 진입하였기 때문이다. 하지만 4분기 CJ CGV의 실적의 개선 폭은 3분기보다 확대될 것으로 예상된다.,POSITIVE
만약 진흥기업이 주택경기 침체 상태가 유지되는 가운데 대출 상환에 필요한 분양을 하지 못할 경우 유동성 위기에 직면할 수 있다.,NEGATIVE
"LG전자의 3분기 글로벌 영업이익은 5,705억원(YoY 58%, QoQ -33%)으로 시장 예상에 부합하는 실적을 달성했다.",NEUTRAL
"동양제철화학의 3분기 영업이익은 전분기 대비 7.6% 증가한 1,937억원을 기록하며 당사 예상치(1,901억원)를 소폭 상회했다.",POSITIVE
"동양제철화학은 판매량 증가, 판가 하락이 겹처 폴리실리콘 매출액은 전분기 대비 큰 변화가 없었으나 수익성이 개선된 것으로 추정된다.",POSITIVE
다만 동양제철화학은 원/달러 환율 상승에 따른 환차손 등으로 세전이익은 전분기 대비 16% 감소했다.,NEGATIVE
동양제철화학의 기존 사업 중 60%가 유가에 연동되는데 최근 유가 급락으로 매출액 및 마진의 급격한 감소가 예상된다.,NEGATIVE
유가 하락에도 불구하고 동철이 매력적인 3가지 이유최근 동양제철화학의 주가는 크게 하락했다.,NEGATIVE
"또한 판관비의 경우 전년동기 대비 0.4%p 증가에 그쳤고, 이에 따라 매출액대비 판관비 비중도 4.7%로 전년동기대비 1.6%p나 축소된 것도 대림산업의 영업이익 증가에 기여하였다.",POSITIVE
"삼성테크원의 수익성이 08년 3분기에 저점일 가능성이 높으나, 08년 4분기에 일본 디지털 카메라업체의 재고조정 가능성 상존 및 09년 1분기가 비수기임을 감안하면, 이익 개선 규모 및 속도는 낮을 것으로 판단된다.",NEUTRAL
"삼성테크윈의 08년 3분기 매출은 9,723억원으로 전분기대비 8%, 전년동기대비 22.9% 증가하였다.",POSITIVE
투자의견 매수를 유지하는 것은 동양제철화학의 주수익원(Cash cow)인 폴리실리콘의 영업실적 개선이 최소한 2010년까지는 이어질 것으로 전망 되기 때문이다.,POSITIVE
"동양제철화학의 3분기 매출액 및 영업이익은 각각 6,051억원(+85% yoy), 1,937억원(+359.6%)으로 대폭 개선되었으며 이는 시장 컨센서스에 부합한 수준이다.",NEUTRAL
그러나 동양제철화학의 신 성장동력원으로 자리잡고 있는 폴리실리콘(PCS)사업은 본궤도에 진입하고 있는 것으로 판단된다.,NEUTRAL
또한 아연 가격 하락 및 호주 달러화 급락에 따라 호주 SMC가 적자 전환되고 기말 환율 급등에 따라 외환관련 손실이 800억원 예상된다.,NEGATIVE
"일본 동경제철은 이러한 시장 상황을 반영해 3개월 연속 봉형강 제품 가격을 인하했고, 11월 인하 폭은 사상 최대치이다.",NEUTRAL
"삼성정밀화학의 주수익원(Mecellose, Anycoat 등)들의 수출비중(90%)이 높고 외화차입 규모가 크지 않아 최근 급격한 원달러 환율상승은 동사 실적개선에 긍정적 영향을 미치고 있다.",POSITIVE
"삼성정밀화학의 3분기 매출액 및 영업이익은 각각 3,182억원(+55.9% yoy), 337억원(+193% yoy)으로 크게 증가하였다.",POSITIVE
"삼성정밀화학의 영업이익의 절대부문을 차지하는 염소계열 정밀화학(AnyCoat, Mecellose, 가성소다, ECH 등) 매출액은 1,146억원(+19.5% yoy)으로 크게 증가하였다.",POSITIVE
KT&G는 3분기에 약 8~9% 정도의 임금 상승으로 약 165억원 정도의 추가적인 인건비 지출이 있었다.,NEGATIVE
LG 데이콤의 투자포인트는 1) VoIP 성장에 따른 매출 증가 전망 2) 파워콤의 상장 및 합병에 따른 기대 시너지 효과이다.,POSITIVE
영업정지 중이었던 LG파워콤의 실적도 영업수익의 성장률 둔화에도 불구하고 마케팅 비용의 감소로 실적이 큰 폭으로 개선되었다.,POSITIVE
안철수연구소의 네트워크 보안 제품의 3분기 누적 매출액도 28억원에 머물고 있어 4분기가 보안 제품의 성수기인 점을 감안해도 지난해 55억원에 미치지 못할 전망이다.,NEGATIVE
네트워크 보안 제품의 부진은 최근 기업들이 실적 악화 또는 경기 하락에 대비하여 선제적으로 IT 투자를 보류하고 있기 때문인 것으로 판단된다.,NEGATIVE
안철수연구소는 동종 소프트웨어 업체 대비 인당 매출액이 낮은 편이다.,NEGATIVE
"실적 호전의 원인은 1) MLCC, BGA 등 기존 캐쉬 카우 제품들의 성장이 지속되었고, 2) 엔화 초강세의 영향으로 일본 경쟁업체 대비 가격 경쟁력이 상승하였으며, 3) FC-BGA 흑자 전환에 성공하였기 때문이다.",POSITIVE
"특히, FC-BGA는 고객사의 요구에 의해 05년부터 투자를 하였으나, 매출 발생이 지연되면서 적자를 기록해 왔다.",NEGATIVE
"이에 따라 동사의 FC-BGA 매출액도 급증하고 있으며, 3분기 흑자 전환에 성공하였다.",POSITIVE
07년 300억 수준의 영업적자를 기록한 FC-BGA의 흑자 전환은 수익성 개선에 긍정적이다.,POSITIVE
"롯데쇼핑의 3Q 영업이익은 1,490억원으로 컨센서스 13% 미달함.",NEGATIVE
"실적 둔화 가능성을 반영하여 롯데쇼핑의 수익추정을 하향한다. 08년, 09년 총매출액을 각각 3.1%, 7.8%, 영업이익을 각각 7.8%, 19.3% 낮추었다.",NEGATIVE
현대차는 지난 1주일간의 주가 급락으로 지난 15일 91.4%에서 22일 64.2%로 대폭 하락하였음.,NEGATIVE
일본 업체의 엔고를 감안할 경우 현대차의 상대적 우위가 예상된다.,POSITIVE
"동아제약은 해당국가에서의 허가등록 지연으로 인해 중동 자이데나와 중국 스티렌 수출이 늦어지고 있는 점과 환율상승으로 인한 원가율 상승요인을 반영하여 09년 매출액은 8,220억원, 영업이익은 967억원으로 각각 1.6%, 10.2% 하향조정 하였다.",NEGATIVE
동아제약의 전문의약품 매출 고성장 지속,POSITIVE
"실적 기대치 상회한 08년 3분기 LG데이콤의 08년 3분기 매출은 전년동기대비 22%증가한 4,101억원, 영업이익은 8%증가한 573억원, 세전이익은 23%증가한 537억원, 당기순이익은 28%증가한 411억원이다.",POSITIVE
또한 자회사 LG파워콤이 영업정지기간동안 마케팅비용 지출을 억제하여 수익성이 개선되며 지분법이익이 증가하고 차입금 상환에 따른 이자비용 감소로 세전이익도 증가하였다.,POSITIVE
삼성전자의 매력은 여전함 주가 폭락 이후 삼성전자는 예외없이 급반등하였고 반등의 탄력도 매우 높았음.,POSITIVE
그러나 기아차 주가의 단기 폭락은 기아차 펀더멘탈의 문제는 아니라고 판단된다. ▶,NEUTRAL
"없다 결론적으로 최근 기아차 주가 폭락은 기아차의 문제가 아니라 외부의 문제이고, 기아차가 2009년에 보여 줄 이익창출력에 근거하여 2009년에 기아차의 주가가 20,000원까지상승 가능하다는 시각을 유지한다.",POSITIVE
이러한 매출원가율 하락은 매우 이례적으로 국내 건설경기 침체의 영향을 현대건설도 일부 받기 시작한 것으로 볼 수 있음.,NEGATIVE
현대건설은 건설사 중에 미분양아파트 문제에서 가장 자유로운 건설사로 현금흐름이 가장 양호한 건설사임.,POSITIVE
이로 인해 2008년 들어 차입금 증가가 없었던 건설사는 국내에서 유일하게 현대건설밖에 없었음.,POSITIVE
"반면 제네릭시장의 경쟁심화로 인한 한미약품의 영업경쟁력 상대적 약화로 인해 08년 매출액 및 영업이익은 5,579억원과 634억원으로 각각 3.0%, 16.0% 하향조정하였다.",NEGATIVE
"아모디핀을 비롯한 대부분의 주요품목의 매출이 정체됨을 보였는데, 최근 대형제약사들이 모두 제네릭 시장에 집중하면서 경쟁이 심화되었고, 한미약품이 제네릭 신제품 출시 적기를 놓친 것이 시장 점유율 확대에 장애가 되었다는 판단이다.",NEGATIVE
"해외 및 주택을 통한 급속한 외형성장, 반면 국내부문의 수주경쟁 심화와 건자재 가격 상승으로 인한 수익성 저하 현상이 현대건설의 실적에서도 나타난 것으로 판단된다.",NEGATIVE
"제일모직의 3분기 매출액 및 영업이익은 각각 1조 378억원(+31.1% yoy), 679억원(-1.9%)를기록하였으며 이는 시장 컨센서스에 부합하는 수준이다.",NEUTRAL
따라서 제일모직을 석유화학업종내 최우선 추천종목으로 평가한다,POSITIVE
삼성전자는 08년 3분기 세계 메모리 반도체업체 중 유일한 흑자 기업으로 경쟁사와 실적 차별화를 확대하였다.,POSITIVE
"삼성전자의 08년 3분기 본사기준 실적은 매출 19.3조원 (6.2% qoq), 영업이익 1.02조원(-46% qoq)으로 소비둔화와 공급과잉의 결과로 판단된다.",NEGATIVE
"08년 4분기 삼성전자의 실적은 매출액 20.6조원 (7.1% qoq), 영업이익 5,700억원(-44% qoq)으로 매출 증가와 수익성 하락이 지속될 전망이다.",NEGATIVE
4분기는 통상적으로 보안 사업의 성수기이지만 올해 4분기의 계절적인 효과는 제한적일 전망이다.,NEGATIVE
7월 중순 이후 KTF의 공격적 시장 대응이 축소되면서 3분기 신규 가입자 수는 전 분기 대비 25% 감소하였다.,NEUTRAL
이는 순차입금 증가에 따른 이자손익의 악화와 KTF M&S의 지분법 손실 확대로 영업외 수지가 악화됨에 따른 결과이다.,NEUTRAL
휴켐스는 사업 안정성과 성장성이 뛰어나 리스크가 확대되고 있는 현시점에서 최적의 투자 대안이라고 판단된다.,POSITIVE
휴켐스의 3분기 영업이익은 당사 예상치(189억원)을 크게 상회한 230억원을 기록했다.,POSITIVE
이에 따라 저평가 되어 있는 KCC의 본연의 영업가치가 다시 부각될 것으로 전망한다.,POSITIVE
풍산은 전기동가격 상승 탄력의 둔화로 전분기 대비 Metal Gain이 감소할 것으로 예상되어 영업이익은 전분기 대비 13% 감소할 것으로 전망된다.,NEGATIVE
"KT 의 경우에도 3 분기 VoIP 가입자가 127 만명으로 전분기대비 59.6%, IPTV 가입자는 91 만명으로 전분기대비 25.2% 증가하였다.",POSITIVE
KT 의 신규 서비스에 대한 적극적인 영업전략은 변화하는 영업환경에 능동적으로 대처한다는 점에서 긍정적이라고 판단된다.,POSITIVE
"KT의 투자포인트는 첫째, 커버리지가 넓은 통신망을 보유하고 있는데, 이는 다양한 서비스를 제공하는데 있어 경쟁업체에 비해 유리하다고 판단된다.",POSITIVE
"둘째, KT는 인터넷전화 가입자 확보에 적극성을 보이고 있는데, 이는 변화하는 영업환경에 능동적으로 대처한다는 점에서 긍정적이다.",POSITIVE
"CJ제일제당의 영업이익은 소재식품 수익성 안정, 제약 턴어라운드로 17.1% 증가할 전망 2010 년 영업이익은 17.1% 증가한 3,691 억원이 예상된다.",POSITIVE
"2010 년 해외 바이오 계열사들의 총매출액과 총순이익은 10.1%, 12.1% 증가한 9,260 억원, 731 억원이 예상된다.",POSITIVE
"기확보된 신규수주 물량이 620십억원 수준이기 때문에 두산건설의 수주목표인 1,900십억원은 충분히 달성 가능한 것으로 전망된다.",NEUTRAL
"두산건설에 대한 투자의견 시장수익률과 목표주가 8,200원을 유지한다.",NEUTRAL
"한국전력(단독)의 실적은 매출액 9조 3,299억원(+10.0% yoy), 영업이익 1조 6,065억원(흑자전환), 순이익 9,311억원(흑자전환)을 기록하였다.",POSITIVE
"한전은 2006년 11월 자사주를 기초자산으로하여 608억엔, 4억유로의 교환사채를 당시 환율기준으로 발행하였다.",NEUTRAL
"현대산업개발의 3분기 실적은 매출액 503십억원(yoy -23.6%), 매출총이익 100십억원(yoy +5.2%), 영업이익 -6십억원(적자전환), 세전이익 -30십억원(적자전환)으로 집계되었다.",NEGATIVE
"신한지주의 3분기 순이익은 전분기 대비 11.7% 증가한 4,913억원으로 시장컨센서스를 크게 상회한 서프라이즈 수준의 실적을 시현했다.",POSITIVE
"신한지주의 주가는 약세지만 펀더멘탈은 여전히 튼튼해지고 있다 금년과 내년 순이익 추정치를 각각 3.9%, 0.2% 상향 조정한다.",POSITIVE
"최근 투자심리와 및 수급 불안으로 인해 주가는 약세를 보이고 있지만, 신한지주의 펀더멘탈은 3Q 실적에서 봤듯이 여전히 튼튼하다.",POSITIVE
"삼성중공업의 3분기 매출액은 전년 동기비 39.4% 증가한 36,194억원, 영업이익은 87.1% 증가한 2,664억원, 순이익은 22.3% 증가한 2,219억원으로 공시했다.",POSITIVE
"두산건설의 3분기 매출액은 6,143억원, 영업이익은 466억원으로 전년동기대비 각각 26.5%, 87.2% 증가했다.",POSITIVE
"이제는 현대산업의 영업이익 증가 가능성에 주목해야 할 시점이라고 판단한다. 3Q Review : 영업이익 적자 이유는 대손상각비 694억원을 반영했기 때문 현대산업개발의 3분기 매출액은 5,028억원으로 전년동기대비 23.6% 감소했고, 영업이익은 63억원 적자를 기록했다.",NEGATIVE
"신한금융을 선호하는 이유는 (1) 타행대비 보수적인 자산운용 및 건전성 분류에 따른 차별화, (2) 선제적 다각화(M&A비용 선지급)에 따른 자본효율성 제고 여력이다.",POSITIVE
"신한생명은 금리상승으로 인해 투자수익(2Q 1,004억원→3Q 1,179억원, QoQ +17%)이 큰 폭으로 개선되었다.",POSITIVE
"급격한 자산 건전성 개선, 유동성 공급에 따른 부실지연 우려 완화: 신한은행 신규부실의 총여신대비 규모 및 감소속도는 업계 최고 수준이다.",POSITIVE
삼성중공업의 모멘텀을 이어줄 단기 수주 부재가 아쉬운 상황 2009년 연말까지 의미 있는 추가 수주를 기대하기는 어려울 전망이다.,NEGATIVE
"KT의 3분기 마케팅 비용은 8,099억원을 기록하며 2분기보다 14.8% 증가했다.",NEGATIVE
"카지노 부문의 경우 IGT의 SBG(Server Based Game) 효과, MLD 시장의 고 성장, 신규 대형 고객 확보로 향후 안정적인 성장이 예상된다.",POSITIVE
"09년 4분기 실적개선 모멘텀은 둔화 전망 09년 4분기 서울반도체의 매출 1,330억원, 영업이익 177억원으로 영업이익은 둔화될 전망이다.",NEGATIVE
"3자배정 유상증자는 10년의 성장기반 서울반도체는 3자배정 유상증자를 통해 2,847억원의 신규 자금을 확보하였다.",NEUTRAL
두산중공업의 영업이익은 2007년에 수주한 발전 EPC Project의 초기 합습비용이 생각 보다 크게 발생하며 시장 추정치를 하회하였다.,NEGATIVE
"같은 이유로 2010년 두산중공업의 매출과 영업이익 추정치를 종전 대비 각각 -9%, -23% 만큼 하향 조정하였다.",NEGATIVE
"한진해운의 주가는 글로벌 컨테이너선사의 자금악화관련 뉴스와 동사의 유상증자설, 검찰조사설 등으로 시장수익률을 크게 하회하였다.",NEGATIVE
그러나 ‘아이온’ 중국 로열티가 2분기 111억원에서 3분기에는 미니멈 로열티와 큰 차이가 없는 60억원으로 급감할 것으로 예상되면서 엔시쏘프트 우려감이 확산되고 있다.,NEGATIVE
두산인프라코어의 외화 관련손실이 크게 증가한 것은 연간 환헤지 부분이 한꺼번에 적용되었기 때문이다.,NEGATIVE
"저점을 배회하는 현대증권 주가, 투자의견 Trading Buy 유지, 목표주가 17,000원(현재주가 14,250원)으로 하향 2Q 실적과 이자수익 감소 등을 추정하여 FY09, FY10 수익추정을 각각 8.8%, 2.2% 하향 조정한다.",NEGATIVE
"NF3 시장은 경쟁 업체들은 설비 증설에 나서지 않는 가운데 원가 경쟁력을 갖춘 소디프신소재만 공격적으로 설비를 증설(09년 하반기까지 기존 2,500톤에서 3,500톤으로 증설)하던 상황이었다.",NEUTRAL
글로벌 부품업체로 성장한 KH 바텍은 제품의 질적 우위와 안정된 생산능력을 보여줬기 때문에 2010 년 그 위상이 높아질 전망이다.,POSITIVE
방산 사업부를 중심으로 한 S&T중공업의 성장세가 유효한 것이 확인돼 종전 대비 크게 부정적이지 않다.,POSITIVE
고마진의 방산 사업부 매출이 전년동기 대비 44.6% 증가한 495억원을 기록하며 7분기 연속 영업이익률 상승세를 시현했다.,POSITIVE
소송에서 휴켐스가 패소를 했다.,NEGATIVE
이미 연초부터 휴켐스는 직접 수입을 통해 상품 판매용 암모니아를 거래처에 공급해주고 있어 이번 결정이 미치는 영향은 없다.,NEUTRAL
휴켐스는 암모니아 상품 판매를 통해 연간 300~400억원 매출에 20억원 미만의 영업이익을 창출하고 있다.,NEUTRAL
"엔씨소프트의 3분기 실적은 아이온의 북미/유럽 관련 신규 로열티가 유입되었음에도 불구하고, 시장기대치를 크게 하회한 것으로 판단된다.",NEGATIVE
특히 로열티 매출이 전분기대비 3.2% 소폭 증가한 261억원을 기록한 점과 아이온의 국내 매출액이 전분기대비 -7.2% 감소한 점은 향후 엔씨소프트의 어닝모멘텀 약화의 시그널로 판단된다.,NEGATIVE
"엔씨소프트는 상용화 한달 뒤 월정액 재구매율은 70%를 기록하고 있어, 이 역시 기대치를 크게 상회하고 있다.",POSITIVE
"최근 효성의 인수 제안서 제출 연기에 따라 매각 관련 의사 결정이 11/16일 이후로 연기되었지만, 이제 추가적으로 주가에 부정적인 영향을 미칠 가능성은 제한적일 것으로 판단한다.",NEUTRAL
SK브로드밴드는 당분간 가입자 성장 전략으로 마케팅 비용이 크게 줄어들기는 어려운 상황이다.,NEUTRAL
"에스엔에스텍의 투자포인트: 엔高를 업고 세계 시장 지배력을 높인다 첫째, 높은 실적 안정성이다.",POSITIVE
"고영의 목표주가를 15,000원(2010년 EPS에 목표 PER 8배 적용)으로 20% 상향 조정한다. 4분기 수주가 예상을 상회하고 있고 신 장비 개발도 진행이 빨라 2010년 영업이익 전망치를 37% 상향 조정하였다.",NEUTRAL
고영은 글로벌 경제 위기 이전까지 분기 사상 최대 기록을 갱신해 왔으나 경기 침체로 09년 상반기는 저조하였다.,NEUTRAL
"대한항공의 09년 3분기 실적은 매출액 2조 4,766억원(-10.3% yoy), 영업이익 1,001억원(흑자전환), 순이익 2,640억원(흑자전환)을 기록하였다.",POSITIVE
"CJ인터넷의 ‘마구마구’, ‘서든어택’ 등 주력 게임에다 웹보드게임 선전으로 4분기 매출액과 영업이익이 전분기와 비교해 각각 13.2%, 43.7% 증가할 것으로 예상된다.",POSITIVE
4분기 대한항공 흑자 지속 인천공항 지표에서 나타나듯이 항공화물 수요가 빠르게 회복되고 있다.,POSITIVE
이마트 가격 전략 변화와 온라인 강화는 단기적 리스크.,NEUTRAL
"투자의견 매수, 목표주가 95,000 원 현대제철에 대해 투자의견 매수, 목표가 95,000 원을 제시하며 철강주중 Top Pick으로 추천한다.",POSITIVE
"이에 따라 SK에너지 이익도 2009년 3분기를 저점으로 회복되고, 2010년 1분기에는 시장의 기대를 상회하는 실적 개선이 예상된다.",POSITIVE
DRAM 가격의 급등에도 불구하고 효성의 자금력이 이슈가 되면서 하이닉스 매각가격에 대한 할인 가능성에 대한 우려가 주가를 억눌렀었기 때문에 이번 인수 포기 발표는 하이닉스 주가에 호재로 작용할 전망이다.,POSITIVE
브랜드 성장과 매크로 호전 반영하여 실적 전망 상향 한섬의 2009 년 4 분기 및 이후 연간 실적 전망을 상향 조정한다.,POSITIVE
"전체 영업수지는 비벌크 사업의 부진으로 적자를 기록했으나, 4 분기에는 흑자전환이 가능해 보인다.",NEGATIVE
수요가 견조하게 유지되고 있어 화물수송을 주요 업무로 하는 STX 팬오션의 실적개선 추세가 이어질 수 있다고 판단된다.,POSITIVE
"투자의견 ‘매수’유지, 목표주가 16,000 원 제시 STX 팬오션에 대해 투자의견 매수 유지하며 목표주가 16,000 원을 제시한다.",NEUTRAL
"하지만, 주 사업의 개선 추세가 이어질 것으로 전망됨에 따라 팬오션에 대한 긍정적인 시각은 유지한다.",POSITIVE
"3분기 실적 예상수준의 적자 STX팬오션의 3분기 연결기준 실적은 매출액 1조 2,504억원(-54.6% yoy), 영업이익 -265억원(적자전환), 순이익 96억원(-93.4% yoy)을 기록하였다.",NEGATIVE
조선사들의 LNG선 수주 급감으로 향후 약 2년간 LNG사업부의 매출 성장세 둔화가 예상된다.,NEGATIVE
"다만 목표주가는 LNG사업부의 매출 둔화와 업황 회복 지연을 반영하여 9,900원에서 8,400원으로 하향한다.",NEGATIVE
"그러나 한화석화는 석탄 가격 상승으로 인한 PVC 마진 확대, 제한적인 중동 증설 물량으로 인해 2010년에도 2009년과 유사한 실적이 예상된다.",NEUTRAL
대한생명의 이익 증가 및 상장 가시화가 주가 상승의 촉매제가 될 전망,POSITIVE
"화약과 무역은 안정적으로 이익이 증가하고, 성장이 가시화되며, 대한생명은 경기 회복으로 인한 금리상승으로 실적 개선이 확실시 되기 때문에 빠른 시일내 주가는 저평가 국면에서 해소될 것으로 기대된다.",POSITIVE
낮은 기저효과 이외에도 자체 브랜드(7개)의 양호한 성장과 상품(명품)부문의 고성장으로 한섬의 매출액성장률은 올해 17.6%에 이어 내년에도 10.4%의 고성장 추세가 유지될 전망이다.,POSITIVE
"이처럼 주식매수청구 규모가 확대된 것은 흡수합병 결의(9/4일) 이후 특히 호남석유 주가는 지속적인 하락세를 기록하여 주식매수청구가격(93,880원)에 크게 하회함에 따라 투자가들의 주식매수청구가 집중된 것으로 판단된다.",NEGATIVE
합병무산으로 인한 부정적 주가영향 제한적 이번 합병무산으로 인한 호남석유 주가에 미치는 부정적 영향은 제한적일 것으로 전망된다.,NEUTRAL
탑엔지니어링 피인수로 1) 경영권 안정화를 달성한 동사는 2) 재무구조개선과 3) 차세대 투자를 위한 유상증자를 실시하였다.,NEUTRAL
"대상의 매출 증가는 조미료, 장류, 전분당 등에서 가격 인상 효과가 나타났기 때문이다.",POSITIVE
대상의 흑자 전환은 국제 옥수수가격 하락과 환율 하락이 맞물려 옥수수 투입원가가 40% 이상 하락했기 때문이다.,POSITIVE
"분할 재상장하는 휴맥스는 11/16 최저호가 가격(6,430원) 및 최고호가가격(25,700원)의 범위 내에서 08:00~09:00까지 호가를 접수하여 단일 가격에 의한 매매방식으로 결정된 최초가격이 기준가격이 된다.",NEUTRAL
휴메릭은 알루미늄 표면처리 기술과 마그네슘 압출 기술을 결합한 회사로서 다양한 분야로 Application이 확대되고 있다.,NEUTRAL
"특히 은행 점포망을 이용한 오토파이낸싱과 가계대출의 증가세가 이어지고 있어, 우리파이낸셜은 제 2금융권에서 가장 성장성이 높은 기업으로 꼽힌다.",NEUTRAL
"다만, STX조선해양 매출이 전분기대비 소폭 감소한 점은 아쉬움 계절적인 요인과 원달러 환율하락 등으로 3Q09 매출이 전분기대비 3.8% 감소하였다.",NEGATIVE
"2011년 중국지주회사인 Pan Orion(중국법인 지분 100% 보유)의 상장이 추진될 예정이어서, 이제는 중국시장의 밸류에이션이 적용되어야 할 시점이라고 생각한다.",NEUTRAL
봉형강 부문은 2분기에 비해 마진이 축소되었지만 약 9%의 영업마진이 유지된 것으로 추정된다.,NEUTRAL
그러나 후판은 판매량의 증가와 환율 하락에 따른 원가부담 완화로 봉형강의 실적 저하를 충분히 만회할 수 있을 것으로 판단된다.,NEGATIVE
SK C&C-SK-계열사의 구조를 유지해도 문제되는 것은 없어 합병 가능성은 불확실하며 합병을 한다면 SK C&C 주주들이 얻는 경제적 효과는 큼,POSITIVE
그러나 한국제지는 11 월에 거래처에 2%의 가격 인상 통보를 한 것으로 파악되어 내수 판매가도 상승 반전할 전망이다.,NEUTRAL
"투자의견 매수, 목표주가 55,500 원 유지 한국제지에 대한 투자의견 매수와 목표주가 55,500 원 유지한다.",NEUTRAL
"수요 지연에 따라 태경화학에 대한 2010년 실적전망은 매출액과 영업이익을 각각 8.3%, 12.7% 하향조정 했다.",NEGATIVE
"조선사업부 매출, 수익성 둔화는 4분기에도 지속될 것으로 예상되며 수주회복 지연에 따른 현금 감소 추세 또한 지속될 것으로 예상된다.",NEGATIVE
한국제지의 경우 11월부터 약 2~3%의 제품가격 인상이 반영될 것으로 예상되지만 내년 1분기까지는 펄프가격 상승에 따른 원가부담이 증가할 것으로 판단된다.,NEGATIVE
"주성엔지니어링의 4Q09 실적은 매출액 605억원, 영업이익 65억원으로 전분기 대비 각각 20.3%, 22.3% 증가할 것으로 예상된다.",POSITIVE
신원은 올해 법인세 면제 적용시한 완료로 2010년부터 법인세(24.4%)를 납부하게 되어 순이익은 12.5% 감소할 전망이다.,NEGATIVE
수빅조선소의 컨테이너선 건조 스케줄 조정으로 지분법손실이 437억원 발생하여 한진중공업의 세전이익이 적자로 돌아섰다.,NEGATIVE
카스는 3분기말 원달러 환율 급락에 따라 영업외 손실이 발생하기는 했다.,NEGATIVE
"키움증권은 이번 증자로 인해 EPS 6.7% 감소, BPS 2.6% 증가, ROE는 19.7% 18.1%로 1.6%p 하락할 전망이다.",NEGATIVE
"마이스코의 3분기 매출액은 전년 동기비 45.0% 감소한 231억원을 기록했고, 영업이익과 순이익은 각각 -38억원, -45억원으로 적자전환 했다.",NEGATIVE
대창메탈은 국내 조선소의 조선 수주 급감으로 실적 둔화에 대한 우려가 팽배하다.,NEGATIVE
HbA1c는 미 FDA 승인 지연과 판매 부진 등이 이어지고 있어 신규 성장 동력이 보강되지 않고 있기 때문이다.,NEGATIVE
"한편, 인포비아의 수익성은 매출채권에 대한 환율 하락 영향의 국면을 벗어나 외환 관련 손실 등이 발생해 분기 순손실로 전환되었다.",NEGATIVE
"이러한 주가 패턴은 LG의 분기실적과 밀접한 관련이 있어 2009년 2분기와 3분기 이익이 각각 5,844억원, 5,393억원인 반면 4분기 실적은 전기비 대비 30%이상의 감소가 예상되었기 때문임.",NEGATIVE
"당사가 예상하고 있는 LG의 4분기 실적은 전기비대비 33% 감소한 3,631억원으로 추정되고 있음.",NEGATIVE
"09년 4분기 실적, 전통적 성수기인 3분기를 능가할 것으로 예상 대한항공의 09년 4분기 실적은 매출액 2조 5,365억원(-2.6% yoy), 영업이익 1,589억원(602.2% yoy), 순이익 1,189억원(흑자전환)을 기록할 전망이다.",POSITIVE
"사업부문별로, 국제선 여객부문은 1조 2,462억원(-10.4% yoy)로 전망되는데, 이는 RPK는 12%(yoy)증가할 것으로 예상되나 Yield(원화기준)(-20% yoy)가 하락할 것으로 예상되기 때문이다.",NEGATIVE
"자회사 비에스이의 ‘09년 4분기 영업실적은 매출액과 영업이익 각각 450억원(+26.8%, YoY), 23억원(흑자전환, YoY)으로 추정되어, ‘09년 영업실적은 매출액 1,764억원(+6.4%, YoY), 영업이익 94억원(-10.5%, YoY)을 기록할 것으로 전망된다.",POSITIVE
상용여행은 고객사의 출장경비 절감 조치에 따른 인당 취급액 감소(-16%)로 매출액과 수익성이 모두 하락했다.,NEGATIVE
패키지여행은 신종플루 및 여행수요 위축으로 매출액은 줄었다.,NEGATIVE
수익성 높은 상용여행의 회복 지연으로 레드캡투어의 2009년 매출액과 영업이익을 기존 869억원과 90억원에서 840억원과 87억원으로 각각 하향 조정한다.,NEGATIVE
윈포넷은 저마진 제품군 확장으로 영업이익률은 전년대비 3.9%p 감소했다.,NEGATIVE
"반면, 덕트는 이렇다 할만한 시장이 형성되지 않아 매출이 미미할 것으로 예상되지만, 시장규모가 확대될 것으로 예상되는 2010년 하반기부터 본격적인 매출증가가 기대된다.",NEGATIVE
"그러나 환율 하락으로 모아텍은 외화관련손실이 11억원 발생, 세전이익은 전분기대비 11.4% 증가하는데 그쳤음",NEGATIVE
제너시스템즈는 3분기 매출은 81.5억으로 전년 동기 대비 9.1% 감소하고 영업이익은 -3억으로 적자 전환할 것으로 판단된다.,NEGATIVE
가비아의 실적이 예상보다 못한 이유는 경쟁 심화로 매출 성장률이 당초 예상을 소폭 밑돌았고 환율 영향으로 원가 부담이 지속되고 있기 때문이다.,NEGATIVE
도메인 부문은 2008년 하반기 단행한 가격 인하로 상반기까지는 신규등록률의 상승이 나타났으나 가비아는 이러한 추세를 이어가지 못하고 소폭 하락한 모습을 보이고 있다.,NEGATIVE
그동안 완구부문이 부진을 보였던 이유는 아이템 부재 때문이다.,NEGATIVE
형강사업부문은 시장 수요 부진과 중소형사 단가 인하 등에 따른 재하락 압력이 강화되었다.,NEGATIVE
일반형강 제조부문의 경우도 단압사 및 중소형 제강사들의 경쟁 격화가 마진 개선을 저해하였다.,NEGATIVE
"한국선재의 ‘09년 매출액, 영업이익은 각각 2,385 억원, -88 억원으로 전망한다.",NEGATIVE
"한일단조의 영업이익은 9.5억원으로 전년동기대비 64.2%, 전기대비 26.9% 감소하였는데 이는 매출원가가2분기 81.3%에서 3분기 88.9%로 상승하였기 때문이다.",NEGATIVE
"한일단조의 주력 제품은 자동차 구동장치 역할을 하는 Axle shaft, spindle로 버스나 트럭 등 상용차에 적용이 되고 있다.",NEUTRAL
"한일단조의 2009년 매출액은 전년대비 16% 감소한 708억원, 영업이익은 전년대비 25.8% 감소한 53억원을 기록할 것으로 판단되며 예상실적을 기준으로 한 PER은 8.4배 수준이다.",NEGATIVE
여타 자동차부품주의 주가 상승률에 반하여 한일단조의 주가 상승률이 미미한 이유는 무엇보다 전방산업이 승용차가 아닌 상용차인 것에 기인한다.,NEGATIVE
게다가 엡게임은 환율 하락으로 인한 외환관련 손실이 발생하였으며 자회사의 지분법 손실이 반영돼 세전 순이익이 대폭 감소하였다.,NEGATIVE
열혈강호 국내 매출은 전분기 대비 4.2% 감소하였으며 해외 매출은 2분기 대비 21% 감소하였다.,NEGATIVE
경쟁업체의 주식시장 진입 가능성 국내에서 대부업을 영위하는 업체중 리드코프만이 코스닥시장에 상장되어 있다.,NEUTRAL
이에 비엠티는 올해 3분기 영업이익률은 11.8%를 기록하였으며 이는 전년동기 대비로는 3.3%p 하락한 것이다.,NEGATIVE
한라IMS의 지난 3분기 실적이 예상보다 부진했다.,NEGATIVE
자동차보험 손해율이 75.1%까지 상승하였다.,NEGATIVE
마진이 낮은 저축성보험의 비중이 확대되었다는 점이 동부화재에게 부담요인이다.,NEGATIVE
"벌써 설비 가동률이 100%를 훨씬 상회하고 있는데다, 휴켐스는 원가와 판가가 연동되는 사업 구조를 보유하고 있어 추가적인 수익성 개선이 쉽지 않기 때문이다.",NEGATIVE
"또한, 홈캐스트는 추가적으로 법인세 10억원이 반영됨에 따라 순이익은 8억원의 적자를 기록하여 아쉬움을 남겼다.",NEGATIVE
그동안 POSCO는 본업에서의 성장전략이 부재하다는 지적을 받아왔고 이는 주가의 약점으로 작용하였다.,NEGATIVE
최근 2주일간 주가 상승은 시장의 기대를 상회하는 제품 마진 증가 때문 2009년 11월 18일부터 12월 3일까지 호남석유화학의 주가는 27% 상승하였다.,POSITIVE
두바이 문제가 추가적인 주가 상승을 견인할 것이다 두바이의 채무지급 유예선언은 호남석유에게 호재로 작용할 것이다.,POSITIVE
"지난 3분기에 예상보다 저조한 매출 및 영업이익(1분기보다 낮은 매출액, 영업이익 시현)을 보였던 한국철강은 4분기에는 매출액은 감소가할 전망이다.",NEGATIVE
"한국철강의 매출액이 감소할 것으로 보는 이유는 철근단가 인하 소급분(9월분) 약 30억원을 4분기 실적에 반영하고, 4분기 철근 판매량 감소(전분기대비 4% 감소한 25만톤으로 예상)와 10월부터의 철근 제품단가 하락(10월부터 톤당 5만원 인하한 72만원)을 반영한 것이다.",NEGATIVE
경기회복 시기에는 기업충당금이 줄어 기업은행이 단연 유리하다.,POSITIVE
"OCI의 2009년 4분기 영업이익은 전분기 대비 1.9% 감소한 1,791억원으로 전망된다.",NEGATIVE
"폴리실리콘 부문의 영업이익은 전분기 대비 8.8% 증가한 1,283억원을 기록할 것으로 예상된다.",POSITIVE
"OCI의 부진은 비수기 진입에 따른 판매 물량 감소, 원료가격 상승에 따른 원가율 상승 때문이다.",NEGATIVE
아이테스트는 KIKO 계약으로 대규모 파생상품관련 손실이 발생해 재무구조가 크게 악화되었다.,NEGATIVE
그리고 예상치 못한 비용이 발생할 가능성도 낮기 때문에 웅진씽크빅의 이익변동 리스크는 희박한 것으로 판단된다.,NEUTRAL
웅진씽크빅은 연초 경기둔화 전망에도 불구하고 기대이상의 실적을 거둔 것이 주가 상승의 촉매가 되었지만 새로운 사업아이템 또는 이슈의 부재로 인해 주가는 박스권 등락을 거듭하는 것으로 판단된다.,NEUTRAL
2010년 유선경쟁 심화와 무선인터넷 활성화로 인해 KT의 영업이익이 감소할 전망이다.,NEGATIVE
2010년 KT는 결합판매 확대에 따른 유선 통신 부문의 경쟁 심화와 아이폰 도입과 FMC 상품 도입으로 대표되는 무선인터넷 활성화로 단기 영업이익 감소가 불가피하였다.,NEGATIVE
개발원가 이하로 천연가스 가격이 하락한 상태이므로 자금여력이 부족한 천연가스전은 폐쇄가 잇따를 것으로 판단된다.,NEGATIVE
"다만 단조 및 태양광부문의 실적개선이 더디어 한국철강의 목표주가를 기존 77,000원에서 70,000원으로 하향한다.",NEGATIVE
현대건설의 해외 수주 부진을 반영해 이익 전망치를 소폭 하향한다.,NEGATIVE
"세아제강 목표주가 하향 조정 이유는 올해와 내년 순이익을 각각 30%, 13%씩 하향 조정하기 때문이다.",NEGATIVE
"이런 결과 세아제강은 2009년 연간 총 매출액은 전년비 29.9% 감소한 1조 2,558억원, 영업이익은 90.5% 감소한 179억원을 시현할 전망이다.",NEGATIVE
한국제지 11월 실적의 특징은 성수기 판매량 증가와 타이트한 재고수준에도 불구하고 펄프가격 상승에 따른 원가부담으로 영업이익률은 소폭 하락했다는 점이다.,NEGATIVE
11월 제품내수단가가 전월 대비 약 1% 상승한 점과 펄프가격 상승폭이 약 30~40불에서 20불 수준으로 낮아졌다는 점은 긍정적이지만 아직까지 펄프가격 상승율이 제품가격 상승율을 압도한다는 점에서 내년 1분기에서 2분기 초까지 한국제지의 이익률 하락은 불가피할 것으로 판단된다.,NEGATIVE
"석유화학 부문의 경우 2010년 1분기에 예정된 정기보수를 대비한 재고 확보 차원에서, 정보소재의 경우 계절적인 비수기 진입으로 인해 판매량 감소가 예상된다.",NEGATIVE
"LG화학의 2010년 영업이익은 전년 대비 12% 감소한 17,953억원을 기록할 전망이다.",NEGATIVE
"이는 2010년 동국제강의 예상 영업이익 및 순이익을 종전대비 각각 8%, 20%씩 하향 조정하기 때문이다.",NEGATIVE
특히 ESL공법의 경우 우유의 유통기한을 5일에서 14일로 늘리는 공법으로서 서울우유를 진퇴양난에 빠트리고 있음.,NEGATIVE
다만 4분기에는 TV광고 등 마케팅비와 인건비 등 비용 집행이 집중되면서 다음의 수익성은 소폭 훼손되고 있다.,NEGATIVE
세아베스틸은 올 4분기 실적 하향 조정으로 올 연간 적자 폭이 당초 예상보다 크게 나타날 것으로 보기 때문이다.,NEGATIVE
"또한 이는 올해 BPS 22,368원의 PBR 0.85배 수준이기도 하다. 4분기 영업이익, 예상보다 부진할 전망 세아베스틸의 4분기 실적은 기대치를 좀 더 낮추어야 할 것으로 보인다.",NEGATIVE
"세아베스틸의 이러한 영업이익은 당초 전망치(315억원)를 28.6% 하향 조정하는 것이며, 시장켄센서스(각각 3,654억원, 257억원)대비 12.5% 하회하는 것이다.",NEGATIVE
"LS산전은 5개의 분야 중 Smart Place, Smart Transportation, Smart Renewable 3분야에 참여한다.",NEUTRAL
"대한해운의 09년 4분기 실적은 매출액 6,100억원(-32.7% yoy), 영업이익 -559억원(적자전환), 당기순이익 -986억원(적자전환)을 기록할 전망이다.",NEGATIVE
"광주신세계의 인기가 낮은 이유는 가치주이며, 매우 저평가 상태라는 것은 누구나 알고 있지만, 주가를 상승시킬만한 특별하고 새로운 모멘텀이 없었기 때문이다.",NEGATIVE
"자화전자의 4분기 추정 실적은 매출액 232억원, 영업이익 10억원으로 부진할 전망이다.",NEGATIVE
이에 따라 코오롱에 관심이 있는 투자자 입장에서는 동사에 대한 투자시기를 고민하지 않을 수 없다.,NEUTRAL
"명예퇴직자 5,992명은 당초 대우증권의 예상치인 4,000명을 50% 초과한 규모이며, 이에따라 4분기 일회성 특별 명예퇴직 가산금 증가에 따른 09년 영업실적 하향 및 배당 여력 축소가 불가피할 것으로 예상된다.",NEGATIVE
"결국, 동해펄프와 관련된 영업외 손익변동은 매우 제한적일 것으로 판단된다.",NEUTRAL
"삼성테크원의 수익 예상도 카메라 모듈 사업의 수익성 하락, CCTV 합병 비용 증가 가능성을 고려하여 2010년, 2011년 EPS를 각각 12.0%, 16.1% 하향 조정하였다.",NEGATIVE
비대한 자본구조를 보유한 KB금융에게 M&A는 위험을 수반하는 도전이 아니라 필수적인 선택이다.,NEUTRAL
"이 보도가 주가에 부정적이었던 이유는, 현재 삼성카드의 주가에는 영업가치 외에도 1)에버랜드 주식의 미반영 가치와, 2)삼성그룹 계열사로서의 프리미엄이 포함되어 있기 때문이다.",NEGATIVE
"단기 매력도 저하로 투자의견 및 목표가 하향 현대백화점의 목표주가를 기존 145,000원에서 123,000원으로 15.2% 하향 조정하며, 투자의견 또한 보유(Hold)로 하향한다.",NEGATIVE
"인천공항 여객수송은 전년동기대비 4.8% 감소한 2,855만명을 기록했으며, 화물은 전년동기대비 4.6% 감소한 231만톤을 기록했다.",NEGATIVE
"따라서 이니스프리 매출감소를 반영하여 2010년 추정 매출액은 1조 9,722억원(yoy +10.2%), 영업이익은 3,545억원(yoy +11.4%)으로 각각 2.2%, 2.0% 하향조정하였다.",NEGATIVE
반면 우리투자증권은 1) PF 충당금과 2) 채권평가손에 대한 지속적인 부담으로 인해 주가 회복은 상대적으로 제한되었다.,NEUTRAL
"전세계 완성차 업체들이 전기차(HEV, PHEV 포함) 출시를 경쟁적으로 서두르고 있다는 점을 감안하면 이미 동분야에서 경쟁력을 갖춘 LG화학의 추가적인 수주가 기대된다.",POSITIVE
일본과 경쟁 하고 있는 삼성전기의 경우 엔화 약세가 장기적인 위험 요인이 될 수 있다.,NEGATIVE
"카지노 매출의 성장이 제한적이었던 가운데, 비용 측면에서 개별소비세와 교육세 추가, 기부금 발생 및 인건비 상승 등의 요인이 작용하면서 수익성이 하락한 것이다.",NEGATIVE
이러한 요인들로 인해 올해 1분기 실적은 작년 4분기 대비 저조할 것으로 보이며 연초 대비 현대제철의 주가가 -5% 하락한 것 역시 이러한 요인이 반영되었기 때문으로 풀이된다.,NEGATIVE
특히 열연 설비 증설 공사로 열연 판매량은 전 분기 대비 약 50만톤 감소가 예상되며 봉형강 역시 비수기 영향으로 인한 수요 감소로 총 출하량 규모는 -13%qoq 하락이 추정된다.,NEGATIVE
"주가 하락의 이유는 1) 지난 5개월간 주가 상승에 따른 이익실현 매물이 증가했고, 2) 지난해 발생했던 백화점 선공제수수료가 올해도 지속돼 영업실적이 악화될 수도 있다는 우려, 3) 대주주 지분 매각에 따른 부정적 견해 때문이었다고 본다.",NEGATIVE
"올해 해외 사업장에서 대규모 손실이 발생할 것으로 예상되며, 동사가 지닌 정유 플랜트 중심 해외 플랜트 부문의 수주 및 수행 경쟁력에 대한 신뢰도가 저하되었기 때문이다.",NEGATIVE
"우선적으로 JS전선의 책임 소재를 본다면, JS전선의 불량부품 납품에 따른 과징금 형태의 형사적인 책임과 원자력발전소 가동 중단에 따른 민사적인 책임이 존재할 것으로 생각된다.",NEGATIVE
"삼성전자의 주가는 최근 3분기 동안 1,300,000~1,500,000원의 박스권 흐름을 기록하였는데, 이는 1) 3Q12이후 세분기 연속 분기 영업이익이 8조원대에서 머물렀고, 2) 갤럭시S4 판매에 대한 우려로 2Q13 분기 영업이익 컨센서스 10.7조원에 대한 가시성이 떨어졌기 때문이다.",NEUTRAL
삼성전자의 주가는 미국의 출구 전략에 따른 주식시장 환경의 변화와 더불어 2분기 실적이 시장 기대치에 다소 못 미치칠 것이라는 관측이 나오면서 크게 하락하였다.,NEGATIVE
"4월 택배 대란 및 5월 택배 파업 등으로 인해 택배 영업이 정상적인 상황이 아니었으며, 통합 관련 비용 발생 및 일부 물량 이탈 등으로 인해 택배 부문 실적 부진이 지속되고 있는 것으로 판단된다.",NEGATIVE
"농심은 국내 경기둔화와 기상이온 현상으로 인한 소비심리 약화 우려에도 불구하고, 2012년 5월 신규브랜드 듀엘의 론칭과 함께 유일하게 유통점포수를 확장하며(2013년 예상 69개/+29개,YoY) 실적 턴어라운드 시점에 있다.",POSITIVE
"당사 전망치 하회의 요인은 BCC은행 지분법 평가손실 규모가 당초 전망(600억원)을 크게 상회하는 1,203억원에 달했고, 최근 실시된 세무조사에 따른 세금 추가 납부 493억원 등 비경상적 손실요인의 증가 때문이다.",NEGATIVE
"특히 정유부문은 4~5월 유가/정제마진 급락의 영향으로 1,303억 적자를 시현했는데, 신규 고도화 설비가 가동되면서 비용이 증가한 것이 경쟁사 대비 부진한 실적의 원인이라 판단된다.",NEGATIVE
"KT가 전분기대비 실적이 부진한 이유는 1) 주요 고객사의 플래그십 모델 판매량 둔화, 2) 13M 렌즈의 ASP(평균판매가격) 인하, 3) 휴대폰 업체들의 재고조정 등이 영향을 미쳤기 때문이다.",NEGATIVE
비상 생산체제를 통해 피해를 최소화하여 SK하이닉스의 위기관리 능력을확실히 보여준 것으로 평가한다.,NEUTRAL
"우선 전체적인 유통업 부진이 지속되었는데 카드정보 유출 사태, 기대 이하의 동계올림픽 특수 및 전년대비 높은 기온에 따른 의류 판매율 둔화가 나타났기 때문이다.",NEGATIVE
"연간 2,400억에 달하는 이자비용은 본격적으로 턴어라운드 하지 못한 태양광 사업부 및 기타 사업부 성장 둔화로 부담스럽기 때문에 재무구조 개선 및 기 발표된 투자 진행을 위한 capex 마련 등이 이번 유상증자의 주 이유인 것으로 판단된다.",NEGATIVE
"증선위의 분식회계관련 감리 결과가 검찰 기소 및 통보로 이어질 경우 상장 적격성 심사대상이 되어 거래 정지가 될 수 있는 risk가 있었지만, 최악의 상황까지는 가지 않았다.",NEUTRAL
"결론적으로 현재 대규모 적자 상태인 연성 PCB 사업(이수엑사플렉스)의 경영 정상화 속도가 빨라지고, 양 사업간 시너지 효과가 클 것이라는 점에서 이번 합병은 기업 가치에 긍정적일 것이다.",POSITIVE
"지난 몇 년간 주목 받았던 메리츠화재의 주가는 올해 들어 장기위험손해율 상승, 평균을 상회하는 자동차손해율과 같은 펀더멘털에 대한 우려로 부진한 모습을 보이고 있다.",NEGATIVE
중국 LED 업체들의 시장 참여가 확대되면서 2분기부터 가격 경쟁 심화 조짐이 구체화되며 조명용 중저가 칩과 패키지 가격의 하락폭이 확대된 것은 부정할 수 없는 사실이다.,NEUTRAL
"3분기 성수기 진입에도 삼성전자 스마트폰의 판매가 부진한 가운데 갤럭시노트4 초도 물량의 상당부분이 4분기로 이월되면서 고부가 부품의 판매도 부진하면서 ACI, LCR, OMS, CDS 전 사업부의 실적이 적자전환한 것으로 판단된다.",NEGATIVE
CJ제일제당의 주가는1) 라이신 Spot가격 하락과 2) 환율 및 곡물가 상승으로 투입 원재료비 증가 우려로 인해 주가가 하락한 모습을 보여왔다.,NEGATIVE
"부문별 실적을 살펴보면, 올레핀부문 영업이익은 1,246억원(QoQ -13%)으로 PE/PP제품의 견조한 스프레드에도 불구, SM제품 가격 하락과 부타디엔의 역외권 부타디엔(BD)물량 유입에 따라 수익성이 하락하였다.",NEGATIVE
"그리고 2012년 10월 모바일 게임 시장에 대응하기 위하여 네오위즈인터넷과의 합병을 추진하였으나 무산되었고, 이후 이렇다할 전략 부재와 신규 게임 개발 지연 등으로 특별한 성과를 내지 못하였다.",NEUTRAL
"과징금 235억원, 신규 모집 금지 7일 부과 유통점에 지급한 판매 장려금이 과도했고, 시장지배적 사업자가 가입자시장의 과열을 유도할 수 있는 행위를 했다고 방송통신위원회가 판단해 판단의 잣대를 엄하게 적용한 것같다.",NEUTRAL
"HE 사업부가 적자 전환하는 점이 부진의 원인인데, 달러화 강세 및 유로/신흥국 통화 약세에 기반한 부정적인 환율 여건이 지속됐고, 패널 가격도 강세 기조를 유지했기 때문이다.",NEGATIVE
대규모 적자 상태인 중국 후난 법인은 1분기 말부터 신규로 중저층 MLB 양산을 시작함에 따라 향후 가동률 상승과 함께 적자폭을 줄여나갈 것으로 기대된다.,POSITIVE
"부진이 지속되고 있는 FC-BGA는 Broadwell용 출하가 확대되며 적자폭을 줄일 것이고, 신규 베트남 법인의 생산 품목이 카메라모듈로 확대돼 원가 경쟁력 강화를 뒷받침할 것이다.",POSITIVE
IR에 따르면 미국 지점은 상반기엔 적자를 기록하고 하반기에 환입이 되면서(매출 역성장에 따른 IBNR 적립 감소로) 연간 전체론 200억원 적자가 예상된다고 한다.,NEGATIVE
롯데쇼핑은 2분기 이후 국내 백화점과 할인점의 기저효과와 계열사들의 턴어라운드로 3년 연속 이어온 실적 감소 추세에 반전을 가져올 전망이다.,POSITIVE
"Life Science는 매출액 688억원(-26.1% YoY), 영업이익 -93억원(적자전환)을 기록하였다.",NEGATIVE
"그러나 6월 둘째 주 이후 내수 산업 전반에서 메르스 영향은 불가피한 것으로 추정 되는데, LG생활건강은 음료 부문이 단체활동 중단으로 3분기 턴어라운드 지연에 직접적인 영향을 받을 것으로 우려된다.",NEGATIVE
"연결 자회사들의 실적 또한 아직 의미있는 개선을 기대하기 힘든 상황으로 무역부문의 대우인터내셔널 실적 개선을 제외한 나머지 사업부문은 전분기와 비슷한 수준으로, 연결기준 영업이익률은 전분기 대비 소폭 하락한 4.5%(QoQ -0.3%pt, YoY -0.9%pt)를 전망한다.",POSITIVE
"LG전자의 현재 주가는 역사적 PBR밴드 하단을 하회 중인데, 반등을 위해서는 1) Cash Cow 역할을 담당하는 TV의 수익성 개선이 전제되어야 한다는 판단이다.",NEGATIVE
당 분기 서울 호텔 사업이 기대보다 호조를 보여 호텔과 기타 사업을 포괄하는 부문의 수익성이 손익분기점에 근접하게 개선될 수 있는 환경이었다.,POSITIVE
"중국 이익 비중 30% 내외 한편 현대모비스의 전체 매출액에서 중국이 차지하는 비중은 26%, 영업이익에서 차지하는 비중은 30% 내외 수준인 것으로 파악된다.",NEUTRAL
그 이유는 1)저가 철강재 경쟁심화로 해외철강자회사들의 영업적자가 약 1300억원으로 전분기대비 약590억원 증가하였고 2) 무역부문에서 대우인터의 2분기 영업이익이 QoQ 20%가량 감소한 영향이 가장 크다.,NEGATIVE
"이에 따라 SK하이닉스의 하반기 영업이익은 2분기 수준에서 크게 벗어나지 않을 것으로 판단되며, 3분기 1.42조원(+3.4%QoQ), 4분기 1.42조원(-0.4%QoQ)의 안정적인 궤도를 그려줄 것으로 전망된다.",NEUTRAL
"실적 발표 주요 내용 : SK이노베이션은 실적 발표 컨퍼런스에서 최근 정제 마진 둔화의 배경이 중동 신규 설비의 가동률 상승, 중국 수요 부진 등에 있다고 분석했으며 3분기 중에는 마진 약세가 지속될 수 있다고 밝혔다.",NEGATIVE
"3분기 예상 살적 : 정제 마진 둔화로 영업이익 3,340억원 추정 3분기 영업이익 3,340억원으로 추정 : SK이노베이션의 3분기 영업이익은 3,340억원으로 전분기대비 둔화될 것으로 예상된다.",NEGATIVE
"기대치에 미치지 못했던 정보보안부문은 8월 신제품 출시 및 일본 시장 확대로 하반기 매출액은 전년 대비 9.6% 성장할 것으로 추정된다(상반기 매출액 yoy -10.2%). 따라서 영업이익률은 2분기 9.9%에서 3분기 10.9%, 4분기 11.9%로 개선될 전망이다.",POSITIVE
"영업이익이 시장대치를 하회한 이유는 철강업황 부진에 따른 ASP의 하락(판재류 5.4%, 봉형강류 13.5%)이 주원인으로 건설수요 회복에 따른 전체 판매량 증가에도 (QoQ 15.6%, YoY 2.5%) Top line의 감소를 메우기엔 역부족이었다.",NEGATIVE
"하반기 국내건설투자 금액이 109.9조원(건설산업연구원)으로 전년동기 대비 4.6% 성장하며 건설경기 회복세는 지속될 것으로 전망되지만, 엔저 심화에 따른 현대자동차의 부진, 금리인상에 따른 달러 강세, 철강업황 회복 지연 등 동사를 둘러싼 영업환경은 녹록치 않은 상황이기 때문이다.",NEGATIVE
"중요한 것은 유가 추가 하락에 따라 납사 가격이 $500/톤 이하로 하락하였으며, 이로 인해 NCC업체들의 원가 경쟁력은 향후 더욱 높아질 것이라는 점이다.",POSITIVE
그 당시 실적 부진으로 고생하던 삼성전기는 경쟁력 없는 13개 품목을 과감히 구조조정하였고 그 해 4분기에 턴어라운드에 성공하면서 주가가 3만원대에서 8만원대로 수직 상승한 바 있다.,POSITIVE
MC사업부는 스마트폰의 출하량이 전분기대비 9% 감소했음에도 불구하고 G4를 비롯한 LTE 스마트폰의 비중확대로 인해 평균판매단가가 상승하여 전분기와 유사한 수준의 매출액 시현이 가능했다.,NEUTRAL
"15년 판매 및 실적 전망치 하향: 우리는 올해 초 한국타이어의 15년 공장 판매량이 라우펜 출시 등으로 인해 1억본을 넘어설 것으로 전망했으나, 라우펜 글로벌 런칭 지연, 내수 시장 부진 및 중국 내 동사의 판매량 하락이 지속됨에 따라 생산량을 9,300만본으로 하향한다.",NEGATIVE
"이 가운데 CJ오쇼핑은 2014년 3분기부터 경쟁사대비 PB개발비, 모바일 소셜커머스 관련 적립 충당금 등의 고정비성의 변동비 부담을 반영하며 강도 높은 체질개선을 진행해 왔다.",NEUTRAL
"그 이유는 카카오 모바일 게임은 YoY 23%, QoQ 27% 감소하여 예상치보다 감소폭이 컸음에도 불구하고 판관비는 YoY 32%, QoQ 11% 늘어났기 때문이다.",NEGATIVE
"특히 메르스 영향으로 면세점 매출이 쇼크를 기록할 것으로 예상했지만 2,791억원(+56%YoY)으로 기존 추정치 대비 30% 상회했고, 백화점과 방판, 전문점 채널 모두 (+)성장을 보였다.",POSITIVE
"새론오토모티브의 연결 매출액에서 북경 법인이 차지하는 비중이 45%이고, 한국 법인에서 중국 향 수출도 상당하다는 점을 감안할 때 중국 관련 노출도가 50%를 넘는다.",NEUTRAL
원재료인 철광석과 석탄가격이 3Q15까지 하락세를 지속했고 신일본제철이 지난 8월에 자동차강판 가격을 인하했다는 점을 감안하면 이번엔 인하 가능성이 높다고 판단되며 신일본제철과 비슷한 6만원/톤 수준의 가격인하가 예상된다.,NEUTRAL
기아의 SUV 비중은 23%로 기아차 글로벌 내 SUV 비중 32%와 중국 수요 내 SUV 비중 43%에 비해 크게 낮아 Mix 측면에서 불리한 편이다.,NEUTRAL
"현대위아는 전체 매출액 중 약 25%가 원/달러 환율에 노출되어 있는데, 헷지를 제거한 순 노출이 약 16%이기 때문에 원/달러 환율이 상승하면 실적에 긍정적이다.",POSITIVE
실제로 POSCO 전임 경영진에 대한 조사 등이 붉어졌던 지난 6개월간 글로벌 주요 철강 업체들의 주가 하락률을 보면 POSCO의 주가 하락률이 크지 않다.,NEUTRAL
"가온미디어는 2015년 3분기에 연결 기준 매출액 881억원(-0.4% YoY, -8% QoQ), 영업이익 45억원(-7% YoY, -29% QoQ)을 기록할 전망이다.",NEGATIVE
"하지만, 당초 성장을 기대했던 백화점사업부문 8-9월 합산 실적이 기대치를 하회하였다.",NEGATIVE
연결로 반영되는 자회사 와이지플러스는 문샷이 10월 에스티로더 출신의 장재영씨 대표이사를 선임하면서 본격적인 투자는 3분기가 아닌 내년 초부터 진행됨에 따라 3분기 영업적자는 당초 예상인 -20억원보다 개선된 -14억원으로 전망한다.,POSITIVE
"특수강 판매가격은 전분기와 비슷한 88만원/톤을 기록할 것으로 예상되지만 조업일수 감소 등의 비수기 영향에 따른 특수강 판매량 감소(46만톤, YoY -8.2%, QoQ -9.3%)와 여전히 부진한 대형단조부문(30억대 영업적자)의 영향으로 실적이 다소 부진할 전망이다.",NEGATIVE
"영업이익 증가율은 전년동기대비 8.3% 감소했을 것으로 추정되는데, 합병에 따른 회계조정으로 해외법인의 미실현이익제거(약 300억원) 발생과 현대기아차의 부진에 따른 해외법인 수익성 악화가 불가피 했을 전망이다.",NEGATIVE
"에스엘의 경우, 중국 생산법인 4개사 중 연태 법인만 연결로 반영되고 나머지 3개 법인(북경/동풍/십언)은 지분법으로 반영되기 때문에 중국 자동차 출하 둔화의 영향이 타 부품사에 비해 작은 편이다.",NEUTRAL
"반면, 연결 실적은 예상보다 부진하였는데, 포스코의 해외철강법인들은 영업손실이 약 -990억원으로 적자를 기록했을 것으로 판단되며, 무역부문과 에너지 부문도 전방산업 부진에 따른 top line 감소로 영업이익 줄어들었기 때문이다.",NEGATIVE
"일회성 비용이 상시화된 2015년 LS그룹은 수익과 성장에 근거한 일부 사업 중단, 투자손상처리, 중재소송 확정, 세무조사에 의한 추징금 등 일회성비용이 상시화되다시피 했으나, 관련 이슈들이 대부분 해소됨으로써 2015년 4분기를 기점으로 추가 비용 발생 가능성이 낮아졌다.",POSITIVE
현대산업개발의 3분기 실적이 시장 기대치를 하회한 이유는 주택 매출액이 예상치에 못 미쳤기 때문이다.,NEGATIVE
다만 스카이라이프 실적 부진으로 자회사 이익 기여도가 2Q 836억원에서 3Q 653억원으로 감소하고 300억원에 달하는 환율 관련 손실이 발생해 외견상 다소 아쉬운 실적을 기록하였다.,NEGATIVE
"엔씨소프트가 예상을 소폭 하회하는 3분기 실적을 발표했으나 큰 차이가 없고, 시장의 관심은 4분기 이후의 펀더멘털개선에 집중되어 있다는 점에서 실적이 주가에 미치는 영향은 제한적일 전망이다.",NEUTRAL
빅뱅 월드투어 중 중국 및 동남아시아 지역에서 진행된 17회분과 빅뱅의 싱글 매출이 반영되며 외형성장을 견인했지만 연결 자회사인 YG PLUS의 손실이 더욱 커진 것이 예상을 하회한 가장 큰 이유였다.,NEGATIVE
"실적 부진은 한화건설의 2,836억원 영업손실에 주로 기인하는데, 2천억원 이상의 얀부 프로젝트 손실 반영과 국내 미착공 PF 용인 상현지구의 분양에 따른 회계적 손실 인식 약 1천억원이 대규모 적자의 원인이다.",NEGATIVE
통신사 투자 환경을 감안 시 2015년이 실적 저점일 가능성이 높아 정도의 차이이지 2016년엔 다소간 이노와이어리스의 실적 개선 가능성이 높은 것이 사실이기 때문이다.,POSITIVE
"현대로템의 신규 수주는 2015년 3분기까지 8,340억원에 그쳐 전년동기비 55% 감소했고, 연초 수주목표 4.4조원 대비로도 크게 미달했다.",NEGATIVE
"전지부문은 중국 전기버스향 대형전지 매출 증가 영향에도 불구하고, 모바일 전지 매출 감소와 일부 모델 재고 폐기에 따른 일회성 비용을 반영하여 전분기 대비 60% 감소한 40억원의 영업이익을 기록할 것으로 전망된다.",NEGATIVE
"4Q15에도 POSCO의 EC 사업부문과 철강관련 해외법인의 실적부진은 지속될 것으로 예상되어 POSCO의 연결기준 영업이익은 5,310억원(YoY -30.5%, QoQ -18.5%)의 부진한 실적을 기록할 전망이다.",NEGATIVE
중동발주 감소가 나타나던 ‘13년부터 비중동 해외수주를 늘리며 ‘14년에도 본사기준 해외수주 10조원을 기록한 현대건설이지만 ‘15년 3Q까지 2.2조원에 불과하며 외형에 대한 압박이 발생했다.,NEGATIVE
"최근 현대차그룹 출하량 전망치 하향을 반영하여, 2016년 영업이익 추정치를 2.5% 하향하며, 목표주가도 기존 280,000원에서 260,000원으로 하향한다.",NEGATIVE
15년 한화의 순익 적자의 핵심 요인인 한화건설 부진은 4분기중 마라픽 프로젝트의 완공과 국내 미착공 프로젝트의 착공에 따른 회계적 손실 인식으로 정점을 이룰 전망이다.,NEGATIVE
"실적의 큰 그림은 전장부품사업부의 매출 증가와 이익 기여도 상승, 업황은 계속 부진하지만 고정비 감소로 적자가 축소될 LED, 물량 감소를 ASP 상승으로 극복하나 이익 감소가 불가피한 카메라모듈 등으로 정리될 수 있다.",POSITIVE
"반면 전지부문은 시장의 우려와는 달리 모바일 전지의 재고손실이 약 200억원 가량 반영됐음에도 불구하고, 자동차전지의 고객사 매출 확대에 따른 물량 효과로 영업이익은 289억원을 기록하며 전분기대비 183% 개선되었다.",POSITIVE
"창이공항 역시 BEP(분기 매출 1,300억원 추정) 수준을 넘어서면서 적자폭을 빠르게 축소시킬 것으로 예상한다(2016년 영업적자 150억원 추정), 인천공항 3기 사업 본격화로 공항면세점 수익성 제고도 기대된다.",POSITIVE
아모레퍼시픽은 지난 6월 메르스 사태 이후 아직까지 채널 전반의 성장성이 온전히 회복되지 못한 환경에서 2015년 4분기 +62.8% YoY의 매출 고성장을 기록해 컨센서스 대비 공격적이었던 당사 예상(+46.8% YoY)을 크게 상회했다.,POSITIVE
"영업환경 악화(유가 하락/비수기 진입) 및 일회성 비용 반영(정기보수 기회손실 700억원 + 상여 등 400억원)을 감안하면, 롯데케미칼의 실질적인 분기 당 이익 체력은 약 4,000억원에 육박하는 것으로 판단한다.",POSITIVE
"매출액은 하나금융투자의 예상치와 유사했는데, RE/OE 각각 5%/6% (YoY) 성장했고, RE 지역별로는 한국/중국/유럽이 경쟁심화로 11%/10%/3% (YoY) 감소했으나 북미는 26% (YoY) 성장하면서 2분기/3분기 56%/41% (YoY) 성장세를 이어갔다.",NEUTRAL
"KCC는 범 현대가 보유지분 가치가 2조원에 달하는 등 유동화 가능한 자산이 풍부하나 이는 범 현대가 간 그룹 경영권의 우호 지분이기 때문에 만일 인수전에 참여시에는 보유지분 매각을 통한 인수자금 마련보다는 보유 현금(1분기말 4,209억원) 내에서 참여하는 방안이 더 현실적일 것이다.",NEUTRAL
"삼성전자의 순이익은 17.2조원으로 상향조정한다. 2011년 반도체 설비투자의 효과로 시장 점유율의 상승속도가 확대, LCD의 원가경쟁력 회복, Galaxy S를 기반으로 휴대폰의 매출 기여효과를 감안하면, 삼성전자의 현 주가는 하반기 경기 불안감을 반영중이라 판단된다.",POSITIVE
세계시장 점유율이 높은 삼성전자의 실적은 외부 불안감이 해소되며 본격적인 상승의 랠리가 진행될 전망이다.,POSITIVE
"다만, 4월부터 시작된 SK브로드밴드 상품에 대한 유선재판매 사업으로 인해 분기별 360억원 가량의 비용이 발생하고 있어 영업이익은 컨센서스보다는 다소 낮아질 전망이다.",NEGATIVE
"전격적인 금리인상으로 원화강세가 진행된다면, 외국인 매도세도 일단락 될 전망 금통위는 지난 주말 기준금리를 0.25%p 인상한다고 전격적으로 발표하였다.",NEUTRAL
"모두투어의 이 같은 M/S확대는 1) 침체기간에 중소 여행업체의 도산 및 여력저하로,산업 반등 시기에 상위업체 M/S 쏠림 현상이 발생하고 있으며, 2) 오랜 노하우를 바탕으로한 공격적 영업전략으로 패키지 여행수요를 빠르게 흡수하고 있으며, 3) 항공사 및 랜드사와의 경쟁력 있는 네트워크를 기반으로 공급 측면을 원활하게 하고 있기 때문인 것으로 판단된다.",POSITIVE
"하반기는 신세계 그룹 내 단체급식 단가인상 효과(연간 100억원), 가정간편식 매출 급증, 피지워터 출시, 식자재 가공/유통부문 매출 증가효과에 따라 이익증가 폭이 상반기에 비해 더 높을 것으로 전망한다.",POSITIVE
또한 신세계 그룹 내 단체급식 질적 수준이 높아지면서 단체급식을 이용하는 종업원과 협력회사 직원수가 증가하여 식수가 증가하는 효과도 기대된다.,POSITIVE
아울러 자회사 선바이오텍의 건강기능식품과 화장품이 국내에서 판매호조를 이루고 있을 뿐만 아니라 미국 시장에도 진출해 향후 지분법이익의 증가도 예상된다.,POSITIVE
국내 백판지 1위 업체인 한솔제지의 수혜 예상 한솔제지는 2009년 생산량 기준으로 M/S 43.9%를 차지하고 있는 국내 백판지 1위 업체이다.,POSITIVE
"따라서 우리는 백판지 공급부족 현상이 발생할 경우, 최대 수혜기업은 한솔제지가 될 것으로 판단한다.",POSITIVE
"SK텔레콤은 투자심리 악화로 주가조정을 거친 후 상승 예상 2분기 실적부진과 3분기의 스마트폰 경쟁 우려, 요금인하 경쟁, 투자확대 우려 등으로 주가부진이 지속되고 있다.",NEGATIVE
"신세계는 중장기 성장성 둔화를 커버할 대안 부재가 문제 향후 5년간 연평균 매출액성장률이 5.6%로 과거 5년간 9.0%에 비해 성장성이 크게 둔화가 불가피한 상황에서, 시간이 흐를수록 Target multiple의 하향이 필요하다는 판단이다.",NEGATIVE
최근 SK에너지는 윤활유 사업부 분사 이후 화학 등 나머지 사업부도 분사를 추진 중이다.,NEUTRAL
"투자의견 매수 유지, 목표주가 246,000원으로 상향 삼성SDI의 투자의견 매수를 유지하며, 목표주가를 246,000원으로 상향한다.",POSITIVE
2012년 1분기 호남석유화학 여수 플랜트 25만톤의 NCC 증설까지 고려할 경우 272만톤의 NCC로 1위와 유사한 수준으로까지 생산능력이 확대된다.,POSITIVE
"한솔그룹의 수익성이 좋아지고 있는 것도 한솔제지 주가에 긍정적 한솔제지는 과거에 그룹의 대표 계열사로서 부실 자회사에 대한 지원자 역할을 해왔고, 이는 동사의 주가 할인요인이었다.",POSITIVE
대우조선해양이 추진중인 Total사의 Clov광구 FPSO 1기(16억불 예상) 계약건이 3분기 내 가시화될 것으로 보여 가이던스 충족은 무난할 것으로 보인다.,NEUTRAL
"삼성중공업 주가의 가장 큰 모멘텀은 역시 해양 부문 수주인데, 멕시코만 사태 이후, 해양플랜트 시황은 해양 원유 시추 활동에 대한 규제 가능성으로 인해 단기간 내 수주 모멘텀 회복이 어려울 전망이다.",NEGATIVE
지방 주택 현장 분양촉진비 반영으로 인한 건축 원가율 상승과 자체사업지 분양촉진비 반영에 따른 판관비 증가로 대림산업의 영업이익은 전년동기대비 감소하였다.,NEGATIVE
한섬은 타임과 SJSJ를 중심으로 하여 하반기에도 무난히 두 자리 수 성장을 달성할 것으로 전망된다.,POSITIVE
한섬은 추가적으로 점포를 개설하는 대신 동일 매장과 동일 브랜드 매출 증가를 통해 성장하고 있다.,POSITIVE
"삼성전자의 감시형카메라사업 양수(2010년 1월 1일) 및 브랜드의 통합, 마케팅 확대로 수출 등 수주 증가로 높은 성장세가 예상된다.",POSITIVE
"하나금융의 2분기 순이익은 전분기 대비 39.9% 감소한 1,808억원으로 시장컨센서스와 우리 예상치를 다소 크게 하회했다.",NEGATIVE
"또한, 삼성전자의 해외마케팅 확대로 인한 해외법인 취급 고 증가로 지분법이익이 개선되면서 세전이익은 23.9% 성장한 1,242억원에 이를 것으로 전망된다.",POSITIVE
정보전자소재부문도 증설효과 영향으로 분기 영업이익이 2009년 3분기 이후 처음으로 2천억원대 규모로 재진입하였다.,POSITIVE
KT&G 국내 담배 매출물량이 전년동기대비 13.2% 하락하면서 외산담배의 8.3% 물량증가와 대조되는 모습을 보여 시장감소와 점유율 하락의 이중 악재 시기였다는 판단이다.,NEGATIVE
대우인터내셔널은 국내 종합상사 중 최고의 네트워크망과 영업능력을 보유하고 있다고해도 큰 이견은 없을 것으로 판단하고 있다.,POSITIVE
이에 따라 올해 하이닉스의 연간 영업이익 역시 4.2조원으로 기존 전망치 3.7조원 대비 14% 상향한다.,POSITIVE
"M&A 진행과정을 거치면서 최근 해외 부문 수익성 개선으로 실적이 턴어라운드되고 있는 현대건설의 국내 시공 능력 평가 1 위, 해외건설 시공실적 1 위 기업으로서의 내재가치가 부각될 전망이다.",POSITIVE
헬스케어 및 웰빙사업 강화를 위한 신규 제품라인 구축 LG생활건강은 헬스케어 및 웰빙사업 강화를 위해 끊임없이 M&A 및 사업영역을 확대할 전망이다.,NEUTRAL
아울러 LG생활건강은 7/20일 신규사업 진출을 위해 유제품업체 인수를 사전 검토 중이라고 밝혔다.,NEUTRAL
"웰빙이 강조되는 시점에서, 유제품업체 인수는 LG생활건강의 음료사업부문을 안정적인 제품포트폴리오 구성에 기여할 전망이다.",POSITIVE
"더페이스샵, 중국 화장품 시장 공략을 강화 LG생활건강은 더페이스샵을 바탕으로 중국 중저가 화장품시장 공략을 강화할 전망이다.",NEUTRAL
리비아 트리폴리 발전소 등 최근 수주 물량을 포함할 경우 해외수주는 95억불 규모이기 때문에 현대건설의 사업계획 상 목표치인 120억불 달성에는 아무런 문제가 없을 전망이다.,NEUTRAL
대우건설이 산업은행에 인수되는 전후에 주택과 관련된 불확실성을 선반영하려고 할 것으로 전망되기 때문에 하반기까지는 실적 불확실성이 높다고 판단된다.,NEUTRAL
2Q실적: 분기사상 최고의 판매량으로 예상외 깜짝 영업이익 시현 전일(7/27) 세아베스틸이 공시한 2분기 실적은 예상외 깜짝 수준이었다.,POSITIVE
"잠재력이 큰 디지털 컨텐츠 사업(e-Book) 웅진씽크빅은 9월 아이패드 출시를 앞두고 전집 애플리케이션 3종(전래동화, 생각깨치기, 과학동화)을 출시할 예정이다.",NEUTRAL
"현재 웅진씽크빅은 e-Book 컨텐츠와 관련한 매출규모는 미미한 상황이지만, e-Book 시장 활성화 시 선점효과는 누릴 것으로 판단한다.",NEUTRAL
"중장기적으로 e-Book 시장 확대는 전집, 단행본뿐만 아니라 학습지 등 다양한 컨텐츠를 보유한 웅진씽크빅에 긍정적으로 작용할 전망이다.",POSITIVE
"롯데쇼핑의 올해 3~4분기 외형성장률은 13.9%, 15.3%로 고성장 추세가 지속돼, 연간 총매출액은 전년비 14.1% 증가한 13조 7,372억원으로 수정 전망한다.",POSITIVE
따라서 고등부 온라인 역성장에 따른 성장둔화가 단기적인 이슈가 아닌 만큼 투자의견은 시장수익률을 유지하며 목표주가는 19 만원으로 하향조정한다.,NEGATIVE
"2010년 2분기 영업이익 증가보다 고로조업조건 안정이 더욱 긍정적 현대제철의 2010년 2분기 영업이익은 3,467억원(QoQ +162.6%, YoY +156.3%)으로 당사 예상치 및 시장 컨센서스 대비 각각 7.2%, 18.7% 상회한 것으로 잠정 집계되었다.",POSITIVE
"현대제철은 2분기 매출액 2.7조원(+39.7% YoY, +34.9% QoQ), 영업이익 3,467억원(+156.3% YoY, +162.6% QoQ)을 달성하며 어닝서프라이즈를 기록했다.",POSITIVE
"CJ제일제당은 해외 바이오 계열사 매출과 영업이익은 각각 2,694억원(+35.3% yoy), 475억원(OPM 17.6%)를 시현해 바이오계열사의 지분법이익이 전년동기대비 79.9% 상승한 320억원을 기록했다.",POSITIVE
SK텔레콤의 영업이익이 기대치 보다 다소 낮게 나온 이유는 순증 가입자수 증가 대비 번호이동경쟁이 치열했기 때문이다.,NEGATIVE
서울반도체는 2010년 8월 후반월 신규 LED TV의 모델 출시에 따른 성장성을 확인할 것이라는 점에서 점진적 주가 상승 모멘텀을 확보할 전망이다.,POSITIVE
2010년 2분기는 서울반도체의 성장성을 확인 서울반도체의 2010년 2분기 실적은 LED TV부문의 본격 매출 확대에 따른 효과이다.,POSITIVE
서울반도체는 LED TV 시장에 비해 상대적으로 늦은 2010년 1분기 본격적인 매출을 보인 이후 빠른 점유율 증가를 보여주고 있다.,POSITIVE
"한솔제지 2 분기 실적개선의 가장 큰 원인은 인쇄용지와 산업용지의 제품가격 인상에 따른 것으로 특히,산업용지는 약 16%대의 영업이익률을 기록하면서 인쇄용지 영업이익을 능가하는 실적을 기록하였다.",POSITIVE
"국민은행의 2분기 세전이익은 1조 243억원 감소하였는데, 이는 대손비용 증가(1조 454원)에 기인한다.",NEGATIVE
"3 분기 보수적 대응, 4 분기 재도약 기대 첫째, 현대차와의 가격괴리에 대한 일종의 균형점을 잡는 기간으로 보기 때문이다.",NEUTRAL
삼성전자의 3분기 예상 영업이익은 5.76조원으로 2분기 대비 15% 증가할 것으로 예상된다.,POSITIVE
"대웅제약은 주요 품목들이 경쟁제품 출시로 성장률이 둔화되고, 상위제약사들의 영업활동이 위축되면서 매출 정체에 대한 우려가 제기되어 왔었다.",NEGATIVE
"실적 악화의 주된 이유는 월드컵으로 인한 게임유저의 이탈로 고마진의 웹보드 매출 성장률이 전분기대비 -11% 감소하였고, 퍼블리싱부문도 주력게임의 매출 하락으로 전분기대비 14% 하락하였기 때문이다.",NEGATIVE
"3분기 높은 수준 성장세 이어나갈 전망 하나투어는 3분기에 매출액이 전년동기대비 +77% 증가한 616억원, 영업이익은 +745% 증가한 138억원을 기록하며 고성장세를 이어 나갈 것으로 전망된다.",POSITIVE
LG전선의 순익이 감소는 수출증가에 따른 외환관련 비용의 증가와 2분기 동가격 하락에 따른 지분법손실의 영향이므로 문제될 것은 없음.,NEUTRAL
"내수시장에서의 안정적인 성장 확인, 해외 법인 성과가 모멘텀 될 것 예상치 못한 화장품 시장의 호황과 프리미엄 시장 확대로 아모레퍼시픽은 지난 실적을 통해 내수에서 안정적인 10% 이상의 성장과 지속적인 이익률 개선을 확인시켜 주었다.",POSITIVE
"멜파스는 2010년 2분기 15.8%의 영업이익률을 시현하며 터치스크린 업종내에서 우월한 수익성을 확인시켜주었고, 하반기에도 14% 이상의 영업이익률 유지가 가능할 것으로 추정된다.",POSITIVE
미국법인의 초기 가동에 따른 비용 부담이 하반기 내내 지속될 것으로 보여 영업이익률의 추가적인 개선을 기대하기보다 매출 성장폭이 둔화되지는 않는지에 대해 지속적인 체크가 필요하다.,NEUTRAL
"다만, 전년동기 대비 인쇄전자 사업부의 매출액은 40% 감소할 것으로 예상되는데, 이는 터치 업체들의 수요가 개선되며 은나노잉크에 대한 수요가 감소할 것으로 예상되기 때문이다.",NEGATIVE
인쇄전자 사업부의 매출액 또한 주요 고객사의 스마트폰 수요 부진에 따라 전분기 대비 20% 감소한 6억원을 기록하며 실적 부진의 주요 원인으로 작용했다.,NEGATIVE
"그러나 STX중공업 여신 등에 대해 충분한 충당금을 적립했고, 자산건전성이 개선되는 흐름을 보이고 있어 향후 무난한 실적 흐름을 유지할 것으로 전망해 연간실적 추정치는 크게 변경하지 않았다.",NEUTRAL
"별도 기준으로도 영업이익은 31% 감소하였는데 주요 원인은 할인점의 영업이익 감소였다(-29.9% YoY). 전년에 비해서 보유세가 60억, 인건비용 200억, 컨설팅 수수료 30억 등의 비용이 증가하면서 판관비율이 크게 높아졌다.",NEGATIVE
바이오인의 주가는 가습기 살균제 및 성인용 폐렴구균 허가관련 문제로 부진했다.,NEGATIVE
"소속 아티스트들의 기타 지역 공연 활동률이 감소해 Dream Maker 매출은 72% 감소한 반면, SM C&C는 2편의 국내 드라마 제작 매출이 인식돼 전년 동기 대비 78% 증가하며 흑자전환 했다.",POSITIVE
"샤이니 일본 공연 활동이 2분기까지 이어져 관련 매출 인식 시점이 1분기 시차를 두고 3분기로 이연돼 별도와 SM JAPAN 매출이 전년 동기 대비 각각 13%, 66% 감소했다.",NEGATIVE
게임온 매출은 엔화강세 효과 등으로 QoQ Flat이었으나 크로스파이어 중국/대만 등 로열티 매출은 비수기 영향으로 전분기 대비 39% 대폭 감소한 것으로 추산한다.,NEGATIVE
애경산업은 생활용품 부문의 성장 둔화로 매출 성장은 2.2%에 그쳤다.,NEGATIVE
장류 등 주요 캐쉬카우 제품 매출이 전년대비 소폭 감소 했음에도 불구하고 광고비가 전년대비 큰 폭 감소(YoY -52억원)하면서 영업마진은 YoY 60bp 개선되었다.,NEGATIVE
중국 제과 시장 역성장에 따른 매출 성장률 둔화와 중국 내 신제품 출시에 따른 광고 판촉비 증가로 판단된다.,NEGATIVE
"렌탈 사업부는 전년대비 렌탈자산폐기손실, 공기청정기 필터 교환 비용 등 비용 요인이 상존했다.",NEGATIVE
"이는 3분기에는 영업이익 개선이 기대되고, 부진했던 ACI 사업부의 적자 규모가 감소하고 있고, Dual Camera Module 매출 본격화에 따른 실적 개선 기대감이 높아지고, 신규 사업에 대한 투자로 장기 성장에 대한 기대감이 높아졌기 때문이다.",POSITIVE
김영란법 통과에 따른 인삼공사의 매출 타격이 발생할 수 있으나 영업실적에 미치는 영향은 미미할 것이다(연결 매출의 4~5%수준).,NEUTRAL
"비록 계절적 영향에 따른 BC카드 영업이익 기여도 감소로 연결 영업이익은 전분기비 소폭 감소가 예상되나 투자가들의 관심이 높은 본사 영업이익은 3,447억원으로 전분기비 7% 증가가 예상된다.",NEUTRAL
단기 실적 영향은 불가피갤럭시노트 시리즈는 평균 누적 판매량 3천만대 이상의 전략 스마트폰으로 금번 생산중단을 통한 삼성전자 IM사업부의 단기 실적 하락은 불가피할 전망이다.,NEGATIVE
동사에게 가장 큰 고객인 삼성전자 스마트폰이 갤럭시노트7 단종으로 인해 부진한 실적이 예상되는 만큼 동사의 4분기 실적도 기대에 미치지 못할 전망이다.,NEGATIVE
KT&G의 실적은 대체로 예상치에 부합했고 미세 조정은 있겠으나 17년 이익추정치를 크게 변동시킬 요인은 없다.,NEUTRAL
연결기준으로 보더라도 북경한미의 매출이 전년동기대비 121억원 감소(-22.2%YoY)한 영향이 크다.,NEGATIVE
"제제별 매출액을 살펴보면, 혈액제제는 국내는 전년대비 약 13.7% 증가했으나 해외에서는 8.8% 감소하였고 백신사업부는 독감백신 매출 4분기 이연으로 20.0% 증가했다.",POSITIVE
"파라다이스시티 개장을 앞두고 인력 충원 등 관련 비용이 추가 발생하며 수익성이 저하가 지속될 것이고 개장 후에는 감가상각비, 이자비용 등도 부담요인으로 작용할 전망이다.",NEUTRAL
한국콜마의 매출액은 당사 추정치에 부합했다.,NEUTRAL
한국콜마의 영업이익은 제약 부문의 임상 및 생동성 시험 관련 일회성 비용(약 15억원 이상 추정) 및 PTP 인수 관련 등 수수료 비용(약 10억원 추정)으로 당사 추정치 및 컨센서스를 하회했다.,NEGATIVE
"현대기아차가 16년 임금협상을 종료하며 가동을 정상화하고 환율 환경 역시 3분기 대비 우호적이어서 동사의 4Q16 영업이익은 168억원(흑자전환YoY, +96.8% QoQ)으로 개선될 전망이다.",POSITIVE
"다산네트웍스는 2016년 3분기에 연결 기준 매출액 425억원(-29% YoY, -20% QoQ), 영업이익 -58억원(적확 YoY, 적전 QoQ)으로 어닝 쇼크를 기록하였다.",NEGATIVE
"작년 4분기는 실적 쇼크를 시현했는데, ① 전년 가공식품 부문은 ‘휘슬링쿡’ 런칭 및 사업부 통합으로 판관비 지출이 컸고, ② 11월, 12월 두 달 반영된 라이신 사업부가 적자를 시현했기 때문이다.",NEGATIVE
"하나금융투자의 계산에 의하면, 2017년 고무 투입가격이 15% 상승하면 영업이익률에 -2.4%p만큼 부정적 기여를 할 것으로 예상한다(물량/판가/기타비용 동일 조건). 2017년 상반기에는 투입단가 상승에 따른 수익성 둔화, 그리고 하반기 판가 인상을 통한 보전을 전망 중이다.",NEUTRAL
"외형 축소는 정국 불안에 따른 소비 심리 위축 영향과 상반기에 진행된 2개 브랜드(질바이질, 일꼬르소) 백화점 매장 철수 영향, 아웃도어 브랜드 라푸마의 부진에서 기인할 것으로 보인다.",NEGATIVE
"아킬레스건인 중국 후난 법인은 감가상각비 부담이 줄어드는 가운데, 중저층 MLB 및 중저가 HDI 등 신규 매출이 본격적으로 증가하고 있어 올해는 적자폭이 의미있게 줄어들 것이다.",POSITIVE
17년 상반기까지 현대차의 실적은 내수 및 북미 지역 수요 둔화와 그로 인한 경쟁 강도 상승으로 인해 부진이 지속될 것으로 전망한다.,NEGATIVE
"기판 사업부 부진 탈출 해법 필요주가 측면에서는 당분간 갤럭시 S8 출시 효과가 기대되지만, 단기간에 선반영된 측면이 크고, 기판 사업부의 부진이 이어지고 있어 주가 반등 폭이 제한적일 수 있다.",NEGATIVE
대한항공은 단거리 노선 중심의 볼륨성장의 영향으로 ASP가 전년대비 14.2% 하락하였지만 송출객 볼륨이 약 28% 성장하며 매출은 947억원(+4.3% YoY)을 기록한 것으로 보인다.,POSITIVE
"아리따움은 랜드마크에 위치한 핵심 매장들의 매출감소 외에도 직영점의 재배치(relocation) 작업, 히트 PB제품에 대한 OEM/ODM 공급 지연, 아이오페 쿠션 매출 둔화 등 다양한 문제가 확인된다.",NEGATIVE
"정유부문 영업이익은 2,075억원(QoQ -28%, YoY -6%)으로 전분기 대비 감소할 것이다.",NEGATIVE
"2017년 조선, 해양부문 실적 급감 불가피 – 반면 하반기 수주회복 기대동사의 상선과 해양플랜트 수주는 2016년에 약 $43억에 그쳤고 수주잔고는 $228억이나, 연평균 매출액기준 수주잔고는 1년 이하이다.",NEGATIVE
"자회사 PMX의 경우에도 신동 판매량 감소와 제품 Mix 악화로 35억원의 영업이익을 기록했고, 그로 인해 연결기준 영업이익 또한 시장컨센서스 669억원을 하회하는 600억원(YoY +133.4%, QoQ +2.5%)을 기록하는데 그쳤다.",NEGATIVE
"주력서비스인 모바일게임의 부진이 지속되고 있고, 기타 부문의 성수기효과를 제외하면 구조적인 매출증가에 대한 힌트는 여전히 찾을 수 없다는 점에서 주가를 견인하기에는 어려울 것으로 판단된다.",NEGATIVE
"미국법인이 영업적자폭을 줄이는 만큼 17년 이익 추정치는 추가 상향될 수 있으며, 다만 설비 증설에 따른 비용 부담 있어 이익률 개선은 제한적일 전망이다.",POSITIVE
"영업이익률은 유럽 법인의 수익성 개선에도 불구하고, 전년 동기의 높은 기저와 생산 비용의 증가, 위안화 약세 등으로 0.5%p (YoY) 하락한 7.7%를 기록했다.",POSITIVE
"거래총액은 8,618억원(+4%) 증가율은 7개 분기 분기 만에 한 자릿수로 하락했으며, 투어 부문 역시 프로모션이 진행된 2분기(25%) 이후 13%로 점진적인 하향이 이뤄지고 있다.",NEGATIVE
상식적으로 볼 때 CEO 교체로 SK플래닛 경영 전략 변화와 함께 SK플래닛 적자 감소가 1분기부터 표면화될 것으로 보이며 SKT 이동전화매출액 증가로 통신부분 영업이익도 금년도 1분기 이후 지속 증가 추세가 예상되기 때문이다.,POSITIVE
우모사업부에서 고정비 성격의 공장 운영비 외에 기타 비용이 추가로 발생할 가능성은 낮아 보여 올해는 적어도 작년같이 우모사업부에서 대규모 적자가 발생하진 않을 것으로 예상된다.,NEUTRAL
한국콜마는 국내외 사업 환경 변화에 유기적으로 대응하면서 화장품/제약 부문 모두 높은 성장 여력과 실적 모멘텀을 보유하게 되었다.,POSITIVE
"실적 악화로 주가는 2년간 내리 하락(-60%)했지만, 여행 업황의 호황의 시작에서 유일하게 오르지 못한 인터파크는 현 주가 기준 ‘17년 예상 P/E 19배로 매수의 관점에서 접근할 필요가 있다.",NEGATIVE
"소재식품 부문은 원당투입단가 상승에 따른 원재료 상승 부담을 만회하기 위해, 판가 인상이 일어나고 있고, 바이오 부문은 라이신 시황이 회복되고 있는 추세이기 때문이다.",POSITIVE
"셀트리온헬스케어 상장과 주가 영향4월 상장을 예상했던 셀트리온헬스케어는 ‘이행보증금 회계처리’ 문제로 정밀감리에 들어가면서 상장이 연기되고 있으며, 아직 구체적인 상장일정은 언급되지 않고 있다.",NEGATIVE
"연결 영업이익의 경우에도 니켈가격 하락에 따른 현대비앤지스틸의 수익성 개선 둔화로 시장컨센서스인 3,133억원과 유사한 수준인 3,148억원(YoY +16.9%, QoQ -18.8%)에 그칠 것으로 예상된다.",NEUTRAL
"소주 업황 부진세 이어질 듯 2009년부터 2013년까지 다소 정체됐던 소주 출하량이 2014년 저도주 트렌드와 2015년 과일과즙을 첨가한 리큐르 제품 출시의 영향으로 각각 8.2%, 5.1% 출하량이 증가했다.",NEGATIVE
"대우조선 관련 추가 충당금이 645억원으로 우리의 추정보다 다소 적었다는 것을 고려하더라도, 수수료부문의 실적 호조로 인해 기대치를 크게 상회하는 실적을 시현한 것으로 판단한다.",POSITIVE
단조부문은 1분기 건자회와 철근가격 협상 타결로 ASP 상승이 이루어지면서 수익성 방어에 기여할 것으로 판단된다.,POSITIVE
S&TC의 실적 역시 2Q16부터 낮은 기저를 보였던 점을 감안하면 올 해 남은 분기 실적들은 대체로 전년 동기 대비 개선될 것으로 전망된다.,POSITIVE
오리온의 강한 브랜드력에 대한 견해가 바뀐 것은 아니지만 사드문제가 발발한 이후 이렇다할 주가 조정이 없었고 향후 실적 회복에 상당한 시간이 소요될 수 있다는 점에서 리스크 관리가 필요한 시점이다.,NEUTRAL
여기에 파라다이스 시티가 인건비 반영이 시작됨과 동시에 호텔도 3월부터 매출과 비용을 인식하면서 124억원의 영업손실을 기록했고 호텔부산도 개보수에 들어감에 따라 적자를 기록(1Q17 영업손실 14억원 vs. 1Q16 영업이익 12억원)하면서 대규모 영업손실로 이어졌다.,NEGATIVE
"또한, 파라다이스 시티 역시 아직 중국 방문객수의 성장을 기대하기 힘든 상황에서 2Q17부터 감가상각비가 반영되기 시작하기 때문에 파라다이스의 연결 영업이익은 2Q17에도 -21억원(적자전환YoY)으로 적자가 이어질 것으로 예상된다.",NEGATIVE
현대중공업은 주력 선박인 대형 탱커와 VLGC 중심의 수주잔고를 갖고 있으며 수주잔량은 2018년 하반기까지 채워져 있다.,POSITIVE
다만 영원아웃도어가 15년 매출이 3천억원대로 내려간 이후 매출 감소폭이 점차 둔화되고 있으며 판관비 단에서의 영업 관련 비용 규모도 감소하고 있어 기존 점포 효율 개선 및 재고 소진 노력이 서서히 실적으로 연결되는 것으로 추정된다.,POSITIVE
"당분간 실적 부진 지속: 현대기아차 중국 공장 가동률 부진이 지속되고 있고, 원화 역시 전년대비 강세를 유지하고 있어 동사의 매출은 2Q17에도 역성장할 것으로 예상된다.",NEGATIVE
"다만, 어차피 군 복무 중이기에 YG에 미치는 실적 영향은 극히 제한적이고, 단순 흡연으로 센티먼트 악화에 따른 주가 하락은 당연히 저가 매수의 기회이다.",NEUTRAL
"이익률 하락의 원인은 프라코체코 법인에서 주로 발생하는데(1분기 삼보모터스 본사 8.0% vs. 프라코체코 -3.9% 기록), 재료비 증가와 품질비용 등으로 매출원가가 증가하기 때문이다.",NEGATIVE
"제주항공은 단거리 노선 중심의 수요증가와 더불어 판매단가 상승, 유가 하락에 따른 비용 감소가 동시 작용하며 ‘17년 영업익은 80.2% 증가한 1,053억원이 예상된다.",POSITIVE
"탈원전 일정부분 부정적, 중장기로는 새로운 원전 해체 시장 참여 기회 두산중공업 입장에서 국내 탈원전, 탈석탄 정책은 일정부분 부정적인 영향(17년 매출 3천억원, 18~19년 각각 7천억원 매출차질)이 불가피하지만 중장기로는 새로운 원전 해체 시장에 참여할 수 있는 기회가 될 것으로 전망된다.",NEGATIVE
수출회복(YoY 5%)과 베트남 내수 고신장(YoY 40%)에도 불구하고 사드 이슈로 인한 중국 법인 부진(YoY -13%)으로 실적 개선 폭은 제한적인 수준에 그칠 전망이다.,NEGATIVE
"내부적으로 출점 둔화 영향, 외부적으로 악천후(비, 미세먼지)와 5월 초 긴 연휴 국내외 여행 수요 확대에 따른 주 유통채널인 백화점 판매 부진이 악영향을 미친 것으로 분석한다.",NEGATIVE
"국내 부문은 SK네트웍스 산하에서 배분되었던 공통비의 소멸, 수입 브랜드 계약 조건 완화를 통해 수익 구조가 개선되었으며, ②중국 부문은 직영에서 대리상 체제 전환을 통한 손실폭 축소가 예상되기 때문이다.",POSITIVE
"시큐리티 사업이 예상보다 부진한데, 1) 중국 업체들 주도로 가격 경쟁이 심해졌고, 2) B2B 대비 B2C 매출이 늘어나면서 제품 Mix가 악화된 측면이 있다.",NEGATIVE
"완성차 전체 생산 물량이 13% (YoY) 감소한 가운데, 현대모비스가 비중이 큰 해외 공장 물량은 23% (YoY) 감소하면서 단순모듈 매출액이 10% (YoY) 감소할 것이다.",NEGATIVE
"연결 실적의 경우에도 1분기 EC 사업부문의 기고효과(일회성 이익)와 더불어 국제 STS가격 및 슬라브가격 하락에 따른 해외 철강법인들의 이익률 하락으로 영업이익은 시장컨센서스인 9,431억원을 하회하는 9,000억원(YoY +32.6%, QoQ -34.1%)을 기록할 전망이다.",NEGATIVE
"2분기 들어 철강 원재료인 철광석 및 원료탄가격이 급락했기 때문에 탄소강 스프레드 개선에 따른 POSCO의 3분기 실적개선(별도 영업이익 7,544억원: YoY -11.5%, QoQ +22.4%)이 예상된다.",POSITIVE
2분기 예상되는 아쉬운 실적이 단기적으로 주가 상승을 제한할 것으로 예상되고 연말로 갈수록 중국의 부동산시장 둔화에 따른 철강수요 감소 우려가 부각될 것으로 예상되기 때문이다.,NEGATIVE
"여기에 인건비, 마케팅비, 결제 수수료 등의 증가를 더해 2Q17 실적을 비롯한 하반기 실적을 소폭 하향 조정함에 따라 NAVER의 17년 영업이익, 지배주주순이익 추정치를 각각 3.7%, 3.4% 하향했다.",NEGATIVE
"중국 정부의 환경 이슈로 흑연전극 생산능력은 감소한 반면, 유도로 폐쇄에 따른 전기로 신설로 전극봉 수요는 증가, 결국 흑연전극 수요가 공급을 초과할 것으로 예상되기 때문이다.",NEUTRAL
상반기 중국의 사드 영향으로 현대기아차 판매량 하락 및 악화된 업황 흐름은 하반기 기저효과를 나타내며 침제된 분위기가 다소 완화될 가능성이 높을 것으로 전망한다.,NEGATIVE
"단기적으로 분석할 수 없는 일회성 비용의 반영이 있다고 해도 효성이 글로벌 no.1 입지를 공고히 하고 있는 스판덱스/타이어코드의 업황은 지속적으로 개선되고 있으며, 화학은 증설 및 PDH의 구조적 개선 효과, 건설은 주택 호조 등으로 전사이익이 높아질 수 있는 영업환경임은 부인할 수 없다.",POSITIVE
"문제는 3Q17에 접어들며 현대차그룹내 파업관련 노이즈가 확산되고 있고, DCT모터, EPS모터 등 다수의 모터매출이 집중되어 있는 중국사업이 여전히 부진해 총 매출증가분이 실제 진행되고 있는 xEV 시장 변화속도에 비해 상대적으로 느리게 나타나고 있다는 점이다.",NEGATIVE
"현대차그룹 중국사업 부진을 감안해 2017년 및 2018년 EPS를 각각 기존 추정치 대비 -6.8%, -8.5% 하향조정했고, 목표주가는 2018년 EPS 5,363원에 Target P/E 12배를 적용해 도출하였다.",NEGATIVE
"북경콜마도 한국 브랜드의 수주 지연으로 매출성장은 둔화될 수 있으나 매출비중은 10%로 크지 않아 부정적 영향은 제한적이며, 제약CMO는 2공장이 첫 가동에 들어가 수요 대응이 원활해질 것으로 전망된다.",NEUTRAL
"3Q17E 영업이익 7,445억원, QoQ 개선 예상: 팜한농의 계절적 비수기, 정보전자소재의 단가인하 가능성을 고려한다고 해도 기초소재의 (-)lagging 효과 제거, PVC/ABS spread 개선을 고려할 때 3Q 전사 영업이익은 2Q 대비 개선될 것으로 전망한다.",POSITIVE
최근 KT 기가지니 순증가입자수가 월 3만명 수준으로 예상보다 저조한 수준이지만 KT가 하반기 프로모션을 앞두고 셋톱박스 구매를 늘린 데 따른 영향으로 파악된다.,NEUTRAL
만도헬라의 부진한 중국사업 영향으로 3Q17까지는 만도헬라 역시 매출성장에는 한계가 존재할 것으로 예상된다.,NEGATIVE
만도헬라는 1)중국의 구매세 인하종료 2)만도의 ADAS 매출 가속화 3) 인도법인 매출발생의 요인으로 빠르게 회복세를 보일 것으로 예상된다.,POSITIVE
"연결 영업이익의 경우 국내 계열사들의 수익성 악화(포스코건설의 기고효과와 에너지 부문의 비수기 영향 등)로 전분기대비 큰 폭으로 감소했지만 해외 철강법인들의 실적이 예상했던 것만큼 악화되지 않았기 때문에 시장컨센서스인 8,978억원을 상회한 9,791억원(YoY +44.3%, QoQ -28.3%)을 기록했다.",POSITIVE
"자회사 아모레퍼시픽의 실적 부진이 가장 큰 요인으로 작용한 것으로 보이며, 면세 채널과 중심 관광 상권 로드샵 매출 exposure가 있는 뷰티 계열사들의 매출액과 이익 감소 영향또한 있었던 것으로 판단한다.",NEGATIVE
"사업부문별로는 1) 정유부문 영업이익은 비수기로 인한 정제마진 감소, 유가하락에 따른 재고평가손실(500억원) 발생 및 CFU 정기보수 비용(120억원)계상으로 전 분기 대비 적자전환한 -849억원(OPM -2.3%)을 기록하였다.",NEGATIVE
2)화학부문 영업이익은 NO.2 PX 플랜트 정기보수에 따른 일회성 비용(380억원) 발생 및 벤젠 스프레드 축소로 전 분기 대비 47.9% 감소한 728억원(OPM 13.0%)을 기록하였다.,NEGATIVE
위험요인들이 사라지기 시작 작년 1) 수요부진과 2) 자동차 파업 3) 타사 특수강 분야 진출이 세아베스틸의 실적 부진과 주가 하락에 가장 큰 영향을 끼쳤다.,NEGATIVE
"영업이익은 현대삼호중공업 선박 리세일 및 해양부문 L/D 면제 합의, 플랜트부문 지체상금 환입 등이 긍정적 요인이었으나 엔진기계부문의 판매보증충당금 설정과 금융부문 채권평가손실 및 구조조정 비용 반영 등은 부정적 요인이었다.",NEGATIVE
"수주가 부진한 해양부문에서도 동사가 참여 중인 노르웨이, 이스라엘, 말레이시아, 미국 멕시코만 등지에 투입될 생산설비 건조 조선소 선정이 하반기 중으로 예정되어 있다.",NEGATIVE
21일 기획재정부에 따르면 정부는 오는 23일 홍남기 부총리 겸 기재부 장관이 주재하는 비상경제중앙대책본부 회의에서 19조원의 초과 세수 활용 방안을 발표할 예정이다.,NEUTRAL
정부는 올해 2차 추경 당시 세입전망치(314조3000억원) 보다 19조원 많은 세수가 발생할 것으로 예상하고 있다.,POSITIVE
"국가재정법과 지방교부세법 등에 따르면 해당 연도 내국세 총액의 19.24%는 지방교부세로, 20.79%는 지방교육재정교부금으로 각 지자체에 교부해야 하기 때문이다.",NEUTRAL
앞서 유엔총회 산하 제3위원회는 지난 17일(현지시간) 미국 뉴욕 유엔본부에서 회의를 열어 북한인권결의안을 표결 없이 컨센서스(전원동의) 방식으로 채택했다.,NEGATIVE
"그가 친체로 신공항 착공식을 ""쿠스코 주민들의 축제의 날""이라고 강조하자 행사에 참석한 페루 현지 인사들은 박수갈채를 보내며 다함께 ‘쿠스코’를 외쳤다.",POSITIVE
"이날 행사에는 손창완 한국공항공사 사장과 주종완 국토교통부 공항정책관, 김기중 코트라 중남미지역본부장, 본공사 시공사인 현대건설 윤영준 사장 등이 참석했다.",NEUTRAL
"테크메이커가 개발한 중계기는 유럽 시장에서 최초로 선보이는 형태의 제품으로, 건물 외부 안테나로 주파수 신호를 받아 실내로 전송해 건물 안의 5G 속도와 커버리지를 크게 향상시킨다.",POSITIVE
"우리은행 관계자는 ""앞으로도 고객들이 만족할 수 있는 서비스와 혜택을 담은 이벤트를 지속적으로 제공해 나갈 것”이라고 말했다.",NEUTRAL
두 회사는 이달부터 서울 강서구 마곡지구 LG유플러스 사옥 앞 교차로에 LiDAR를 설치하고 기술실증에 돌입한다.,NEUTRAL
LG유플러스는 이 실증사업에서 얻어진 데이터와 노하우를 확보한 뒤 5G 통신 기반으로 클라우드 및 MEC(Multi-access Edge Computing)에 LiDAR 데이터 분석 솔루션을 탑재할 예정이다.,POSITIVE
"LG유플러스는 2019년 에이스랩(ACELAB)과 세계 최초 5G 자율주행 실증, 지난해 5G 자율주차 실증 성공 등의 경험을 토대로 향후 지능형 인프라 LiDAR 인식기술을 통해 차별화된 C-ITS 역량을 갖출 것으로 기대하고 있다.",POSITIVE
주영준 LG유플러스 차세대기술랩장는 “LiDAR는 교통정보 수집에 높은 성능을 발휘함은 물론 개인정보침해 우려도 불식시킬 수 있는 중요한 교통인프라로 자리잡을 것”이라며 “국내 최대 규모인 강릉 ITS 기반구축사업에 이어 다가올 C-ITS 사업 전개과정에서도 차별화된 기술력을 선보일 수 있도록 기술개발에 박차를 가하겠다”고 말했다.,POSITIVE
대표적인 집들이 선물인 생활용품 관련 제품으로 크린랩의 '프라임 기프트 세트'가 있다.,NEUTRAL
"해당 규제는 사실 2020년 10월부터 정부 발표에 언급되기 시작했다는 점이 중요한데, 정부 규제전에 미리 발행해 두려는 '선수요'가 그때부터 확인되기 때문이다.",NEUTRAL
21일 정부에 따르면 기획재정부는 22일 '2021년 주택분 종부세' 고지와 관련한 내용을 설명하는 브리핑을 한다.,NEUTRAL
산업부는 6개월 이내에 연구를 마무리한 뒤 그 결과를 토대로 이차전지 원자재 및 소재·부품의 수급 현황 데이터베이스(DB)를 구축하고 공급망 전략을 마련한다는 계획이다.,NEUTRAL
21을 금융투자업계에 따르면 월마트 주가는 142.39달러로 최근 한 달간 3%가량 하락했다.,NEGATIVE
"3분기 월마트의 총매출액과 영업이익은 전년동기대비 각각 4.3%, 0.2% 증가한 1405억3000만달러, 57억9200만달러를 기록했다.",POSITIVE
"부문별로 보면 월마트 북미 사업과 샘스클럽읠 매출은 전년 동기대비 각각 0.3%, 19.7% 증가했지만 해외사업 매출은 20% 역신장했다.",NEUTRAL
서정연 신영증권 연구원은 “기존 사업에서의 점포 순증은 제한적인 상황이기에 북미 사업과 샘스클럽의 기존 점 매출 신장률 역시 전체 성장률과 유사했다”며 “해외 사업 매출 역신장은 월마트 캐나다 뱅크 매각 영향이 지속되고 있기 때문으로 해당 가액은 약 94억불로 회사의 3분기 매출 성장률에 부담을 준 것으로 파악된다”고 말했다.,NEGATIVE
"북미 사업과 샘스클럽의 온라인 매출액은 8%, 32% 증가해 양호한 흐름을 이어갔으며 특히 샘스클럽의 멤버십 수익이 11% 증가하며 안정적인 수익 창출에 기여했다.",POSITIVE
월마트는 원가 상승 부담에도 효과적으로 비용 관리를 했다. 서 연구원은 “물류비 등 공급망 관련 비용이 상승했고 저마진 상품의 판매 비중이 높아져 매출총이익률이 42포인트 하락했다”며 “판관비에서 인건비 부담이 컸지만 양호한 매출 성장과 코로나 관련 비용이 줄어들면서 영업이익률은 오히려 소폭 상승했다”고 설명했다.,POSITIVE
21일 업계에 따르면 최근 팬데믹 영향으로 집콕 생활이 길어지면서 하이퍼 로컬에 대한 관심이 높아지고 있다.,POSITIVE
글로벌 시장조사업체 리서치앤드마켓은 2019년 약 1175조원을 기록한 하이퍼 로컬 시장이 2027년까지 약 20% 성장해 약 4332조원 규모에 이를 것으로 예측했다.,POSITIVE
지난 7개월간 시범운영을 통해 미고는 월 평균 1000여건의 생활 편의 요청을 처리했다.,NEUTRAL
"이 연구원은 ""Data Center 부문은 기업들의 인공지능(AI) 채택 가속화에 따른 머신러닝 연산 수요 급증으로 엔비디아 제품의 경쟁력이 부각되고 있다""며 ""게이밍 부문은 채널 시장 내 재고가 여전히 현저히 적어, 채널 시장으로부터의 재고 축적 수요가 하반기에도 이어질 것""이라고 강조했다.",POSITIVE
"자율주행, 메타버스 등 신규 성장 동력을 지속적으로 확보해 나가고 있는 엔비디아의 성장 잠재력 역시 무궁무진하다는 평가다.",POSITIVE
"연초 대비 주가는 124% 상승했고, 현 주가도 내년 예상 실적 기준 주가수익비율(PER) 70.5배로 밸류에이션 부담이 있지만 엔비디아는 독보적인 성장률을 기반으로 밸류에이션 프리미엄을 스스로 입증해 나가고 있다는 분석이 나온다.",POSITIVE
"신세계면세점은 ""이번 협약을 통해 중국 내 브랜드 인지도를 높이는 동시에 알리페이의 디지털 마케팅 툴을 활용해 차별화된 쇼핑 경험을 제공할 것""이라고 말했다.",POSITIVE
"타오바오, 티몰, 플리기 등 알리페이 관계사 플랫폼에서 신세계면세점에 입점해 있는 인기 K-브랜드 등을 브랜딩함으로써 신세계면세점 신규 고객 유치에도 힘쓸 예정이다.",POSITIVE
"신세계면세점 관계자는 ""이번 알리페이와의 협업으로 중국 고객 기반을 확대하고, 이를 통해 한 단계 성장한 서비스를 선보일 수 있을 것으로 기대한다""며 ""앞으로 마주할 포스트 코로나 시대를 철저히 대비해 국내외에서의 신세계면세점 입지를 더욱 굳건히 할 것""이라고 말했다.",POSITIVE
"현대차는 서류전형, 인·적성검사(HMAT), 면접전형을 거쳐 인턴사원을 선발하고 내년 1월부터 6주간 정비 직무를 습득할 수 있는 기술교육과 어학과정, 현업 실습 등을 진행한다.",NEUTRAL
"이 외에도 지난 11일 롯데홈쇼핑이 이미용, 생활용품 중소기업을 선정해 서울 삼성동 코엑스 현장 생중계로 선보인 상생방송 '투게더 상생하우스'도 1000세트 이상이 판매됐다.",POSITIVE
"입법조사처는 화석연료 차량을 대체할 지속가능한 교통 체계의 확보가 강조돼야 하는데, 특히 친환경 상용차(버스·트럭)의 확대나 트럭운송을 철도물류로 전환하는 정책이 중요하다고 봤다.",NEUTRAL
GS리테일은 2017년 6월 보건복지부 산하 한국자활복지개발원과 업무 협약을 맺고 지역사회 취약계층의 자활근로사업을 위해 '내 일(My job)을 통해 만드는 행복한 내일(Tomorrow)'이라는 구호 아래 사회공헌형 편의점 '내일스토어'를 운영하고 있다.,NEUTRAL
이번 GS25서귀광장점 '자활기업' 전환에는 GS25의 가맹비 할인 혜택을 비롯해 한국자활복지개발원의 8000만원 상당 창업비용 및 운영자금 지원 등 민관이 취약계층의 자활을 위해 힘을 보탰다.,NEUTRAL
"이번 오픈식에는 오진석 GS리테일 부사장, 정재형 GS리테일 편의점지원부문장, 김대진 도의원, 이병학 한국자활복지개발원장, 김두선 서귀포일터나눔지역자활센터장 등 주요 관계자들이 참석했다.",NEUTRAL
19일 식품업계에 따르면 현대약품은 최근 간편하고도 든든하게 영양분을 섭취하고 포만감도 느낄 수 있는 간편 대용식으로 ‘365MEAL’을 선보였다.,NEUTRAL
"오리온의 간편대용식 브랜드 ‘마켓오 네이처’가 선보이고 있는 ‘오!그래놀라 다이제’는 국산 쌀, 귀리, 호밀 등 다섯 가지 곡물을 가공해 만든 제품이다.",NEUTRAL
"알뜰주유소의 평균가격이 1645.6원/ℓ로 가장 낮았고, SK에너지 주유소가 가장 높은 1,733.2원/ℓ을 기록했다.",NEUTRAL
최고가 지역인 서울 휘발유 가격은 전주 대비 120.0원 하락한 1765.4원/ℓ로 전국 평균 가격 대비 48.8원 높은 수준이다.,NEUTRAL
최저가 지역인 대구 휘발유 가격은 전주 대비 107.3원 하락한 1680.9원/ℓ로 전국 평균 가격 대비 35.7원 낮았다.,NEUTRAL
"국제유가는 미국 달러화 강세, 국제에너지기구(IEA) 공급 전망 상향, 코로나 19 재확산, 미·중 전략비축유 방출 논의 등의 영향으로 하락세를 기록 중이다.",NEUTRAL
"오는 26일에는 '라이브11'을 통해 아마존 글로벌 스토어 특집 블랙프라이데이 라이브방송을, 29일에는 사이버먼데이 라이브방송을 선보일 예정이다.",NEUTRAL
드림스쿨은 현대두산인프라코어가 국제구호개발 NGO 월드비전과 함께 2012년부터 진행해 온 청소년 꿈 찾기 멘토링 프로그램이다.,NEUTRAL
그동안 드림스쿨 프로그램에는 현대두산인프라코어 임직원 멘토 404명과 전문가 487명 등이 참여했다.,NEUTRAL
"강력한 성장 매력은 유효, 하지만 시장신뢰 회복까지는 시간이 필요 기본적으로 금호산업 주식의 가장 큰 매력은 성장성이다.",POSITIVE
"이번 1분기 기록한 매출액은 사상 최고치 수준이고 영업이익은 03년 이래 최대 규모 수준인데 철강, 금속, 자동차부품, 화학 등 대부분의 사업본부에서 영업 호조를 보이면서 수출 및 삼국간거래 모두 매출 및 이익이 증가했기 때문이다.",POSITIVE
지난주 금요일 1차 선적을 마치고 평택항을 출발한 완성차 수송사업은 글로비스가 종합물류기업으로 재차 도약하는 성장동력이 될 것으로 전망된다.,POSITIVE
그러나 최근 현대자동차의 I30의 판매호조가 이어지고 있어 예상보다 높은 수준의 매출액 증가도 배제할 수 없다.,POSITIVE
"8월 북경올림픽과 관련된 중국노선의 특수는 이 지역 항공노선의 Yiled및 L/F를 개선시킬 것으로 기대되며, 한미 VWP시행과 FTA의회 인준이 임박해 있어 동사가 공급을 확대하고 있는 미주노선의 수익성도 개선될 것으로 전망된다.",POSITIVE
"하이닉스 반도체 공장(2,000억원 매출 추정)과 07년도 2조3000억원 신규수주한 공공 건축 부문의 기성 인식이 활발했던 것이 주요한 요인이라고 판단된다.",NEUTRAL
SK텔레콤의 신규 가입자는 전분기 대비 15% 급증한 245만명을 기록함. 그러나 해지율도 2.7%에서 3.1%로 상승하며 순증가입자는 11% 증가한 40만명에 그침.,NEUTRAL
2분기는 의무약정제 도입과 1분기 경쟁 과열에 따른 후유증으로 가입자 유치 경쟁이 크게 둔화될 것으로 전망됨. 3분기 이후로도 일시적인 과열 경쟁은 가능하지만 전반적으로 이동통신 시장의 안정세가 예상됨 ▶ 악재가 모두 반영된 현시점이 매수 적기 1분기 시장 과열의 원인은 단말기 보조금 규제 일몰을 앞둔 과도기였기 때문임.,POSITIVE
일본 업체 위주의 자동차업종 밸류에이션 할인세 가운데 어닝 모멘텀 부각에 따라 유사한 투자포인트가 확보돼 있는 폴크스바겐 등과 함께 주가 및 밸류에이션 차별화가 진행될 것으로 기대된다.,POSITIVE
"영업이익은 최근까지 지속 상향조정된 시장 기대치에는 미달하였다 현대차 영업수익성의 두드러진 개선은 내수시장 중대형차 판매호조, 완성차 및 CKD 수출호조와 환율 상승의 시너지 때문으로 분석된다.",NEUTRAL
"1분기 효과적인 비용통제에 따른 영업이익률, 컨센서스 1.3%p 상회 SK 텔레콤의 1분기 영업수익은 WCDMA의 지속적인 가입자 증가에도 불구하고, 연초 단행된 SMS 요금인하 및 망내할인제 시행에 따른 ARPU 하락으로 전분기 대비 2.7% 감소한 28,370억원으로 집계되었다.",NEGATIVE
"2분기 안정적인 비용통제는 지속될 전망, 영업이익률은 전분기 대비 1.1%p 상승 SK 텔레콤의 2분기 영업수익은 WCDMA 가입자 증가와 하나로텔레콤과의 유무선 연계를 통해 전분기 대비 2.0%대의 성장률을 기록할 전망이다.",POSITIVE
전북은행의 경우 전체 기업 여신 중 경기민감업종 여신이 차지하는 비중이 약 51.1%로 은행 중 가장 높아 경기 악화시 대출부실화가 더 빠르게 진행될 수 밖에 없다.,NEGATIVE
"우리는 올해 전북은행의 대손비용을 약 270억원(총자산대비 0.42%, 총대출대비 0.68%)으로 추정하고 있는데 1분기 추세가 지속될 경우 대손비용이 우리 추정치를 상회할 가능성이 높은 것으로 판단된다.",NEGATIVE
"필요충분 조건은 해외시장에서의 개선만 남은 상황 기아차 해외판매법인의 누적손실은 08년 슬로바키아 공장의 가동률 상승에 따라 2분기 이후 점차 감소할 것으로 예상되며, 신차 출시가 되는 하반기이후 가속화될 전망임 .",POSITIVE
"쌍용차의 영업외 손익은 원화 약세에 따른 외환손실과 파생상 품손이 발생하였으나, 할인 할부금리프로그램의 미실시로 적자폭이 -66억원으로 감소하였음. ▶",POSITIVE
"투자의견 Buy, 목표주가 33,000원 유지 그러나 메모리 반도체 업계 구조조정이 이루어져도 하이닉스는 독자적인 생존이 가능할 것으로 판단됨. 이는 이미 축적된 기술력과 높은 생산 효율성을 기반으로 DRAM에서 2위, 낸드 플래시에서 3위의 시장점유율을 차지하고 있기 때문임.",POSITIVE
KTF의 매출 증가는 서비스 매출이 2.4% 감소하였으나 단말기 매출이 신규 가입자 증가로 36.9% 상승하였기 때문임.,POSITIVE
"KTF의 신규 가입자는 직전분기 대비 27% 증가한 234만명을 기록함(KTF 단독 188만명, KT 재판매 46만명). 그러나 해지율도 12월말 4.1%에서 3월말 6.1%로 급증함에 따라서 순증가입자는 21.9만명에 그침.",NEUTRAL
"세전이익 비교는 큰 의미가 없는데 왜냐하면 2007년 1분기에는 SK텔레콤 등 일부 주요 자회사의 지분법평가이익이 포함되어 있으나, 2008년 1분기부터는 분할로 인해 포함되지 않았기 때문임. ▶",NEUTRAL
금호타이어의 경우 혁신적인 원가 절감 대책이 어려운 상황이기 때문에 일시적인 판관비 통제로 원재료 비용의 상쇄 효과는 제한적일 것으로 예상된다.,NEUTRAL
"목표주가 11,000원, 투자의견 중립으로 커버리지 개시 금호타이어를 신규로 Cover하면서 제시하는 목표주가 11,000원과 투자의견 중립은 위에서 언급한 상황을 종합한 것이다.",NEUTRAL
"기아차가 현재 진행하고 있는 원가 절감 과정, 원화 약세기를 활용한 해외 법인 부실 제거의 노력과 브랜드 및 해외 마케팅 강화 노력, 신차 출시 일정 등을 감안할 때, 2010년 이후에는 펀더멘탈의 대폭적인 개선이 가능할 것으로 보인다.",POSITIVE
"최대 수출 시장인 유럽 수출 물량의 회복이 3분기부터나 가능할 것으로 전망되어, 체어맨 W 효과에도 불구하고 쌍용차의 실적은 2Q08까지 어려움이 예상된다. (IR Q&A 첨부) 체어맨 W 효과 : 쌍용차가 오랜 만에 보여 준 “차다운 차” 투자 판단의 관점에서 쌍용차를 배제하기 어려운 이유는 2가지이다.",NEUTRAL
"첫째, 3월 초 출고를 시작한 체어맨 W에 대한 소비자들의 반응이 “쌍용차가 오랜만에 차다운 차를 하나 내놨다.”이다.",POSITIVE
이는 당초 기대치인 약 14억원(OPIc)과 12억원(중등)에 비해 다소 실망스러운 수치로 판단된다. (3) 크레듀가 약 4.5억원의 영업손실을 기록한 점은 의외적인 현상으로 이러닝 서비스 매출 감소와 이익률이 낮은 컨텐츠 및 LMS 개발 비중 증가 그리고 신규사업 부문의 인력 채용증가에 대한 인건비 등 고정비 증가때문으로 판단된다.,NEGATIVE
"매출 정체는 전화수익 및 LM수익 감소에 기인하며 영업이익의 감소는 KT PCS 재판매 경쟁격화 및 IPTV가입자 모집을 위한 마케팅비용의 증가 때문이며, 개통가설비 및 인건비 상승도 주요한 원인으로 판단된다.",NEGATIVE
원화가치 하락으로 인해 외화사채환산손실규모가 확대되며 KT의 영업외 비용도 87.0%(yoy)증가하여 세전이익의 감소폭이 확대되었다.,NEGATIVE
"롯데쇼핑은 1분기 센티멘탈 악화와는 달리 백화점, 대형마트 모두 동일점포 매출증가세가 (+)를 기록하며 실적 개선을 견인했다.",POSITIVE
"소비양극화 추세와 해외소비 증가세 둔화로 명품, 잡화 중심의 백화점 매출, 이익이 호조를 기록했고 대형마트 역시 물가상승 요인이 롯데쇼핑의 실적에 (+)로 작용한 것으로 판단된다.",POSITIVE
"고려아연의 목표주가를 하향 조정하는 이유는 08년 연간 영업이익 및 EPS를 종전보다 각각 5%, 15%씩 하향 조정하기 때문이다.",NEGATIVE
"고려아연의 목표주가 18만원은 Target PER 10배, EV/EBITDA 7배를 적용한 가격을 각각 50%씩 가중평균한 가격이다. (RIM 모형에 의하면 18.7만원 산출됨) 1분기 매출액 및 영업이익, 시장 기대치 상회 고려아연의 1분기 매출액과 영업이익은 전년동기대비 감소세를 보였으나, 시장 기대치를 상회하였다.",POSITIVE
"즉 고려아연의 매출액과 영업이익은 각각 6,268억원(-2.7%), 영업이익은 1,044억원(-35.0%)을 시현, 시장기대치(Fn guide: 매출액 5,759억원, 영업이익 995억원)보다 각각 8.8%, 4.9%씩 상회하였다.",POSITIVE
"이는 우리가 추정한 수치(각각 5,768억원, 946억원)보다도 웃돌았는데, 이렇게 고려아연의 1분기 실적이 호전세를 보인 이유는 연을 제외한 아연, 금, 은 등의 제품 판매량 및 판매단가가 예상보다 크게 나타났기 때문이다.",POSITIVE
한화석유화학의 이번 유상증자 건이 주가에 부정적으로 작용한 것은 적지 않은 규모의 유상증자를 하면서 100% 기존 사업강화를 위한 목적 이외 자금의 다른 용도가 있는 것으로 알려지기 때문이다.,NEGATIVE
"SK에너지의 1분기 영업이익은 단순정제마진 및 BTX 시황악화로 우려되었으나 시장컨센서스 (3,000억원)보다 높게 나타났다.",POSITIVE
반면 상대적으로 수익성이 개선 되는 수송용 원료인 디젤 및 가솔린 크랙마진이 크게 개선되었다.,POSITIVE
"디젤 및 가솔린 마진(B-C유 대비)은 전년동기 대비 각각 26.1달러/배럴, 24.4달러에서 각각 28.5달러(+9.1%), 26.3달러(+7.8%) 상승하였다.",POSITIVE
그러나 석유화학부문은 고유가 영향으로 Spread 축소로 인해 영업이익이 전년동기 대비 크게 감소하였다.,NEGATIVE
이는 미국 드라이빙 시즌과 중국 농번기 관련 디젤수요 회복 영향으로 SK에너지의 크랙마진 개선이 이어질 것으로 예상되기 때문이다.,POSITIVE
"또한 석유개발(E&P)부분은 지난 1분기 23,000B/D의 원유를 생산하고 있으나 하반기 추가분을 감안하면 연평균 31,000B/D로 확대될 것이다.",POSITIVE
하나금융지주의 성장을 위해 필요한 자금조달이 차입금이나 사채 등의 시장성 조달보다는 예수금 조달로 이뤄진 부분은 수신 고객 확보 측면에서 그나마 긍정적이지만 금리가 높은 정기예금이 크게 증가해 이는 조달비용 상승으로 이어졌을 것으로 추정된다.,NEGATIVE
"연체와 NPL 여신이 동시에 순증, 4분기 요주의 순증 여신 고정이하로 전이된 것으로 추정 하나은행은 지난해 4분기 중 상각, 매각 전 요주의여신이 약 2,768억원, 고정이하여신이 약 1,604억원 순증하면서 자산건전성 악화에 대한 우려가 높았다.",NEGATIVE
또한 하나은행의 회수의문과 추정손실 금액도 다소 증가해 고정이하 여신내에서도 고정 분류 여신이 회수의문과 추정손실로 전이되고 있는 것으로 보인다.,NEGATIVE
"즉 비철 가격이 약세이고, 이익이 감소하면 주가는 이미 가치주로 전락했다는 의미이다.",NEGATIVE
"2008년 1분기 영업이익은 ‘깜짝 실적’, 순이익은 예상 하회 SK에너지의 1분기 매출액과 영업이익은 국제유가 고공행진, 재고 및 환율 효과에 힘입어 예상과 컨센서스를 크게 상회했으나 순이익은 외환관련 손실과 금융비용 급증으로 예상을 하회했다.",NEUTRAL
1~2월에 바닥을 기던 정제마진이 3월에 급등해 미처 수익예상에 반영하지 못한 점도 SK에너지의 깜짝 영업이익의 원인이었다.,NEUTRAL
"특히, CJ제일제당의 순이익이 시장의 기대수준보다 낮은 것은 환율 관련 손실 때문으로 보인다.",NEGATIVE
"4월 현재 라이신 스팟가격은 1,900달러/톤에 달해 현재의 라이신 원가(1,150달러/톤으로 추정)에서 이익을 내기에 좋은 가격대로 판단된다.",POSITIVE
2009년 턴어라운드 효과가 반영된 향후 2년간 연평균 23%의 제조업 평균 대비 우월한 EPS 성장률과 시장평균 대비 19% 할인된 낮은 밸류에이션을 감안해 프리미엄을 부여하여 기아차의 가치를 산정했다.,POSITIVE
기아차의 수출감소에 따른 매출 부진을 감안할 때 성수기였던 2007년 4분기의 977억원을 뛰어넘은 것은 고무적인 동시에 의외의 결과로 평가된다.,POSITIVE
기아차는 다만 강판 등 주요 원자재가격 상승이 원재료비 증가요인으로 작용할 전망인데 원가개선 성과로 이에 따른 마진훼손을 보완할 것으로 예상된다.,NEUTRAL
환율 상승에 따라 기아차의 해외재고 해소와 현지판매법인 손익 정상화를 위한 마케팅 지원여력이 확대될 전망이다.,POSITIVE
그러나 NAND 48나노 수율 확보에 청신호가 켜지고 있다는 점은 하이닉스에 확실히 긍정적이다.,POSITIVE
"메모리 시장은 1) Capex 축소, 2) 전략적 제휴 구도의 변화, 3) 선발업체들의 8인치 가동 중단 등 일련의 ‘비자발적’ 행동에 의해 이미 턴어라운드 국면을 맞고 있다.",POSITIVE
"삼성전자의 공격적 목표는 Yield 이슈를 겪지 않는다는 최상의 가정 하에서만 달성 가능하므로, 사실상 ‘비자발적 내쉬 균형’의 촉매제 역할이다.",NEGATIVE
"하이닉스는 이미 8Gb MLC NAND 가격 상승의 수혜를 받기 시작했으며, DRAM 가격 상승 국면에서 재차 수혜가 예상된다.",POSITIVE
소비 경기 둔화에 대한 우려감은 남아 있으나 롯데쇼핑의 향후의 실적 전망도 긍정적 관점을 유지한다.,POSITIVE
"백화점 부문은 08년 기존점의 3%대 성장, 명품 부문의 급성장, 신규점 개점을 통해 9.7%의 안정적인 이익성장이 예상된다.",POSITIVE
"KTF의 3G 가입자 순증은 164만명을 기록하며, 역대 최고의 가입자 유치 실적을 기록하였다.",POSITIVE
"이에 따라 연초 단행된 SMS 요금인하 등에 따른 데이터 ARPU 하락 분을 상쇄시키며, KTF의 전체 데이터 수익을 3.2% 증가시키기도 하였다.",POSITIVE
"원화 약세가 우호적 환경이 되었고, Product Mix 효과, 원가 절감과 비용 통제가 삼성전자가 기대 이상의 실적을 기록한 구체적 요인이다.",POSITIVE
삼성전자 이제 시작에 불과! 향후 2년간 다이나믹한 성장 스토리 예상 이제 시작에 불과하다!,POSITIVE
"Lifetime Rally 예상! 목표주가 850,000원으로 상향 1분기 예상을 뛰어넘는 Earnings Surprise와 연간 실적 상향 조정에 따라 삼성전자의 목표주가를 750,000원에서 850,000원으로 재차 상향한다.",POSITIVE
"삼성전자의 새로운 목표주가는 올해 예상 PBR 2.4배에 해당하며, 이는 반도체, 디스플레이, 휴대폰이 균형적 이익을 창출하였던 2004년의 PBR Valuation 수준이다.",POSITIVE
"1분기 영업수익은 전 분기 대비 1.0% 감소, 영업이익률은 컨센서스 대비 4.9%p 하락 1분기 KT의 인터넷과 IPTV 가입자 순증은 역대 최고 수준을 기록하며 가입자 유치는 성공을 거두었다.",NEUTRAL
08년 공격적 마케팅 지속 전망에 따라 Guidance 달성은 불확실해질 전망 2분기 이후에도 KT의 공격적인 시장 대응은 지속될 전망이다.,NEUTRAL
"STB 가격 하락, 디지털 TV 판매 기대 이하로 부진한 1분기 실적 휴맥스의 08년 1분기 연결 기준 매출액은 전년동기 대비 13.7 감소한 1,778억원, 영업이익은 60.3% 감소한 58억원을 기록하였다.",NEGATIVE
"본사 기준 휴맥스의 매출액 및 영업이익은 전년동기 각각 15.4%, 22.1% 감소한 1,314억원 및 67억원이다.",NEGATIVE
휴맥스는 1분기 일본 ODM 제품이 시작되면서 기대를 높이고 있긴 하지만 아직은 적자가 지속되고 있다.,NEUTRAL
"1분기 센티멘탈 악화와는 달리 백화점 매출증가세는 1분기 내내 (+) 증가율을 유지했는데 소비양극화추세와 해외소비 증가세 둔화로 명품, 잡화 매출이 호조를 기록한 것으로 추정된다.",POSITIVE
"NOL 1분기 평균운임 $2,934/FEU(15.6%,yoy), 누적수송량 662.9천FEU(13.9%,yoy)로 긍정적 NOL사의 3월 평균운임의 발표로 확정된 1분기 평균 운임은 $2,934/FEU를 기록하여 전년동기 대비 15.6%상승한 것으로 나타났다.",POSITIVE
"CJ인터넷의 2008년 연간 예상 매출액은 전년대비 20.5% 증가한 1,925억원, 영업이익 524억원(+14.7%), EPS 1,376원(+21.3%)으로 전망된다.",POSITIVE
"1월에 분양 개시한 두산건설의 해운대 제니스(사업규모 1.1조원, 1,788세대) 프로젝트의 분양률은 42%로 당초의 우려와는 달리 양호한 수준을 기록하고 있음.",POSITIVE
종근당은 최근 3년내 출시한 신제품들의 성장이 양호한 가운데 올해도 25개의 신제품을 출시하여 순환기 계통의 제품에 마케팅 능력을 집중할 계획임.,POSITIVE
"시너지 효과는 하반기부터 본격화될 전망 하나로텔레콤은 1분기에 발생한 영업공백으로 전화는 3.5만명 증가, 하나TV 가입자는 7.5만명 순증했고, 초고속인터넷 가입자는 3.3만명 순감하는 모습을 보임.",NEUTRAL
"■ 제일모직 1Q 영업이익 557억원(전년동기비 +84.4%), 예상보다도 훨씬 양호 제일모직의 1분기 매출액과 영업이익은 각각 8,285억원과 557억원을 기록하였다.",POSITIVE
"제일모직의 매출액은 전년동기비 23% 증가했고 영업이익은 프리뷰 자료에서 어닝서프라이즈 수준인 500억원 수준을 전망했는데, 전망치보다도 두자릿수 늘어난 양호한 실적이었다.",POSITIVE
케미컬 부문은 매출과 영업이익 모두 기대이상의 수준을 기록했으며 현 수준대로라면 연간 실적은 가이던스를 상회할 전망이다.,POSITIVE
종근당의 최대주력인 고혈압치료제 딜라트렌은 약가인하와 유통구조 조정의 여파로 지난해까지 크게 부진했으나 지난 분기에는 오랜만에 20%대 성장률을 기록하며 매출 두자리수 성장의 견인차가 되었다.,POSITIVE
"또한 실크라민, 아벨록스, 타크로벨 등 종근당 신제품의 성장기여도 간과할 수 없다. 1분기 영업이익은 직전 추정치와 거의 유사한 100억원을 기록했다.",NEUTRAL
"CJ인터넷은 하반기 ‘진삼국무쌍’, ‘드래곤볼’ 등 해외 대작 출시와 해외 매출액 증가가 예상된다.",POSITIVE
"이는 1) 기존 두 가지 맞고를 통합한 신규게임 고스톱 2.0 출시와 2) 지난 4분기부터 시작한 ‘윷놀이’ 서비스가 인기를 끌었기 때문이다. 하지만 CJ인터넷의 1분기 순이익은 자회사 대손상각비, 기부금 등 영업외비용이 추가되면서 영업이익보다 낮은 개선폭을 기록했다.",POSITIVE
CJ인터넷의 야구게임 ‘마구마구’는 프로야구 시즌이 시작된 2분기에 매출 기록을 경신할 것으로 예상된다.,POSITIVE
"1분기 매출액은 18.4%, 영업이익 58.9%, 순이익은 19.2% 증가 현대중공업은 1분기 매출액이 전년 동기 대비 18.4% 증가한 43,541억원, 영업이익은 58.9% 증가한 6,396억원, 순이익은 19.2% 증가한 4,423억원으로 공시했다.",POSITIVE
"하나로텔레콤의 영업외 수지는 일부 신디론 조기 상환에 따른 일회성 손실에도 불구하고 지분법손익의 확대로 소폭 개선되었으나, 영업이익의 감소의 영향으로 당기 순손실 67억원을 기록하였다.",NEGATIVE
하나로텔레콤의 2분기 영업이익률은 전 분기 대비 재 반등하여 4.3%를 기록할 전망 하나로텔레콤의 2분기 영업수익은 기업 전화와 전용회선 부문의 성장에 따라 전 분기 대비 2.7% 증가할 전망이다.,POSITIVE
서울반도체의 매출액은 계절적 비수기 임에도 사상 3번째 높은 수치를 기록했다는 점에서 07년 4분기의 불량에 대한 영향은 크지 않았던 것으로 판단된다.,POSITIVE
서울반도체는 하반기 이후 조명시장에 대한 비중이 증가하면 다시 본격적인 외형 성장이 시작될 전망이다.,POSITIVE
"1) LED 산업 특성상 특허 문제에 민감할 수 밖에 없는 상황이고, 서울반도체 역시 글로벌 LED 업체들과 법률 분쟁이 지속되고 있다.",NEGATIVE
2) R&D 비용과 인건비도 서울반도체 성장을 위해 감내해야 하는 비용이라는 점에서 부정적으로 판단할 필요는 없다.,NEUTRAL
그러나 철근 가격이 열연강판 가격을 상회하는 것은 이상(異常) 현상으로 현대제철의 하반기 Roll margin에 부담 요인이다.,NEGATIVE
"현대제철의 상반기의 비정상적(非正常的)인 수익성 호조는 하반기의 부담 요인 국내 철근, 열연강판의 공급 부족과 적극적인 판매가격 인상으로 상반기 수익성은 당초 기대치를 상회할 전망이다.",NEUTRAL
그러나 현대제철의 롤마진은 1분기 이후 원료가격 상승분이 판매가격에 100% 전가되지 못하면서 우하향 추세가 예상된다.,NEGATIVE
"기업은행 순익 호조의 원인은 NIM의 안정으로 이자이익이 안정되었고, 유가증권 부문에서 원-오프 요인이 있었기 때문이다.",POSITIVE
"또한, 이는 기업은행의 ‘07년 1분기의 수정 순익 2,540억원과 4분기의 수정순익 2,100억원을 상회하는 좋은 실적이다.",POSITIVE
"등유, 경유 등 정제업황 강세 지속 전망 공시를 통하여 추가적으로 분석될 수 있는 것은 지금부터 2011년 6월까지 정제업황 강세가 지속될 수 있음을 간접적으로 확인할 수 있다는 것임.",POSITIVE
"B-C유와 등유, 경유 가격 차이로 인해 SK에너지에 높은 수익성의 사업기회가 현재 발생하였음.",POSITIVE
그래서 일부 정유기업들은 고도화시설의 추가적 건설에 긍정적일 것으로 판단됨. 그러나 반응기 등 여러가지 생산시설 공급부족으로 인해 납기를 단축하는데 어려움이 있는 것으로 알려져 있음.,NEUTRAL
"삼성정밀화학의 메셀로스 매출액은 판가상승 등의 영향으로 전년동기대비15.3% 증가하였으며, 지력증가제인 PTAC는 증설효과가 발생하였고, Anycoat역시 증설효과 및 판가상승이 이루어졌음.",POSITIVE
"전자재료 부문의 매출액은 전체 매출액의 4.4%로 소폭이지만 전년동기대비 104% 증가하였는데, TMAC는 LCD시장의 수요 증가에 따라 판매량이 증가하였음.",POSITIVE
"삼성정밀화학의 요소 매출액은 국제 곡물가격 상승에 따른 판가 상승이 있었으며, 가성소다는 공급부족 현상으로 수혜를 받았고, 암모니아는 비료, 카프로락탐 등 전방산업 호조의 영향으로 매출액이 증가했음. ▶",POSITIVE
유한양행의 이세파신과 암로핀이 약가재평가 품목에 포함되며 실적악화에 대한 우려감이 존재하였지만 다른 주력 제품이 양호한 성장을 보이며 의약품 부문의 성장률 둔화에 대한 우려를 불식시키고 있음. ▶,NEUTRAL
"현대모비스 2007년 7월 전고점 110,000원 도달 가능성 높다 목표주가 110,000원은 두 가지 의미를 지닌다.",POSITIVE
"한국타이어측은 당초 6월 경에 정상 가동될 계획되었던 헝가리 공장의 일정이 지연되고 있음을 밝혔는데, 수정 계획 일정인 9월에 정상 가동된다 하더라도 2008년 헝가리 공장 지분법손실이 600억원에서 1,000억원으로 증가하여, 원재료 단가 상승과 더불어 2Q08 이후의 세전이익에 대한 부담이 지속될 전망이다.",NEGATIVE
올 1~4월에도 KOSPI 대비 Underperform을 하고 있는 한국타이어 주가가 Outperform 추세로 전환되기에는 상당한 시간이 소요될 것으로 판단된다.,NEGATIVE
"주택 및 건축부문의 부진은 2007년 1분기 기저효과(대전 문화동, 아산 배방사업, 그리고 양동빌딩 준공시 매출 기여)가 가장 큰 요인임.",NEGATIVE
"아모레퍼시픽의 투자 포인트는 1) 실적 안정성, 2) 프리미엄 화장품 경쟁력, 3) 중국사업의 고성장이다.",POSITIVE
화장품 사업부문의 영업이익률은 30.5%에 달하였으며 전체 영업이익의 96.1%(967억원)가 동 사업부문에서 발생하였다.,POSITIVE
생활용품 및 설록차 사업 부문은 5.3%의 부진한 영업이익률을 보이며 39억원의 이익을 시현하는데 그쳤다.,NEGATIVE
"이와 같은 생활용품 및 설록차 부문의 실적부진의 원인은 1) 설 명절기간 동안에 할인 판매된 선물세트, 2) 설록차 부문의 성장이 정체되었기 때문이다.",NEGATIVE
"프리미엄 화장품의 입지 재확인 08년 1분기 중 아모레퍼시픽의 프리미엄 브랜드 매출액 비중은 약 62%로 추정되며 금액으로는 약 1,957억원으로 추산된다.",NEUTRAL
또한 ‘매스티지’ 개념으로 신규 출시된 한방화장품 ‘한율’은 매출 55억원을 기록하여 화장품 매출비중 1.7%를 달성하였다.,NEUTRAL
"중국 자회사 전년동기대비 매출 34.7%, 순이익 193.4% 증가로 빠른 성장세 지속 아모레퍼시픽의 중국(홍콩 제외) 자회사들의 실적은 매출 170억원, 순이익 20억원으로 전년 동기대비 매출 34.7%, 순이익 193.4% 증가하였다.",POSITIVE
"1) 1분기 현재 LED 매출액 비중은 17%에 불과하나 08년 26%, 09년 32%로 증가하면서 점차 LED가 주력 사업이 될 전망이다.",POSITIVE
3) 실적 부진의 원인이었던 통신/방송 사업부문의 실적 개선이 예상보다 빠르게 진행되고 있다.,POSITIVE
LS산전의 매출액이 예상보다 저조한 주 이유는 동가공 제품이 전년 동기 대비 감소했기 때문이다.,NEGATIVE
"LS산전의 영업이익률은 원자재 가격 상승, 운송비 상승, 노무비 상승 원인으로 전년 동기 대비 하락했다.",NEGATIVE
2008년 수주 계획 8.9조원으로 9% 상향 → 발전설비와 담수화 설비 추가 수주 기대 두산중공업은 연초에 2008년 수주 계획을 8.2조원으로 발표한 바 있다. 1분기가 지난 지금 8.9조원으로 수주 목표를 상향 조정하였다.,POSITIVE
"카메라 모듈은 해외 거래선의 부진으로 적자를 기록한 상황이나, 주력 거래선의 5Mega 제품이 3월부터 본격적으로 판매되면서 2분기부터는 실적이 대폭 개선될 전망이다.",POSITIVE
2) 삼성전기의 주력 사업인 MLCC의 초과 공급으로 인한 급격한 실적 악화 가능성은 작다.,POSITIVE
1분기 재고 소진을 위한 단가 인하는 생산능력 증설을 지연시킬 가능성이 크다. 3) 차세대 성장 동력인 LED 사업은 08년부터 본격적인 성장을 시작할 전망이다.,POSITIVE
"1분기 영업이익은 33.7% yoy(연결 기준) 증가한 115억원 삼성전기의 1분기 연결기준 매출액은 전년동기 대비 15.7% 증가한 8,850억원, 영업이익은 33.7% 증가한 115억원을 기록하였다.",POSITIVE
한국타이어는 RE(교체용 타이어) 시장에서의 판가 인상 등 비용 상승의 가격 전가 여력이 유지되고 있는 편이다.,NEUTRAL
"1분기 Review: 한국타이어 영업이익 전년 대비 21% 증가, 원가통제력 건재 1분기 매출액과 영업이익은 각각 6,165억원, 851억원 씩의 사상 최대 실적을 기록했다.",POSITIVE
"한편 한국타이어의 세전이익은 해외공장 관련 지분법평가손실 확대, 유로 부채 관련 평가손실 발생 등에 따라 전년동기 대비 14.8% 감소했다.",NEGATIVE
"둘째, 기업은행은 경기여건의 변화에도 불구하고 건전성이 안정되어 중소기업 여신 건전성 우려는 크지 않다.",NEUTRAL
"넷째, 기업은행은 중소기업 대출 시장에서의 경쟁력으로 향후 민영화가 추진될 경우 프리미엄이 예상된다.",POSITIVE
"BDI지수 강세로 2008년 매출액은 16.3%, 영업이익은 18.2% 상향 대한해운의 1분기 영업실적은 긍정적으로 평가된다.",POSITIVE
"대한해운이 보유하고 있는 용선 158척의 평균 BDI는 7,500포인트로 BDI지수가 고공행진을 이어갈 경우 분기당 1,000억원의 실적 달성이 가능할 것으로 판단된다.",POSITIVE
"중기 전망: 2분기 Peak, 어닝 모멘텀 상반기 집중. 그러나 수익실현은 이른 시점 현대모비스 중기 수익예상은 환율 수혜 요인과 해외공장 부품수요 신장세가 기존 기대 이상일 것으로 보여 종전보다 상향조정했다.",POSITIVE
"연간으로는 환율 수혜가 집중되는 2008년 현대모비스의 어닝 모멘텀이 2009년 이후보다 두드러지고, 이번 2분기를 정점으로 2008년 상반기에 어닝 모멘텀이 집중될 전망이다.",POSITIVE
그러나 현대모비스는 2008년 10.5%의 영업이익률로 마진 개선이 두드러지고 EPS 성장률도 17%로서 양호할 것으로 수정 전망된다.,POSITIVE
지난해 포함되지 않은 보안관제 서비스를 제외할 경우 9.6% 감소한 99억원이며 이는 안철수연구소의 2분기 실적 개선이 제한적일 것임을 의미한다.,NEUTRAL
이는 정보보안에 대한 의식 제고와 예산 확대로 이어질 것으로 전망한다. 3) 네이버에 무료 백신 제공을 철회하고 안철수연구소의 차별화된 유료 개인용 서비스인 ‘V3 365 클리닉’이 하반기부터 본격적으로 자리를 잡을 것으로 예상한다.,POSITIVE
"다음의 실적 호전의 이유는 1) 1분기 대폭 감소했던 디스플레이광고가 브랜딩 광고 매출 확대에 힘입어 전분기대비 26.7% 증가한 256억원 발생될 것으로 추정되고, 2) 검색 트래픽 증가로 검색광고 매출이 전분기대비 9.7% 증가한 328억원으로 예상되기 때문이다.",POSITIVE
"따라서 실적 부진에도 불구하고 충격은 다소 덜했던 것으로 판단된다. 하지만 예상이 가능했던, 그렇지 않던 대우건설의 영업이익이 전년대비 53% 감소한 것은 동사의 투자의견 및 목표주가에 대해 고민을 할 수 밖에 없다.",NEGATIVE
우선 대우건설 IR에서 밝히고 있는 1분기 일시적인 요인을 제거하고 07년 1분기와 비교해보았다.,NEUTRAL
"08년 대우건설의 경영계획의 원가율 목표 등과 비교했을 때 큰 차이는 없으며, 기저효과와 일시적 원가상승 요인이 맞물리면서 이익 폭이 축소된 것으로 판단된다.",NEUTRAL
기업은행의 1분기 순이자마진은 2.54%로 전분기 2.56% 대비 2bp 하락에 그쳐 시중은행 중 마진이 가장 선방한 것으로 추정된다.,POSITIVE
비록 산재보험료 취급에 따른 마진 상승 요인이 있긴 했지만 동 요인을 제외하더라도 기업은행의 순이자마진 하락 폭은 5bp에 불과한 것으로 추정된다.,POSITIVE
매분기 발생하는 ABS 이자수익 효과를 제외시 기업은행의 마진 하락 폭은 1bp로 오히려 더 낮아진다.,POSITIVE
기업은행은 2분기 중 산재보험료 취급액이 추가 인식될 예정인데다 대출금리 정상화로 인해 향후 마진 압박은 빠르게 완화될 전망이다.,POSITIVE
"목표주가는 다기간 RIM모형에 의해 산정된 15,000원을 유지한다. 08.1Q실적: 마케팅비용 절감으로 수익성 개선 LG텔레콤의 08.1Q 서비스매출은 822.3십억원(yoy 7.3%), 영업이익은 89.9십억원(yoy 30.1%), EBITDA는 182.9십억원(yoy 17.2%), 당기순이익은 76.1십억원(yoy 14.9%)이다.",POSITIVE
더욱이 전년말에 증설효과까지 겹치면서 AnyCoat의 국제가격도 급등하고 있는 것으로 알려지고 있다.,POSITIVE
"강원랜드의 1분기 매출액과 영업이익의 전년동기 증가율이 둔화되면서, 불법 사행산업 퇴출과 스키장 개장 효과가 반감되는 모습이다.",NEGATIVE
"코오롱의 투자포인트는 1) 실적 호조 지속, 2) 부단한 구조조정으로 인한 수익성 개선과 재무구조 안정, 3) 아라미드, 물, 태양광 등 신성장 동력 부각 등이다.",POSITIVE
코오롱의 1분기 영업이익은 218억원을 기록하며 당사 예상치에 부합했다.,NEUTRAL
없는 구조조정으로 수익성 개선과 재무구조 안정화 기대 코오롱이 매력적인 이유는 실적 개선에도 불구하고 구조조정의 고삐를 늦추지 않고 있기 때문이다.,POSITIVE
유엔젤의 영업이익률은 하드웨어를 포함한 매출 비중의 감소로 전년동기 대비 11.3%p 증가한 36.2%를 기록했다.,POSITIVE
현재 RBT 매출은 분기당 약 45억원을 기록하고 있지만 6월부터는 분기당 23억원 수준으로 감소할 전망이다,NEGATIVE
"이는 한글과컴퓨터의 경상연구비를 포함한 인건비가 크게 증가 (QoQ 64%↑, YoY 62%↑)했기 때문이다.",NEGATIVE
또한 4월부터 광학용 고부가 필름의 판매가 호조를 보이고 있어 필름부문 역시 실적개선이 예상된다.,POSITIVE
대한항공의 영업이익은 유가 급등에 의한 연료유류비가 49.4%증가하여 전년대비 87.1%감소하였다.,NEGATIVE
"유가상승으로 인한 연료유류비 증가로 항공운송사업부 적자전환 사업부별로 보면 항공운송사업부의 영업이익은 전년의 1,315억에서 -91억원으로 적자전환하였다.",NEGATIVE
"한국전력 매출액의 증가는 전력판매량이 9.4%(yoy)증가하고, 요금은 동결되었으나 Peak Season요금 적용 및 용도별 요금 조정에 의한 판매단가 인상 효과 (1.7%,yoy)로 전력판매수익이 11.3%증가한데 기인한 것이다.",POSITIVE
"한국전력 또한 전기요금체계의 개편, 즉 원료비 연동제 도입보다 현재는 전기요금의 인상에 최선을 다하고 있는 입장이다.",NEUTRAL
"원료비 연동제의 도입은 한국전력의 민영화를 위한 전제 조건이지만, 단기간에 실기되기에는 해결해야 할 과제들이 너무 많다.",NEUTRAL
"LG상사 목표주가 28,200원으로 상향 조정, 본격적인 주가 상승의 시작",POSITIVE
"코리안리의 4분기 수정보험영업이익(보험영업이익+비상위험준비금)은 159억원 적자로 전년동기대비 적자전환되었고, 이에 따라 합산비율(손해율+사업비율)도 2000년 이후 가장 높은 102.4%로 전년동기 대비 5.0%p 상승하였다.",NEGATIVE
"당기순이익은 원달러 환율이 기말 대비 54원 상승함에 따라 외화환산손실 3,774억원이 발생하였고, 항공기 3대 매각에 따른 유형자산처분 손실 822억원이 발생하여 3,254억원의 당기순손실을 기록하였음. ▶",NEGATIVE
대한항공의 영업이익이 전년대비 감소한 주된 요인은 제트유가 상승으로 연료비가 전년대비 49.4% 증가한 것에 기인함.,NEGATIVE
국제 여객 및 화물 양 사업부문의 매출 증가세가 지속되고 있다는 점은 긍정적이며 이는 장기적인 트렌드로 이해될 수 있는 부문임.,POSITIVE
"1분기 중 신한은행의 상각, 매각 전 실질 연체와 고정이하여신 순증액은 각각 2,230억원과 2,020억원으로 전분기 대비 다소 증가해 자산건전성이 소폭 악화되었다.",NEGATIVE
또한 신한은행은 고정이하 여신 중 회수의문과 추정손실로의 전이율이 낮아 대손 부담은 상대적으로 타은행 대비 낮게 나타나고 있다.,POSITIVE
게다가 국민은행은 1분기 중 상대적으로 운용금리가 낮은 유가증권이 약 4.3조원 증가했는데 이는 유동성 비율 관리 목적인 것으로 추정된다.,NEGATIVE
은행 저원가성 수신 감소 현상에 따른 자금조달의 취약성과 유동성 비율 관리를 위한 운용 상의 제한으로 인해 국민은행의 경우 자산성장이 지속될수록 운용수익률은 하락할 수 밖에 없을 것으로 판단된다.,NEGATIVE
경남은행은 지난해 2분기 이후 지속적으로 마진이 상승하고 있는데 수익성 개선을 위해 과도한 금리경쟁을 자제하고 있기 때문으로 추정된다.,POSITIVE
이러한 수익성 개선 노력에 힘입어 경남은행은 1분기 순이익이 666억원으로 전년동기 대비 약 57.5% 증가했다.,POSITIVE
그나마 조기 매각을 상정할 수 있는 시나리오는 외환카드 주가조작 사건 2심 판결 후 대주주 적격성을 문제삼아 보유지분 강제처분 매각을 명령하는 방법이다(언론 보도에 따르면 2심 판결은 6~7월 중 나올 것으로 예상되고 있음). 그러나 그 조차도 매각 반대 여론이 거세질 수 있다는 점에서 실현 가능성은 의문이다.,NEGATIVE
외환은행은 순이자마진이 3.06%로 전분기 대비 13bp 하락했는데 이는 1) 높은 여신증가세(전분기 대비 5.0% 증가) 2) MMDA가 약 2.2조원 감소하는 등 저원가성 예수금 비중 감소 3) 순이자스프레드가 낮은 매입외환 증가 등에 기인한 것으로 판단된다.,NEGATIVE
따라서 외환은행은 타은행과 달리 자산건전성이 아직 뚜렷이 나빠지고 있다는 징후는 발견되지 않고 있는 것으로 보인다.,POSITIVE
1) 중공업부문 영업이익은 121억원으로 전년수준을 기록하였으나 당초 예상과 달리 개선 폭은 적었다.,NEGATIVE
한화석화의 영업이익이 전년동기대비 큰 폭으로 증가한 주요 이유는 PVC마진(PVC-에틸렌)이익이 톤당 384달러로 전년동기 266달러대비 44.2% 증가하였기 때문임. ▶,POSITIVE
"현금흐름할인(DCF) 모형에 의한 Valuation에서도 140,000원이라는 목표주가에 타당성을 준다. 40년 넘게 국내 수위 자리 고수, 제품구조 개선 통해 재도약 기틀 마련 동아제약은 1967년부터 40년 넘게 국내 최대 제약사 자리를 고수하고 있다.",POSITIVE
"2008년 박카스를 제외한 동아제약의 의약품 매출비중은 70%에 육박할 전망인데, 제품구조 개선은 수익성 개선으로 이어질 것이다.",POSITIVE
"동아제약의 경쟁력은 신약, 제네릭, 바이오의약품을 아우르는 제품력, 업계 최고수준의 R&D 능력과 파이프라인, 신제품을 시장에 침투시킬 수 있는 뛰어난 영업력 등으로 요약된다.",POSITIVE
동아제약은 천연물신약인 위염치료제 스티렌과 합성신약인 발기부전치료제 자이데나를 출시하여 대형화에 성공했고 90년대부터 바이오제네릭(Biosimilar)의 개발에도 두각을 나타냈다.,POSITIVE
"신약과 제네릭, 바이오의약품을 아우르는 제품력과 R&D 능력이 경쟁력 중장기적으로는 정책리스크로 인한 부정적 영향을 수출과 신약개발로 만회할 전망이다.",NEUTRAL
동아제약의 총 3.4억달러에 이르는 대규모 수출계약은 2010년 이후 본격 선적으로 이어질 것이고 천연물 신약도 비슷한 시기에 잇따라 출시될 전망이다.,POSITIVE
"원자재 가격 상승 등 현대미포조선의 실적 성장에 대한 우려감이 높아지는 가운데,",NEGATIVE
1분기 깜짝 실적은 향후 현대미포조선의 영업실적에 대한 믿음을 높여주는 계기가 되었다.,POSITIVE
"우리투자증권의 이러한 양호한 실적의 배경은 1) 상품운용 손익의 호조, 2) 순이자수익의 견조한 유입, 3) ELS 발행의 증가, 4) IB 부문의 호조 등으로 요약할 수 있다.",POSITIVE
"07년 1분기 LG카드 출자주식 매각익, 07년 4분기 추가 충당금 적립 등의 영향 때문이다.",NEUTRAL
"다섯째, 신한지주에 대한 투자에 있어서 몇 가지 부담이 존재할 것이라는 판단이다.",NEGATIVE
또한 동력비 역시 연초 이후 약 9% 상승하여 효성의 전반적인 생산원가에 부정적인 영향을 주고 있다.,NEGATIVE
"국민은행의 원화 대출증가율은 4.5%(QoQ), 중소기업 대출 증가율은 6.8%(QoQ)로서 공격적인 성장 전략을 추구했다.",POSITIVE
"참고로 우리금융의 ‘07년 1분기의 수정 순익은 4,700억원 규모였고, ‘07년 4분기의 수정 순익은 5,700억원 규모였다.",NEUTRAL
손실반영이 작았던 이유는 DMS의 옵션계약이 위험회피 회계기준의 적용요건에 부합함에 따라 손익계산서에 반영되지 않았기 때문임.,POSITIVE
"엔화환율의 안정으로 향후 추가 손실 가능성은 매우 적은 것으로 판단됨. ▶ 1분기 수주잔고 774억원으로 급증, 4월에만 370억원의 추가 수주 확보 DMS의 1분기 잔고는 774억원이었고 4월 370억원의 추가수주를 확보해 4월말 현재 1,140억원의 수주잔고를 기록하고 있음.",POSITIVE
게임부문은 계절적인 성수기와 저가 Paying User가 지속적으로 증가하여 전분기대비 16.7% 증가한 90십억원을 기록하였다.,POSITIVE
"그 이유는 계절적인 비수기 영향으로 게임부문 성장률이 전분기대비 감소하고, 4월에 오버추어와 계약조건 변경에 따라 검색성장률도 전분기에 비해 다소 둔화될 것으로 추정되기 때문이다.",NEGATIVE
"2008년 어닝모멘텀 강화 예상 NHN의 2008년 연간 예상 매출액은 전년대비 38.1% 성장한 1조 271십억원, 영업이익은 41% 증가한 549십억원으로 전망된다.",POSITIVE
국제 동 가격의 강세로 풍산은 2분기 이후의 수익성도 견조할 전망,POSITIVE
최근 풍산의 수익성은 동 가격의 변동에 좌우되고 있다.,NEUTRAL
"1분기 어닝써프라이즈: 매출액 10%증가한 797억원, 영업이익 99.9% 증가한 236억원 태광은 1분기 매출액이 전년 동기 대비 10.0% 증가한 797억원, 영업이익은 99.9% 증가한 236억원, 세전이익은 140.9% 증가한 289억원, 순이익은 135% 증가한 218억원으로 공정 공시했다.",POSITIVE
"1분기 깜짝 영업 실적 → 2분기 영업이익률 낮아지나 세전이익률 증가 지속 삼성중공업은 1분기 매출액이 전년 대비 32.6% 증가한 24,175억원, 영업이익은 245.6%증가한 2,236억원, 순이익은 28.5% 증가한 1,158억원으로 공정 공시했다.",POSITIVE
이러한 LG그룹 경쟁력은 지주사 내부의 의사결정 시스템과 지주사와 자회사간의 협력적 의사 결정시스템에서 온다고 볼 수 있음.,POSITIVE
이러한 점들을 반영하여 신규 목표가에 LG NAV에 10% 프리미엄 가산. 기존 제시 LG 적정가에는 15% 프리미엄을 가산 하였음. ▶,POSITIVE
"따라서 토필드에 대한 투자의견 ‘매수’와 12개월 목표주가 30,000원(08년 추정 EPS 기준 PER 9배 수준)을 유지한다. 1분기 실적은 전년동기 대비 매출액 16.5%↑, 영업이익 4.3%↑ 토필드의 1분기 실적은 매출액 387억원, 영업이익 79억원으로 전년동기 대비 각각 16.5%, 4.3% 증가하였다.",POSITIVE
"LG패션의 08년 매출액과 영업이익은 기존 전망치 대비 각각 1.4%, 2.8% 상향되 8,450억원(전년동기비 +14.5%), 1,094억원(전년동기비 +19.5%)이다.",POSITIVE
LG패션이 차별화 되는 세가지 이유 LG패션의 핵심 고객군으로 추정되는 와인세대(30대 후반 ~50대 초반)는 2010년까지 지속적인 증가가 예상된다.,POSITIVE
"자화전자의 2008년 매출은 지난 3년동안(2005년~2007년)의 지속적인 역성장세에 벗어나, 본격적인 성장세로 전환될 것으로 분석된다.",POSITIVE
티엘아이의 2008년 영업이익은 기존 0.25㎛에서 0.18 ㎛로 미세공정 적용에 따라 원가 경쟁력이 확대되어 기존 추정치 대비 37.2% 상향한 129억원으로 추정된다.,POSITIVE
환율 및 곡물 관련 손실에서 시장이 우려하는 최악의 상황은 발생하지 않았다.,NEUTRAL
"둘째, CVD 장비 테스트가 원활하게 진행되고 있으며 추후 수주에 대해서 에스에프에이는 조심스럽게 낙관적인 견해를 내비쳤다.",POSITIVE
"셋째, 에스에프에이는 아산 컴플렉스, 창원 사업장 확보 등을 통해 대규모 사업장을 건설하겠다는 계획을 발표하였다.",POSITIVE
현 대우증권의 기대 수준을 넘어설 가능성이 높지만 수익 예상에는 보수적으로 반영되어 있다.,NEUTRAL
"대우조선해양은 1분기 매출액이 전년 대비 43.9% 증가한 21,241억원, 영업이익은 233.2% 증가한 1,676억원, 순이익은 51.1% 증가한 784억원으로 공정 공시했다.",POSITIVE
"대우조선해양은 4월에 자동차운반선, VLCC, 벌크선, 드릴쉽 등 신규 수주가 13억 달러 발생하여 누계로 약 34억 달러 수주를 기록했다.",POSITIVE
대주전자재료는 08년 하반기 이후 성장 잠재력이 서서히 가시화되면 단계적인 도약도 가능할 전망이다.,POSITIVE
"대주전자재료 08년 매출액은 전년대비 40% 증가한 601억원, 영업이익은 10배 이상 증가한 45억원에 이를 것으로 예상된다.",POSITIVE
"성장성과 수익성 호전을 동시에 보여준 1분기 영업 실적 CJ제일제당의 1분기 매출액, 매출총이익, 영업이익은 8,264억원, 2,799억원, 810억원으로 전년 동기 대비 각각 18.9%, 15.5%, 31.5%가 증가하였다.",POSITIVE
제품 판매 가격 인상은 통상적으로 매출총이익률을 개선시키지만 CJ제일제당의 1분기 매출총이익률은 전년 동기 대비 1.0%p 하락하였다.,NEGATIVE
지속적인 곡물 가격 상승과 지난 해 11월 이천 육가공 공장 화재에 따른 생산 차질이 CJ제일제당 매출총이익률 하락의 주요 원인으로 판단된다.,NEGATIVE
그러나 최근 곡물 가격 안정이 이어지고 있으며 이천 공장 화재에 따른 비용 처리가 완료됨에 따라 2분기부터는 CJ제일제당 매출총이익률이 예년 수준을 회복할 전망이다.,POSITIVE
이는 싸이클 산업의 통념을 깨는 양호한 현금 흐름과 재무 구조의 빠른 개선으로 드러나고 있다.,NEUTRAL
LG디스플레이는 07년 양의 현금 흐름으로 전환한 데 이어 08~09년 각각 1.5~2.3조원 수준의 잉여 현금 흐름을 창출할 수 있을 전망이다.,POSITIVE
LG디스플레이는 08년 설비투자 확대가 예상되나 투자 규모가 매출액의 20% 이하에 그쳐 05~06년과 같은 과잉 투자 국면은 재개되지 않을 것으로 본다.,NEUTRAL
"수익 예상 상향 조정, 2분기 본사 영업이익 1조원 예상 예상을 상회하는 긍정적 환율 흐름과 견조한 패널 수요 등을 반영하여 LG디스플레이의 08년과 09년 영업이익을 기존 대비 각각 6.4%, 6.7% 상향 조정하였다.",POSITIVE
환율 상승은 LG디스플레이의 실적 개선 효과를 배가시키고 경쟁국 대비 가격 경쟁력을 강화시킬 전망이다.,POSITIVE
"신한이엔씨의 1분기 실적은, 매출액 169억원, 영업이익 30억원, 순이익 27억원, 영업이익률 17.5%를 기록한 것으로 보인다.",NEUTRAL
"삼양감속기는 매출액 141억원, 영업이익 22억원, 순이익 18억원, 영업이익률 16.0%를 달성한 것으로 추정된다.",NEUTRAL
"현대해상의 4분기 수정보험영업이익은 18억원 적자로 전년 대비 73억원 적자축소 되었고, 이에 따라 합산비율(손해율+사업비율)도 100.9%로 전년 대비 1.0%p 하락하였다.",POSITIVE
현대해상의 자동차보험 손해율은 보험료 인상효과로 지속적으로 하락하여 2002년 월드컵 기간 이후 최저수준 까지 하락하였다.,POSITIVE
아울러 현대해상이 서브프라임 관련 CDO를 32억원 감액한 것도 투자영업이익 감소의 원인이 되었다.,POSITIVE
전체 비용의 반을 차지하는 회선비용도 전년대비 30% 늘어나며 CDN 서비스 단가 하락을 전가하지 못한 것으로 판단된다.,NEGATIVE
"회계 변경 효과를 고려하면 08년 1분기 세전이익은 83.9%↑ YoY 인탑스의 08년 1분기 매출액은 744억원, 영업이익은 54억원으로 전년동기 대비 각각 3.2%, 19.9% 감소한 수치이다.",NEGATIVE
한진해운 목표 주가 상향은 2008년 2분기 미주 노선 운임 인상에 따른 실적 개선과 유류 연동제 도입으로 유가 상승 리스크가 해소되었기 때문이다.,POSITIVE
한진해운 미주 노선 운임 협상은 기대 이상으로 진행 중 미주 노선 운임 협상은 순조롭게 진행 중이다.,POSITIVE
유류 연동제 도입으로 한진해운의 국제 유가 상승에 따른 연료비 증가 리스크는 해소될 전망이다.,POSITIVE
"이는 주력자회사인 GS칼텍스의 1분기 당기순이익이 환율과 국제유가의 급등에 따른 외환관련비용, 파생상품관련손실의 급증으로 적자 전환되었기 때문이다.",NEGATIVE
GS의 08년 연간의 당기순이익은 종전예상치보다는 6% 축소,NEGATIVE
"인포피아는 채혈량과 반응 속도 부문에서 경쟁사에 비해 우월한 기술이 적용된 제품을 생산하고, 장기적인 공급 계약을 통해 안정적인 외형 상장의 기반을 확충해 가고 있다는 점이 매력적이다.",POSITIVE
한라공조의 컴프레서와 공조시스템은 구조조정 중인 비스티온 등 기존 시스템 서플라이어를 대신해 해외 주요 완성차 업체에 공급할 잠재력이 충분하다.,POSITIVE
"LIG손해보험의 4분기 수정보험영업이익은 560억원 적자로 전년 대비 399억원 적자축소되었고, 이에 따라 합산비율(손해율+사업비율)도 105.6%로 전년 대비 5.1%p하락하였다.",POSITIVE
이는 지난해 4분기는 일회적 요인인 LG카드매각이익이 324억원 발생했던 효과가 사라졌기 때문이다.,NEUTRAL
"한전KPS 1분기 영업이익은 83억원으로 추정치 대비 9.6% 비중이지만 계획예방정비공사가 5월과 6월 그리고 피크 시즌인 7월, 8월 이후에 몰려있어 1분기는 계절적 비수기임.",NEUTRAL
해외정비매출이 지속적으로 늘어나기 위해서는 신규 인력이 장기적인 계획상에서 미리 채용되어 훈련을 받아야 할 것인데 현재 공기업 인력 채용은 기획재정부에서 관할하고 있어 한전KPS로서는 탄력적인 신규 채용이 어려운 상황임.,NEGATIVE
"우리투자증권의 경우 ① 적극적인 Prop Trading을 하고, ② ELS 자체 발행이 많아 해당 헤지 포지션이 많고, ③ 종금업무 및 RP 판 등으로 4월 상품운용이익이 좋았던 것으로 추정된다.",POSITIVE
"핵심 사업인 선박용 엔진 부문의 높은 실적 성장과 높은 ROE(2008년 39.2%, 2009년 35.5%)를 감안하면 제조업 평균 PER을 적용하는 데는 무리가 없다.",POSITIVE
"자회사(지분 51%)인 STX엔파코는 금년 하반기 상장 예정으로 이 회사에 대한 가치 평가는 지분법 가치만을 반영하였고, 상장 이후 시장 가치를 반영할 예정이다.",NEUTRAL
이는 대우증권 예상 실적과 FN 가이드 기준 컨센서스 보다 양호한 영업실적이다.,NEUTRAL
"특히, 필립스 관련 오버행이나 전략적 투자자 유치 등의 문제에 있어 현재 단계에서 밝힐 단계가 아니고 노력을 진행 중이라고 밝혔다.",NEUTRAL
오히려 10세대 등 대형 투자가 지연되었다는 의미에서 보면 LG디스플레이가 과잉 투자에 빠질 위험은 낮아 보인다.,NEUTRAL
"아모텍의 1분기 매출액 및 영업이익은 전년동기 대비 각각 3.2% 및 0.3% 증가한 162.4억원, 16.6억원을 기록하였다.",POSITIVE
적자 라인의 철수를 통한 적자 규모 축소와 인력 구조조정으로 인한 인건비 절감으로 인해 대상의 영업이익은 크게 증가하였다.,POSITIVE
③ 또한 스포츠토토의 당기순이익이 331억원을 기록하며 지난 해 4분기 실적 부진이일시적이었음을 보여주었다.,POSITIVE
스포츠토토는 분기별 실적으로 사상 최대 실적을 기록하며 당기 순이익이 전년 동기 대비 23.2% 증가한 303억원을 기록하며 지난 해 4분기 실적 부진의 우려를 불식시켰다.,POSITIVE
"2008년 HEV 시장은 리튬이온 전지의 폭발위험에 노출되어 있지만, 기술적인 한계에 대한 해결을 해나가고 있다.",POSITIVE
지난 금요일 주가 급락을 통해 LG디스플레이에 관한 악재는 대부분 노출되었다고 본다.,POSITIVE
그 동안 LG디스플레이에 대한 투자자들의 생각은 대체로 걱정 반 기대 반이었다.,NEUTRAL
"LG전자의 2, 3분기 본사 기준 영업이익을 기존 대비 각각 4.9%, 2.9% 상향 조정하였다.",POSITIVE
"2분기 글로벌 영업이익 9,180억원으로 시장 기대치 크게 상회할 전망 LG전자의 2분기 글로벌 영업이익은 9,180억원으로 사상 최대 수준을 보일 것으로 기대한다.",POSITIVE
특히 핸드셋 분야는 성장과 수익성의 두 마리 토끼를 다 잡는 모습을 기대한다.,POSITIVE
이니시스는 지난해 4분기부터 매출 규모가 고정비용을 안정적으로 상회하면서 강력한 영업 레버리지 효과가 나타나고 있다.,POSITIVE
이니시스의 원가율은 2006년 4분기 85.0%를 고점으로 지속적으로 하락하고 있다. 원가율 하락은 수수료 마진이 높아지고 가격 정책에 대한 협상력이 높아지고 있음을 의미한다.,POSITIVE
"리노공업의 1분기 실적은 매출액 107억원, 영업이익 37억원(영업이익율 34.6%), 당기순이익 30억원(순이익율 28%)을 기록하였다.",NEUTRAL
"목표주가 18,200 유지 리노공업의 1분기 실적은 기존 예상하였던 추정치에 부합한 실적을 보여주었다.",NEUTRAL
"리노공업은 작지만 강한 기업으로 시장을 주도하는 시장 지배력을 가지고 있으며, 안정된 자산 가치와 현금 창출 능력을 보유하고 있으므로 점진적인 기업 가치 상승을 가져올 것으로 판단한다.",POSITIVE
"한진해운의 미주노선 Outbound 운임은 평균 13%, Inbound운임도 5~10%인상된 것으로 추정되어, 인상된 운임이 적용되는 2분기 부터는 실적호전세가 더욱 가파르게 진행될 전망이다.",POSITIVE
"삼성화재의 4분기 수정보험영업이익은 80억원 흑자로 전년 대비 303억원 증가하였고, 이에 따라 합산비율(손해율+사업비율)도 99.6%로 전년 대비 1.5%p 하락하였다.",POSITIVE
이는 지난해 4분기에 발생했던 LG카드 매각이익 480억원이 올해에는 발생하지 않았기 때문이다.,NEUTRAL
아울러 CDO 관련 해외투자에서 63억원을 감액한 것도 삼성화재 투자영업이익 감소의 원인이 되었다.,NEGATIVE
동 사업은 향후 12~15년 정도의 기간에 걸쳐 순차적으로 진행될 전망. 총 사업 규모는 7조원 정도로 추정되고 있어 GS건설의 새로운 중장기 성장 동력으로 작용할 것으로 예상됨 ▶리스크에 직접 노출된 사업은 없다 1. BT 프로젝트: 도로건설사업 착공은 6월 초로 예정되어 있음.,POSITIVE
"동 사업은 GS건설이 자체 자금과 현지 은행의 차입을 통하여 건설하고, 동 공사의 대가로 나베 신도시 부지 102만평에 대한 사용권을 획득하는 프로젝트임.",NEUTRAL
"투자 의견 매수, 목표 주가 431,000원 메가스터디 투자 의견 매수, 목표 주가 431,000원을 제시한다.",POSITIVE
"20세기 유형자산 시대에서 21세기 무형자산 시대로의 본격적인 전환이 시작되었고, 교육산업은 새로운 시대 흐름의 중심에서 각광받고 있다.",POSITIVE
향후 정보 통신이 전세계적으로 보편화되면 온라인 교육은 수출되어 전세계 교육 형태와 문화를 변화시키는 촉매가 될 전망이다.,POSITIVE
따라서 실제 M/S와 브랜드 인지도간의 간극을 줄이기 위해서라도 해외 지역에서 삼성전자의 활발한 마케팅 활동은 지속될 전망이다.,NEUTRAL
"현재는 지속적으로 3G 가입자가 증가하고 있는 상태이고, 900만 가입자 규모를 형성하고 있다.",POSITIVE
"SK텔레콤 08년 Guidance는? 영업수익 11.7조원, CAPEX 1.7조원, M/S 50.5% 유지 전략 영업수익은 전년대비 24% 증가한 11.7조원을 전망한다.",POSITIVE
"정부측과 전기요금 인상을 위한 협상은 진행 중이며, 현재 전기요금 인상 시기와 인상 폭에 대해서는 구체적으로 결정된 바는 없다.",NEUTRAL
한국전력은 2007년 4분기부터 상품가격이 급등하면서 연료비가 증가하고 있다.,NEGATIVE
"아직 도입 시기에 대한 구체적인 결정 사항은 없으며, 하반기 전기요금 협상시 연동제 도입에 대한 사항도 정부측과 협의할 예정이다.",NEUTRAL
"특히 자립형 사립 고등학교, 특수 목적 고등학교 등의 설립이 크게 확대될 것으로 예상되어 중학생들의 입시가 확대될 것이다.",POSITIVE
현재는 약 10%의 중학생들만이 특목고 입시를 준비하고 있는데 특목고 입시 준비생들이 대폭 증가할 전망이다.,POSITIVE
에스원의 영업관련 주요 지표 개선은 2008년 연간 실적에 대한 신뢰감을 부여하기에 충분한 것으로 판단된다.,POSITIVE
"에스원은 2008년 연간 실적 기준으로도 매출액은 전년대비 12.6% 증가한 835십억원, 영업이익은 171십억원(+24.2%)으로 양적 및 질적인 측면에서 큰 폭 성장을 할 것으로 예상된다.",POSITIVE
"FY08년 장기보험 신계약 성장률 상향조정으로 인하여 메리츠화재 적정 PBR를 2.2배로 상향조정하고 FY08년 수정BPS를 5,885원으로 소폭 상향조정했다.",POSITIVE
"국제유가 급등으로 원재료 나프타 가격이 톤당 1,100달러를 넘어서면서 다운스트림 제품 중 제품가격과 마진개선이 되는 품목이 선별적으로 나타나고 있다.",NEUTRAL
2) 2분기 정보전자부문 영업이익은 약 750억원으로 기존 추정치 대비 11.9% 상향 조정한다.,POSITIVE
이는 전분기에 이은 강관제품 단가 인상 효과와 함께 판매량도 증가(전년비 12%증가한 12.1만톤으로 전망)할 것으로 보기 때문이다.,POSITIVE
"태양전지 부문의 성과 달성은 이제 시작에 불과하다! 2분기 실적 부진하나, 3분기 이후의 성장성 주목할 시점",POSITIVE
"주성엔지니어링의 2분기 실적은 매출액 316억원, 영업이익 12억원으로 부진할 전망이다.",NEGATIVE
"내년 태양전지 부문은 예상 매출액 1,000억원에 이르는 폭발적 성장세를 나타낼 전망이다.",POSITIVE
"이에 따라 주성엔지니어링의 2009년 예상 실적은 매출액 2,854억원, 영업이익 366억원에 이를 것으로 예상된다.",POSITIVE
이중 Vu (LGCU920)는 3인치 전면스크린 및 12.9mm의 슬림 디자인을 채택했으며 미국 현지 이동통신사인 AT&T를 통해 22일 출시 되었다.,POSITIVE
또한 AT&T가 금월 초에 서비스를 개시한 모바일 TV 수신 서비스인 “Media Flo”를 지원한다.,NEUTRAL
또 다른 출시작인 Vantage(LG830)는 캐나다의 CDMA사업자인 Bell Mobility를 통해 금월 말에 출시되며 슬라이드 스타일의 2.6인치 전면스크린과 일반 키패드를 동시에 갖추었다.,POSITIVE
"SKT 자회사 편입으로 유무선 결합상품 구성, SKT의 오프라인 대리점망 활용 가능 등 여러 측면에서 긍정적 시너지 기대. 양사 공동 마케팅 시 초기 투자비용(마케팅비 등) 발생은 우려사항 아님.",POSITIVE
"한진해운에 대한 투자의견 매수 및 목표주가 69,000원 유지 한진해운은 5월 미주노선의 GRI성공으로 Outbound운임이 평균 현재 운임대비 13%인상된 것으로 알려지고 있으며, 예상치도 않았던 Inbound운임도 4월 제품별로 6~10%(2007년 4분기말 대비)인상된 것으로 알려지고 있다.",POSITIVE
"한진해운은 최근 유럽노선의 운임이 소폭 조정을 받고 있으나, 6월부터는 유럽노선의 운임도 상승할 가능성이 높을 것으로 판단된다.",POSITIVE
"따라서 2008년 한진해운의 실적은 매출액 8.6조(24%,yoy) 영업이익 5,877억(149%,yoy), 당기 순이익 3,663억원(151.3%,yoy)으로 대폭 개선될 전망이다.",POSITIVE
"셋째, 코스모화학에서 생산하는 이산화티타늄(TiO2)을 이용하여 여러가지 신규사업이 가능할 것으로 판단되며 이로 인한 추가적인 신규사업의 성장기회는 동사의 가치를 더욱 더 향상시켜 줄 것으로 판단된다.",POSITIVE
"투자의견 매수, 12개월 목표주가 13,000원 제시 현금화 가능한 보유 자산가치와 독점적인 시장 지배력에 근거한 영업가치를 감안할 때 코스모화학에 대한 투자의견 매수와 12개월 목표주가로 13,000원을 제시한다.",POSITIVE
"그러나 파트론이 ① 08년 추정 매출액 증가율이 78.7%로 본격적인 성장기에 진입하고 있고, ② 국내 시장 점유율 1위 제품을 5개 보유하고 있는 등 경쟁력을 확보하고 있다는 점을 고려하면 무리한 수준은 아니라고 판단된다.",POSITIVE
"다만, 파트론 주가는 수급 측면에서는 부담이 존재한다. 5월 23일부터 513만주의 무상증자 물량이 거래되고 있기 때문이다.",NEGATIVE
파트론이 생산하는 7개 부품 중 5개 제품은 국내 1위 시장 점유율을 확보하고 있다.,POSITIVE
③ 2008년 1분기 우리이티아이의 실적은 당사 추정치대비 매출 7% 증가와 영업이익 33% 상향된 실적 개선을 이루었다.,POSITIVE
LG패션 목표주가를 설정함에 있어 가장 중요한 이슈는 그간 기록했던 높은 실적 안정성을 감안할 때 향후 실적에 대한 정확한 추정보다는 동사 기업가치를 어떻게 평가할 것인가에 달려있다고 할 수 있다.,NEUTRAL
"이는 그간 보여준 동사의 실적 호전을 기반으로 주가가 상승했기 때문인데, 결국 동사 기업가치 평가에 있어 핵심적인 사항은 LG패션의 적정 가치를 기존의 다른 패션 기업들과 비교하여 평가할 것인가, 아니면 내수 대표주로서의 변신 과정을 감안하여 re-rating해서 평가할 것인가에 따라 달라진다고 할 수 있다.",NEUTRAL
"그러나 기업은행이 민영화가 되면 산업기반기금, 지방구조조정기금, 과학기술진흥기금, 정부화촉진기금 등 약 10조원에 달하는 정책자금 대출도 또한 소멸될 것으로 예상된다.",POSITIVE
따라서 정책자금 대출이 소멸되면 기업은행의 예대스프레드는 기존 2.42%에서 2.56%로 오히려 약 14bp 상승할 전망이다.,POSITIVE
"연간으로 103억원의 매출 달성은 가능하다고 판단되며, 2008년 자화전자의 전체 매출액과 영업이익은 각각 925억원(+31.1%, YoY), 69억원(+831.4%, YoY)으로 전년대비 높은 성장세를 시현할 것으로 추정된다.",POSITIVE
국내 휴대폰 업체의 해외공장 이전과 해외 거래선의 추가로 진동모터의 2008년 매출은 전년대비 31.5% 증가할 전망이다.,POSITIVE
"이에 따라 삼성 그룹의 마케팅 전략 수립에도 일련의 변화가 있을 것으로 예상되는데, 크게 두 가지로 요약된다.",NEUTRAL
이에 따라 개별적으로 지출되던 마케팅 예산이 위원회로 집중되어 집행될 것으로 판단된다.,NEUTRAL
연간 위원회를 통해 집행되는 마케팅 예산은 수 조원에 이를 것으로 판단된다.,NEUTRAL
대한제강은 그러나 이제는 자체 생산한 빌렛으로 철근을 생산하므로 생산량 증대는 물론 수익성도 대폭 향상되게 되었다.,POSITIVE
진로의 지분이 증가하여도 사채 증가로 기업가치의 변화에는 영향이 없는 것으로 판단된다.,POSITIVE
"LIG손해보험의 4월 수정보험영업이익은 19억원 적자로 전년 대비 18억원 적자확대되었고, 이에 따라 합산비율(손해율+사업비율)도 100.6%로 전년 대비 0.6%p 상승하였다.",NEGATIVE
오히려 LIG손해보험의 자동차보험 손해율이 69.3%로 전년대비 8.0%p나 하락했다는 점에서 지난해의 불량물건 축소 효과가 본격화되고 있음을 확인시켜준 점이 긍정적이라고 판단한다.,POSITIVE
아래는 자회사들의 과거 배당추이와 실적 추정을 근거로 추정한 SK로의 순현금 유입 규모이다.,NEUTRAL
SK 주주에 배당금을 지불하고도 향후 3년간 4천억원에서 5천억원 규모의 순현금 유입이 가능할 것으로 추정되었다.,NEUTRAL
이 순현금유입 규모는 지주사의 사업목적에 이용될 수 있는 성장 재원으로 이를 SK의 WACC로 할인하여 영업가치에 반영하는 것이 타당하다고 할 수 있다.,NEUTRAL
SK의 영업가치는 순현금유입규모의 성장율을 0%으로 가정하고 보수적으로 보아도 3.52조원에 이를 전망이다.,POSITIVE
"NHN은 유가, 환율 등 증시 악재와 무관할 수 있는 대형주 중의 하나이다.",POSITIVE
"이는 07년 분기 평균인 311만대에 81% 수준으로, 이로 인해 디지털 카메라 사업부는 영업적자 28억원을 기록하였다.",NEGATIVE
판매 수량 증가로 디카 사업 부문 영업이익은 211억원(영업이익률 5.3%)을 기록할 것으로 추정된다.,POSITIVE
특히 LIG손해보험은 자동차 보험의 손해율 개선이 타사대비 크게 나타 났는데 FY07년 자동차 보험 성장이 타사대비 저조하여 보험료 인상효과가 늦게 반영되고 있기 때문이다.,POSITIVE
신제품 Neo-IPlus 관련 매출은 12억원으로 전분기대비 큰 폭으로 증가할 것으로 추정된다.,POSITIVE
신제품 Neo-IPlus 신규 매출 본격 발생될 전망 2008년 4월부터 신제품 Neo-IPlus의 마케팅이 시작되었다.,POSITIVE
케이씨텍의 우량 자회사가 08년 하반기~09년 상장을 준비하고 있어 재평가의 계기가 될 전망이다.,POSITIVE
반도체 재료는 5월 말부터 공급 라인을 1개에서 3개로 확대할 예정이어서 하반기부터 본격적인 매출이 기대된다.,POSITIVE
케이씨텍의 08년 실적 가시성이 커지고 있고 09년 이후의 업사이드 포텐셜도 높아지고 있다.,POSITIVE
해외 수주 호조와 패널 업체 설비투자 확대로 수익 예상 상향 조정 케이씨텍의 수익 예상을 소폭 상향 조정하였다.,POSITIVE
케이씨텍은 향후 패널 업체들의 투자가 가시화됨에 따라 추가 상향 조정 여지가 큰 것으로 판단된다.,POSITIVE
경쟁 VOD 웹사이트들의 트래픽은 감소한 반면 ‘아프리카’의 트래픽은 가파르게 상승하고 있다.,POSITIVE
"■ '아프리카' 서비스가 단기적으로 실적에 미치는 영향은 미미하겠지만 중장기적으로 사용자 기반 확대에 따른 광고 수익 증가 전망 ‘아프리카’ 서비스의 수익 모델은 ① 동영상 광고, ② 서비스 아이템, ③ 게임 방송 제작으로 분류된다.",POSITIVE
법인세 부과 철회 소식으로 인해 하나금융지주 주가가 전일 큰 폭으로 상승했지만 긍정적인 주가 흐름이 단기간 계속 이어질 것으로 예상된다.,POSITIVE
"다만 올해 추정 ROA 0.8%, ROE 11.4%의 낮은 수익성을 고려하면 하나금융지주에 대한 장기 투자매력은 여전히 높지 않은 편이다.",NEGATIVE
법인세 부과 철회로 M&A를 위한 출자여력과 Tier I 비율은 유지되지만… 법인세 부과 철회에 따라 하나금융은 2008년 3월말 기준 자회사 신규출자여력이 약 3.4조원을 유지하게 되고 2009년 말에는 약 5.0조원을 기록할 수 있을 전망이다.,POSITIVE
충분하지는 않지만 향후 은행 산업 재편 과정에서 M&A에 필요한 자본 여력을 하나금융이 어느정도 확보하게 되는 셈이다.,POSITIVE
그러나 지나치게 공격적인 M&A 전략은 불확실성으로 인해 주주가치를 오히려 감소시킬 수 있다.,NEGATIVE
"이런 측면에서 지주회사 LG의 활동은 이러한 장기적 측면의 기업가치 제고를 위한 활동이 매우 효율적으로 이루어지고 있다고 판단하며, 궁극적 지분가치 상승을 위한 자회사의 안정적 기업활동도 향후 긍정적으로 예상되고 있기 때문이다.",POSITIVE
"주력 매출원인 디스플레이광고가 전분기보다 21.8%나 줄어든 데다 인건비, 컨텐츠구입비가 포함된 외주가공비 등 비용이 크게 증가하였기 때문이다.",NEGATIVE
"다음은 1분기에 검색 쿼리, 프론트페이지 페이지뷰 등 트래픽 흐름이 개선되는 모습이 확인되지 않았다.",NEGATIVE
다음은 양적인 트래픽 증가 속도에도 문제가 있었지만 1위 기업과 차별화 할 수 있는 특화된 서비스가 부재하다는 근본적인 문제를 가지고 있었다.,NEGATIVE
"2분기 디스플레이광고 매출액은 ① 4분기 부진의 기저효과에다, ② 계절 성수기 진입, ③ 3월 첫페이지 개편을 통한 신상품 출시 효과로 전분기와 비교해 두 자릿수 이상의 성장이 예상된다.",POSITIVE
형광체 공장은 07년 구축한 자체 설비와 이후 인수한 LG화학의 생산 라인을 합쳐 연 300톤 규모(세계 시장 900톤 수준)를 갖춘 것으로 국내 유일의 형광체 생산설비이다.,NEUTRAL
"형광체 재료 매출은 하반기부터 가시화될 전망이며, 08년 38억원, 09년 125억원의 매출이 달성이 기대된다.",POSITIVE
"과거 경쟁사들은 핸드셋 비중이 높아 재고 부담이 컸으나, 텔레칩스는 MP3, 핸드셋, 자동차 등으로 어플리케이션 다변화에 성공함으로써 재고 부담이 작다.",POSITIVE
PL상품 비중은 4월에 이어 5월에도 20%를 기록한 것으로 파악되어 PL의 조기 정착과 성공 가능성을 높여주고 있다.,POSITIVE
"G마켓의 2분기 영업이익은 전분기와 비교해 11.2%, 전년동기와 비교해 51.2% 증가한 115억원으로 예상된다.",POSITIVE
생존력과 경쟁력 강화의 모멘텀! 특히 3분기 Outperform 예상 하이닉스의 생존력을 다시 볼 시기이다.,POSITIVE
"하이닉스는 하반기 1) 메모리 가격 상승 2) 분기 실적 흑자 전환, 3) 신규 미세 공정 전환 가속화, 4) Product Mix 개선이 예상된다.",POSITIVE
또한 과거 고유가 국면에서 반도체 업종에 대한 투자가 상대적으로 유리했던 것으로 나타난다.,POSITIVE
수익예상 상향 조정함에 따라 2008년에도 수익성 개선추세 지속될 전망 녹십자의 2008년 매출액과 영업이익 전망치를 각각 2.2%와 6.9%씩 상향 조정함에 따라 각각 전년동기비 13.5%와 17.1%씩 증가하여 수익성 개선추세를 이어갈 전망이다.,POSITIVE
"하반기 본격적인 경쟁력 회복, 목표주가 40,000원으로 상향 하반기 본격적인 경쟁력 회복을 예상하여, 하이닉스의 목표주가를 기존 35,000원에서 40,000원으로 상향한다. 08년 예상 PBR 2.1배, 09년 예상 PBR 1.8배를 적용하였다.",POSITIVE
목표주가는 2008년 예상 EPS 945원에 대우증권 기계업종 2008년 평균 PER 16.6배를 30% 할인한 11.6배의 PER을 적용하여 산정하였다.,NEUTRAL
"현 시점에서는 생산 Capa를 예상하기 어려우나, 핵심 재료인 모노실란의 수요는 빠르게 증가할 것으로 예상된다.",POSITIVE
대표 장비 업체인 어플라이드 머터리얼스는 최근 전지의 수율 뿐 아니라 운영 비용과 생산량까지 보증해 주는 새로운 개념의 Turn Key 패키지 서비스를 출시하였다.,POSITIVE
PBR 2.7배는 테크노세미켐이 06~07년 유니버스 평균대비 받아왔던 PBR 프리미엄(55~46%)을 고려하면 적정한 수준으로 판단된다.,NEUTRAL
주가 급락에 따른 Valuation 매력에도 불구하고 한화석화에 대한 투자의견 중립을 유지한다.,NEUTRAL
"향후 유상증자 진행 과정에서 주가 변동성이 확대되겠지만, 신주 상장이 마무리되고 대우조선해양 인수전의 윤곽이 드러나는 7월 중순 이후가 주가의 변곡점이 될 전망이다.",NEUTRAL
"다음의 5월 검색쿼리와 검색 페이지뷰는 전년동월대비 각각 29%, 21% 증가한 9억 6천만개, 11억개로 나타남.",POSITIVE
"2) 2008년 삼성전기 주당순이익(1,889원)을 종전대비 8% 하향하였고, 밸류에이션 적용은 PBR 2.2배를 적용하였다.",NEGATIVE
삼성전기는 단기적으로 2008년 2분기 실적 부진과 이익모멘텀 약화로 주가가 조정을 받을 것으로 판단된다.,NEGATIVE
이는 TF4000이 제품양산에 성공적으로 안착했다는 것을 증명하는 것이고 향후 1차 수주의 몇 배 규모의 수주가 확정된다는 측면 때문임.,POSITIVE
"SK텔레콤 투자의견 매수(유지), 저가 매수의 기회",POSITIVE
정부의 도시가스용 판매요금규제 영향 미미할 전망 정부는 인플레이션 억제정책의 일환으로 전력 및 가스판매요금에 대한 규제를 실시하고 있다.,NEUTRAL
"이로 인해 한국가스공사는 가스도입원가의 상승분을 도시가스용 가스판매요금에 반영하지 못하여, 현재까지 약 6,000억원의 미수수익이 발생하였으며, 2분기 말에는 약 8,000억원으로 증가할 전망이다.",NEGATIVE
"정부는 도시가스용 가스판매요금의 현실화 대신 원가상승분의 약 50%인 4,000억원을 하반기 지원할 예정이다.",NEUTRAL
빙과 제품의 전반적인 가격 인상으로 인해 빙과류의 ASP는 전년 동기 대비 약 33%가 상승하였다.,POSITIVE
"주요 원재료인 탈지분유, 원당, 전분당의 매출액 대비 비중이 약 15%이고 각 원재료의 가격 상승폭이 약 50~70%임을 고려할 때 33%의 평균 가격 인상은 롯데삼강의 수익성을 대폭 개선시킬 것으로 예상된다.",POSITIVE
"재건축, 재개발과 수도권의 비중이 높고, PF지급보증에 의한 민간개발 미분양 위험에서 비교적 자유로움. 미수금 문제로 건설사들의 차입금이 증가하고 있으나 현대건설만 지난 1년간 차입금 증가가 없었음에 주목할 필요가 있음.",POSITIVE
이러한 현재의 부정적인 환경하에서 SK의 목표가격과 투자의견을 유지하는 근거는 다음과 같다.,NEUTRAL
"화학 업체로서는 Valuation 수준이 다소 높지만 휴켐스가 1) 사업 리스크가 대단히 낮고, 2) 실적 개선이 빠른 속도로 진행되며, 3) 현금흐름이 우수하다는 측면을 고려한다면 이 정도의 프리미엄은 타당하다고 판단된다.",POSITIVE
비수기임에도 불구하고 2분기 영업이익 YoY 84% 증가한 154억원 기록할 전망 휴켐스의 영업이익은 전년 동기 대비 83.8% 급증한 154억원에 달할 전망이다.,POSITIVE
"LG마이크론에 대한 투자포인트는 1) 2008년 2분기 전체 매출액과 영업이익은 2,264억원, 223억원으로 추정된다.",POSITIVE
"Clarkson에 따르면, 현재 수주잔고로 2007년 2 월 Petrobras가 발주한 Suezmax Tanker 10척을 보유하고 있다.",NEUTRAL
아직은 한세실업의 매수 타이밍을 고민하기보다 주가가 더 빠지지는 않을지를 고민하는 이가 더 많을 것으로 보인다.,NEGATIVE
"한세실업의 실적 부진에 대한 우려는 현주가에 선반영 되어 있는 것으로 보이며, 3Q16 실적을 바닥으로 점진적인 실적 개선세가 예상되어 실적시즌 이후 다시 관심이 필요하다.",POSITIVE
Action우려가 커지만 매수: 3Q16이후 김영란법 통과에 따른 인삼공사의 매출 타격이 발생할 수 있으나 영업실적에 미치는 영향은 미미할 것이다(연결 매출의 4~5%수준). 1Q 과도한 기대감으로 부담스러운 수준까지 상승했던 Valuation이 2Q16~3Q16 실적 정상화로 상당폭 완화됐다.,NEUTRAL
"선진 RE 시장의 수요 증가율이 1% 전후로 낮은 상황이고, 원재료 투입단가나 시장 수요/공급 상황이 판가 상승을 용인할 만한 상황도 아니기 때문이다.",NEUTRAL
"일시적인 매출 차질 및 올해 수주목표 달성의 불확실성이 제기된 점은 확인 필요: 수리온 헬기는 06년에 개발을 완료하였고 10년에 1차 양산 24대를 시작했으며, 13년에 2차 양산 60대를 계약한 후 현재까지 54대가 납품된 것으로 파악된다.",NEUTRAL
"주력 제품의 마진하락으로 단기적인 모멘텀은 부족한 편인데, 자회사 상장을 통한 투자자금 확보와 신제품 출시 등을 감안하여 중장기 관점으로 접근할 필요가 있다.",NEGATIVE
"하지만, 주가와 Valuation은 지속되는 실적 부진을 반영해 왔고, 멕시코/서산 공장의 적자 축소와 흑자 전환을 기반으로 실적이 3분기를 저점으로 개선될 것이기 때문에 실적발표 전후로 매수시점을 조율해야 한다는 판단이다.",POSITIVE
올해 현재까진 수주가 전무하지만 올해 연간으로는 조선업종 내 최대 신규수주결실 기대: 최대 악재인 수주 부진에 따른 수주잔고 급감상태가 10월부터 반전될 전망이다.,POSITIVE
"전사적 경영효율화 및 대규모 자산 감액에 따른 고정비 부담 축소, 중대형 전지의 규모의 경제 확대에 힘입어 영업 실적이 우상향해 갈 것이라는 예측에서 벗어나고 있다.",POSITIVE
"1Q16 마케팅비는 페이코 52억원, 기타 82억원 등 134억원이었고 2Q16 마케팅비는 158억원으로서 1Q16 대비 24억원 정도 증가했는데 페이코 마케팅비는 42억원으로서 1Q16보다 더 감소했었다.",NEUTRAL
"한편 카자흐스탄 발하쉬(Balkhash) 석탄화력 진행 취소로 상사부문에 실적 불확실성 요인이 발생했으나, 기 설정한 공사손실충당금(1,500억규모)과 풋옵션 행사를 고려시 실적 영향은 제한적이라 판단한다.",NEUTRAL
"관련 소송이 불확실성 요인이기는 하지만, 만도의 ABS/ESC 독자화가 20년 가까이 진행되면서 독자 기술을 많이 보유하고 있어 침해 여부를 예단하기 어렵고, 특허 침해의 입증까지도 2년 이상의 시일이 소요된다는 점에서 당장 실적/수주에 우려를 가질 필요는 없다.",NEUTRAL
경쟁사 우려는 과도하다고 판단 티씨케이의 주가는 2016년 4월 대규모 증설 발표 후 가치를 반영하는 듯 했지만 현재는 2016년 4월27일 고점대비 20%-30% 낮은 가격에 거래되고 있다.,NEUTRAL
"현대차의 신흥국 판매도 3분기 7% (YoY) 감소로 상반기 16% (YoY) 감소 대비 감소폭이 작아졌고, 전년 4분기의 낮은 기저와 수요 회복, 그리고 러시아/브라질 등에서의 신차 투입 등을 감안할 때 추가적으로 개선되는 흐름을 보일 전망이다.",POSITIVE
"기아차 3분기 실적은 내수판매 감소와 노조파업 여파 등으로 당초 기대치를 하회할 것이나, 월별 출하대수를 통해 충분히 예측되었던 내용이라 추가적인 주가 하락요인은 아니라는 판단이다.",NEUTRAL
"환율 하락으로 판매보증충당금이 줄어드는 효과가 있으나, 파업에 따른 가동률 하락과 부정적 Mix 효과, 그리고 인센티브 증가 등이 기아차의 3분기 영업이익에 더 큰 영향을 주기 때문이다.",NEGATIVE
16.4Q 스프레드 축소 가능성? 판가 인상이 관건!16.2Q 톤당 $90대를 기록하던 강점탄 가격이 최근 $200 넘나들며 고로사들의 16.4Q 생산원가에 대한 압박 심화 및 수익성 악화 가능성은 더욱 확대되고 있다.,NEGATIVE
"또한, 2분기 말 기준 669명이었던 직원수가 3분기 들어 730명까지 확대되었고, 모바일 관련 RD 투자 비용이 증가한 점도 실리콘웍스 수익성 악화의 주요 원인으로 작용했다.",NEGATIVE
중국 조선업 붕괴로 인해 수주경쟁은 한국 중심의 제한된 경쟁으로 전개되고 있으며 기술진화로 인한 부품 및 선박 자재에서의 변화가 선박 가격에 영향을 미치고 있다는 것으로도 해석할 수 있다.,NEGATIVE
대규모 리콜 비용이 발생했음에도 불구하고 삼성전자 영업이익이 시장 기대 수준을 상회했다는 것은 결국 상당히 적극적인 비용절감과 효율화의 덕분인 것으로 해석된다.,POSITIVE
"1) 실질적으로 법정관리 하에서 추가 지원은 배임의 소지가 있고, 2) 최근(10월 4일) 경영진 국정감사에서 한진해운에 대한 추가 지원 불가 입장을 다시 한번 밝힌바 있기 때문이다.",NEGATIVE
"그러나, 1) 하반기부터 성장을 위한 비용이 증가하면서 전년 메르스 기저에도 영업이익 증가율은 32%에 불과하고, 2) 2017년에는 감익이 예상되며, 3) 마카오 대비 약 27% 할인 받는 상대적 매력에도 ‘16년/’17년 예상 P/E가 각각 20배/32배로 절대적인 밸류에이션이 낮지 않아 부진한 주가 흐름이 지속되고 있다.",NEUTRAL
"여기에는 450~500만대에 달하는 리콜비용 및 재고폐기손실, S7엣지 교환 비용, 이통사 패널티 등이 모두 포함된 것으로 갤럭시노트7의 부정적인 영향을 3Q16에 끝내겠다는 의지로 풀이된다.",NEGATIVE
논란을 야기했던 물류사업 분할 이슈가 오히려 지연되면서 변동성 요인이 줄어들었고 아직 차세대 성장동력에 대해선 시장의 확신이 부족한 상태로 주가 상승 모멘텀은 크지 않다.,NEUTRAL
"삼성SDS는 그렇다고 주가가 크게 하락할 가능성도 적은데, 컨센서스에 부합하는 양호한 실적이 당분간 이어질 것이고 지배구조 관점을 떠나서 사업적인 관점만 놓고 보더라도 현 주가는 설명이 되기 때문이다.",NEUTRAL
"4Q16 Preview: 4분기 연결 매출액은 1,213억원(+14.9% YoY, -1.9% QoQ, SK에어가스 매출액 100억원), 영업이익 421억원(+16.3% YoY, +3.5% QoQ, SK에어가스 영업이익 22억원)를 기록할 것으로 예상된다.",NEUTRAL
"기초소재는 납사 하락에 따른 (-)lagging효과 600억원, 엔화/원화 강세에 따른 악영향 700억원 등이 반영되며 2Q 대비 약세를 보였지만, 15년 대비 이익률 개선 추이는 지속되고 있다.",NEUTRAL
"한화건설 사우디 프로젝트의 손실 반영 이연이 다소 아쉬우나, 이미 시장에 잘 알려진 이슈로 손실 반영시 불확실성 해소라는 긍정적 측면이 보다 크다 판단한다.",POSITIVE
"쌍용차 3분기 판매대수가 3.7만대로 전년동기비 8.9% 성장했으나 ASP는 개별소비세 환원으로 내수 비중이 축소되면서 3.8% 하락했고, 원/달러 환율도 4.3% 하락(수출비중 37% 감안시 1.6% 하락 기여)했기 때문이다.",NEGATIVE
"경쟁심화와 단기 성장 동력 부재 2분기 리뷰에서 언급했듯이, 투어 부문의 경쟁 심화로 프로모션 비용 대비 의미 있는 거래 총액 성장이 나오지 못했다.",NEGATIVE
"건물관리부문은 매분기 2자리수 성장을 이어오다가 3분기는 기대치에 미치지 못했지만, 비관계사 수주 확대와 예산집행에 따른 계절적 요인에 따라 4분기에는 회복될 것으로 전망돼 일시적인 부진으로 판단된다.",NEUTRAL
"3Q16는 주요 거점지역(중국/유럽/북미)의 대행물량 감소 및 환율(파운드 약세) 영향 등이 맞물리며, 10년 연결실적 반영 이래 첫 역성장(YoY)임을 상기하자. 4Q16도 기대치에 못 미칠 ‘Organic Growth’(+2.6%YoY)는 실적 개선에 부담 요인으로 작용할 전망이다.",NEGATIVE
작년 대비 완성차 신차가 적어 개발비용 보전도 줄면서 원가율이 상승했다(2016년 상반기 원가율은 88.1%(+5.2%p (YoY)). 3개월 정도의 보전 시차와 하반기 신차 등을 고려할 때 하반기 원가율은 다소 하락할 것으로 예상된다.,NEGATIVE
"3Q 수요 공백에 따른 태양광 제품 가격들의 급락이 이어졌고, 중국 국경절 이후 셀/모듈 공장 가동으로 가격 반등(10/26, $13.6/kg)이 나타나고 있지만, 결국 수요 부진으로 상반기 수준의 가격 상승 rally가능성은 낮을 것으로 판단된다.",NEGATIVE
"그룹 내 물량 확대를 위한 노력으로 운임이 낮아진 점도 있지만, 한진해운 법정관리로 추가 비용 부담이 높아지면서 하반기 실적이 예상보다 부진할 전망이다.",NEGATIVE
현대미포조선은 휴가 등으로 조업일수가 지난해보다 많이 줄어들면서 올해 3분기 매출실적과 영업이익 규모는 전분기보다 크게 줄어들었지만,NEGATIVE
"향후 실적 추정치, 크게 변할 요인 미발견: 3Q16 KT&G의 실적은 대체로 예상치에 부합했고 미세 조정은 있겠으나 17년 이익추정치를 크게 변동시킬 요인은 없다.",NEUTRAL
"360억원 규모의 NPL매각이 지연되어 60억원 가량의 대출채권 매각이익 시현이 4분기로 이월되었고, DGB생명이 4분기에 인식할 변액보험 보증준비금 49억원을 미리 적립한 것을 고려하면 3Q16 실제 순이익은 800억원 가량이었던 것으로 분석된다.",NEUTRAL
"3분기 대형건설사의 실적에서는 공통점을 발견할 수 있는데 ① 매출액이 시장기대치를 밑돌았으나, ② 영업이익은 시장 기대치를 충족하거나, 상회했고 ③ 세전이익은 시장기대치를 하회했다는 점이다.",NEUTRAL
"연결 매출액은 중국 약가 규제에 따른 북경한미의 매출 감소영향으로 예상치를 하회하는 실적을 보였으나, 판관비를 전년동기대비 25.6% 감축할 정도로 통제를 한 덕분에 시장 기대치에 부합하는 영업이익을 달성했다.",NEGATIVE
2) MC사업부는 다방면의 고정비 절감 노력을 통해 적자폭을 2016년 1.17조원에서 2017년 0.74조원으로 축소시킬 것으로 전망된다.,POSITIVE
"4분기 Flagship 공백에 따른 Mix 악화 불가피 4분기는 주고객사 Flagship 모델 공백에 따라 제품별 Mix 악화가 불가피하고, 계절적 재고조정 영향이 더해질 것이다.",NEGATIVE
"다만, [애니팡3] 히트 수준이 예상에 못 미치고 있는 점을 감안하여 4Q16 실적 전망치는 종전 전망치(매출 336억원, OP 115억원) 대비 매출은 13.7%, 영업이익은 18.3% 하향하였다.",NEGATIVE
"실적 부진의 원인은 유가 하락(Dubai 6월 평균 $46.3→9월 $43.4)에 따른 (-)lagging 효과, 정제마진 부진, 정기보수 영향으로 정유 부문이 919억원의 영업이익을 시현하면서 당초 추정치를 하회했기 때문이다.",NEGATIVE
"Comment 4Q 비수기지만, 이익 둔화 폭은 크지 않다: 4Q 영업이익은 5,101억원으로 화학의 전통적인 비수기/동절기 LPG 강세→납사의 유가 대비 강세 전환에 따른 spread 축소로 3Q 대비 이익 하락이 불가피하다.",NEGATIVE
"코웨이 리콜 이후 단기적 해약률 회복에서 중단기적 판매량 강화 전망 리콜 대상 10만 4천 계정 중 98%는 처리를 완료했으며, 이 가운데 76%는 계정을 유지했다.",POSITIVE
"코웨이는 비록 리콜 영향으로 3분기 전사적인 해약률 상승과 계정 감소는 불가피했지만 해약률은 7월 1.96%, 8월 1.42%, 9월 1.2%로 하향 안정화 추세를 보여 왔다.",POSITIVE
"다만 한국타이어의 전분기비 이익률은 다소 축소될 것으로 전망되는데 이는 4분기 대덕단지내 R&D센터인 테크노돔 구축, 미국공장 생산가동 등에 따른 상각비 반영이 예상되기 때문이다.",NEGATIVE
"한국타이어 측의 연초 2016년 실적 가이던스는 매출액 7.07조원(+10.0% yoy)과 영업이익 9,544억원(+7.8% yoy), 영업이익률 13.5%(-0.3%p yoy)인데 매출액은 가이던스보다 낮을 것으로 보인다.",NEGATIVE
"고마진 시현의 핵심은 중국, 더 이상의 기대를 하기에는 버거운 상태 금번 실적의 고마진 발생 원인을 파악해보면, 결국 중국 OE판매의 급격한 증가에 그 원인이 있는 것으로 판단된다.",POSITIVE
"다만, 외환손실, M&A 등으로 영업외 비용이 증가하였고 관계기업 중 CJ International Asia(곡물사업)에서 투자한 파생상품 손실로 129억원을 지분법손실로 인식, 순이익은 6억원(-96.6%YoY)에 그쳤다.",NEGATIVE
"판가 하락 및 원화 강세 영향으로 매출액이 소폭 감소했지만, 판매 Mix 개선 및 전년 동기 대비 감소한 판관비 등으로 인해 2Q16에 이어 타이어 업종 내 차별화된 실적을 이어갔다.",NEUTRAL
"스왑 시나리오의 경우 IT서비스 사업 양도시 상증세법 평가로 인해 시장 기대치를 하회하는 가치 평가 가능성이 높고, 적정가치 평가에 대한 논란이 불거질 여지가 충분하기 때문이다.",NEUTRAL
한국자산신탁의 지난 2분기 실적에는 영업비용 중 의정부 사업 관련 기타의 영업비용 항목으로 20억원 규모가 반영이 되며 부진했다.,NEGATIVE
"수익성 하락은 ①단납기 오더 증가에 의한 생산성 하락(전방 수요 불안 → 바이어 재고조정을 위한 반응 생산 확대 → OEM업체 단납기 오더 증가 → 리드타임 맞추기 위한 초과근무 증가로 인건비 상승, 생산러쉬에 따른 무형 비용 상승 등), ②마진 스퀴즈, ③부정적 환 효과(원달러 환율 YoY -4%) 등이 복합적으로 작용한 것으로 분석한다.",NEUTRAL
"우려감을 모두 반영한 주가: 17년 영업이익을 9.6% 하향했고, 최근 국내 화장품 기업들의 밸류에이션이 3년 전 수준으로 회귀하는 추세임을 감안하여 FW12개월 기준 Target P/E 20배(로드샵 평균)로 하향 적용한 목표주가 3만원을 제시한다.",NEGATIVE
다만 모바일 부문 판촉 비용 지출과 계약이 확정되지 않은 채널의 송출수수료를 보수적 회계 처리함에 따라 영업이익은 전년동기대비 소폭 감소한 모습을 보였다.,NEGATIVE
컴투스 3Q16 영업이익이 전분기 대비 15.4% 감소한 것은 매출은 전분기 대비 6.7% 감소했음에도 영업비용은 서머너즈워 호문쿨루스 업데이트 후 북미/유럽 레벨업 마케팅 실시에 따른 마케팅비 증가 등으로 인해 전분기 대비 소폭 감소에 그쳤기 때문이다.,NEGATIVE
"다만 잇츠스킨의 성장률은 3Q16보다 둔화될 것으로 보이는데 이유는 면세점에서의 기저효과 소멸, 중국 따이공들의 수요 둔화가 수출대행 부진으로 이어질 가능성을 배제할 수 없기 때문이다.",NEGATIVE
게임빌은 서비스하고 있는 게임 중 자체개발 비중이 낮아 로열티 지급액과 마켓 지급수수료 등의 변동비 부담이 큰 만큼 3분기처럼 매출이 감소할 경우 이익감소가 두드러지게 보인다는 점도 부담스럽다.,NEGATIVE
"다만 게임빌 적정주가는 보수적인 시장의 컨센서스에 따른 프리미엄 하락 및 과도한 주가 하락에 따른 현주가 수준과의 괴리율 등을 고려해 140,000원에서 94,000원으로 하향 조정한다.",NEGATIVE
"컴투스에 대해서는 3분기 실적 및 길게 봐야 할 듯한 신규라인업 성과 등을 반영해 이익추정치를 하향조정 했으며, 성장에 대한 판단 역시 긴 호흡으로 접근해야 한다는 점에서 프리미엄도 축소될 것으로 판단된다.",NEGATIVE
게임빌은 예상보다 낮은 실적을 기록하였고 관계사와 관련된 지분법이익도 감소하였다.,NEGATIVE
기대 신작들의 출시가 예정되어 있고 업데이트가 진행됨에 따라 기존 게임들의 매출도 회복할 것으로 전망되기 때문에 게임빌의 이번 실적 부진은 일시적으로 판단된다.,POSITIVE
하지만 빅뱅 공백으로 인한 내년 실적 역성장이 주가에 지속 부담 요인으로 작용할 것으로 보임에 따라 현 시점에서 더 높은 밸류에이션을 적용 하기에는 무리가 있다고 판단된다.,NEGATIVE
로열티매출 역시 151억원(+352.9%YoY)을 기록해 추정치를 22억원 상회했으며 로열티매출의 대부분을 차지하고 있는 빅뱅 일본 팬미팅(27만명)의 원가율이 예상보다 더 낮았을 것으로 추정하고 있다.,NEGATIVE
"2) 할인점은 지난 2분기 일회성(퇴직충당금 50억원, 온라인물류센터관련 25억원) 영향이 있었으며 3분기에도 특화샵 리뉴얼 12점 진행 및 옥시사태 여파로 화학제품 관련 생활용품 부진으로 기존점이 2.4% 감소했다.",NEGATIVE
"LF의 현 주가는 12MF PER 10.5배로 낮은 밸류에이션, 국내 패션 업체 가운데 높은 시가배당수익률(2.3% 수준), 수익성 개선 감안 시 트레이딩 바이 유효 구간으로 판단한다.",POSITIVE
"한세실업은 매출 부진에 따른 생산법인 고정비 부담 가중, 오더 유치를 위한 벤더간의 경쟁 심화에서 기인한 ASP 하락이 원가율 상승을 가져온 것으로 판단한다.",NEGATIVE
"현대기아차가 16년 임금협상을 종료하며 가동을 정상화하고 환율 환경 역시 3분기 대비 우호적이어서 현대기아차의 4Q16 영업이익은 168억원(흑자전환YoY, +96.8% QoQ)으로 개선될 전망이다.",POSITIVE
"마이스터 사업부는 비주력 사업의 축소로 매출액은 1% (YoY) 증가에 그쳤지만, 비용 효율화와 전년 낮은 기저(재고자산평가충당금 비용 40억원, 실질 이익률은 2.8%)를 통해 영업이익률은 3.9%(+3.2%p (YoY))로 상승했다.",POSITIVE
계절적 비수기 돌입과 연휴에 따른 조업일수 감소 영향으로 철근 판매량이 전분기 대비 4.7% 감소한 25.4만톤(YoY -4.7%)을 기록하며 가동률 하락에 따른 고정비 확대 효과가 예상보다 컸던 것으로 판단된다.,NEGATIVE
"중국 지역은 위안화 약세로 인해, 매출이 전년동기 대비 -6.5% 감소하였다(위안화 기준 2.3% 성장).",NEGATIVE
"녹십자 측은 제품의 유효성 및 안전성에 대한 문제 제기는 없었다고 설명했으며, 보완자료를 준비를 위한 오창A공장의 시험생산과 재승인 신청 일정을 조율중인 것으로 밝혔다.",NEUTRAL
"연내 허가는 무산, 두 번째 시도는 성공할 것: CRL의 의미는, FDA가 신청서에 대한 최초 검토를 완료했고, 제출된 자료를 바탕으로는 허가해줄 수 없다는 뜻이다.",NEUTRAL
녹십자 투자 매력 여전: 허가가 완전 무산될 위험요인이 아니기 때문에 장기적 성장성은 유효하다.,POSITIVE
"2016년 이후 연간 실적 전망치 하향. 주력게임 감소세 구조적, 신작 기대감 부족 애니팡2, 상하이 애니팡, 애니팡 맞고, 애니팡 사천성, 애니팡 포커, 애니팡3 등 주력게임의 순위 하락 및 매출 감소세는 예상보다 강하게 진행되고 있을 뿐만 아니라 구조적인 현상이라 판단된다.",NEGATIVE
"부문별 영업 현황: 3Q16 라이신 매출은 560억원, 영업이익은 30억원 가량 적자를 기록한 것으로 파악된다(누적기준 매출 1,500억원, 영업이익 BEP추정).",NEGATIVE
"단기적으로 마진 하락에 대한 우려가 주가의 상승을 제약할 수 있지만, 신규 성장 동력인 미국 공장의 본격 양산이 내년 2분기 이후라는 점을 감안할 때 중장기 상승여력은 여전히 충분하다.",POSITIVE
"17년 OLED 사업부의 실적은 매출액 1.4조원(+49%YoY), 영업적자 3,110억원으로 16년 영업적자 3,800억원 대비 감소할 것이다.",POSITIVE
"그런가 하면 재료비 원가 부담으로 인해 듀얼 카메라가 채택되지 않을 가능성이 제기되고 있고, 이 경우 삼성전기 듀얼 카메라의 사업화속도가 늦춰질 것이다.",NEGATIVE
"13년 5월에 본사 공장 화재로 수주 대응이 불안정해지면서 12년 대비 13~14년 매출이 600억원 대에서 정체되었으나, 이듬해 극복하여 15년 매출 991억원(+29.7%YoY), 영업이익 64억원(+156.2%YoY), 순이익 50억원(+270.9%YoY)을 기록하며 사고 전 목표치를 무난하게 회복했다.",NEGATIVE
"하지만 맥쿼리인프라는 MRG 미지급 및 소송 등 주무관청 리스크를 해소했고, 연체이자를 포함한 미지급이자 1,045억원 및 사업재구조화합의금 361억원을 지급받을 수 있게 됐다.",POSITIVE
"다만 농심은 1) 일부 물량 저항, 2) 신제품 판촉비 확대 등으로 인해, 매출 증가액의 일부만 영업이익 증가액으로 이어질 것으로 판단된다.",NEUTRAL
락앤락은 매출 확대에 따른 고정비 부담 완화로 영업이익률은 13%(YoY 1%p)까지 개선될 것으로 예상한다.,POSITIVE
"롯데마트는 매출 저하에 따른 판관비 부담 증가로 영업이익률 개선을 기대하기 어렵게 되었다(OPM 2.6%, 전년도와 동일). 판관비는 온라인 매출 비중 상승 지급수수료 증가 이외 특별한 일회성 비용은 없을 것으로 보인다.",NEGATIVE
휴켐스가 암모니아 플랜트를 본격 가동하는 2019~2020년에는 신증설 감소로 암모니아 가격의 반등이 전망되는 등 동사는 중장기적 성장세를 이어갈 전망이다.,POSITIVE
4Q16 Preview: 영업이익률 5.7% 전망4분기 실적은 미실현재고 비용/판매보증충당금/인센티브 증가 등으로 시장 기대치에 미달할 것으로 보인다(영업이익 기준 -10%). 4분기 출하/판매대수는 각각 138.2만대/130.3만대로 전년 동기대비 3%/1% 감소하였다.,NEUTRAL
"향후 환율, 가의 상승 리스크가 있지만 그 폭이 제한적일 것으로 예상되며 여객 수요는 17년에도 견조할 것으로 전망한다.",POSITIVE
"주가는 바닥, 실적 추세 확인 필요: 한세실업은 4Q16~1Q17 실적이 생각보다 부진할 것으로 예상되어 분기실적 체크 전까지 보수적인 투자관점을 유지하는 것이 나을 것으로 판단된다.",NEGATIVE
"다만, 택배 부문은 물동량 증가에도 곤지암 터미날 개장, 서브 터미널 자동화 설비 등 Capa 확장 완료 이전까지 이익률 개선 효과는 제한적일 것으로 예상한다.",NEGATIVE
"그 이유는 이미 2010, 2014년에 조단위 손실을 기 반영했고, 말련, 싱가폴 등 동남아 건축현장의 손실도 2016년 회기 중 인식하고 있으며 추가로 악재가 나올 대형현장은 수주부족에 의해서 없기 때문이다.",NEUTRAL
2016년과 같은 SK플래닛의 대규모 적자를 용인하긴 현실적으로 어렵다는 판단이며 현재의 마케팅비용 증대에 따른 M/S 확대 전략에서 탈피해 MA를 통한 성장 전략을 병행할 가능성이 높아 보인다.,NEGATIVE
"강원랜드에 대한 기존 추정치(매출액 4,269억원, 영업이익 1,336억원)보다는 하회하는 것인데 이유는 우선 4Q16 기온이 평년보다 높아 방문객수 성장률이 당초 예상했던 +2.4%YoY를 하회하는 +1.2%YoY에 그칠 것으로 예상된다.",NEGATIVE
"넥센타이어의 영업이익률은 1.3%p (YoY) 하락할 전망인데, UHP 비중 상승에 따른 Mix 개선에도 불구하고 전년 동기대비 인건비/광고선전비 증가가 이어지고 천연/합성고무 등 주요 원재료들의 투입단가도 상승하면서 수익성에 부정적인 영향을 줄 것이다.",NEGATIVE
"4월 파라다이스 씨티 개장으로 시장점유율이 하락할 것임을 감안할 때 매출은 다소 높게 책정되었지만, 비용 역시 충분히 공격적으로 감안되었기 때문에 영업이익은 충분히 달성 가능한 수준으로 판단한다.",NEUTRAL
대규모 콘서트의 부재와 EDM 관련 적자가 SM의 실적에 부정적인 영향을 미친 것으로 추정된다.,NEGATIVE
BGF리테일은 1) 벨류에이션 적정성에 대한 부담으로 인해 15년 하반기 주가가 큰 폭으로 조정 받았었고 16년 2월과 9월에는 각각 2) 골프장 인수와 3) 대주주 지분 매각 등으로 주가는 큰 폭 하락하였다.,NEGATIVE
"2017년 성장과 수익개선 여력 약화, 불확실성 확대 예상 기아차의 경우 2017년에는 중대형차, SUV, RV 판매 강세를 통한 매출액 성장과 수익개선 효과가 전반적으로 약화될 전망이다.",NEGATIVE
원재료 가격 상승이 타이어 마진 압박 예상,NEGATIVE
최근 약세를 시현했던 PE/PP는 11월 초 인도의 화폐개혁에 따른 인도 수요 감소의 영향이 컸던 것으로 판단하며 점진적인 회복세를 시현할 것으로 예상한다.,POSITIVE
"1Q17는 수요 비수기 진입에 따른 출하량 감소, 2Q17부터는 'TV Set업체의 LCD패널 원가 부담'과 '중국의 LCD패널 공급 증가' 영향에 따른 TV 패널의 가격 하락이 예상되기 때문이다.",NEGATIVE
아프리카TV의 BJ 이탈 이슈는 일단락된 것으로 보이며 이에 따른 재무적 영향은 미미한 수준으로 파악된다.,NEUTRAL
"연결 매출액과 영업이익은 브라질 CSP 등 E&C 부문의 부실 자산 손실 계상 등에 따라 각각 15.0조원(+8.0% YoY, +17.8% QoQ), 4,796억원(+40.8% YoY, -53.6% QoQ)을 기록하였다.",NEGATIVE
전년동기 대비 -13.6%인 것은 4Q15 희망퇴직 비용 200억원의 비용이 반영되었으나 삼성차 손실보상 관련 잔여금 배분액 450억원이 유입되어 일회적인 이익이 비용보다 컸던 역기저효과 때문이다.,NEUTRAL
MC 매출액이 15%QoQ 증가했음에도 불구하고 영업적자가 확대되었음을 보면 사업구조 개선활동에 수반되는 비용이 매우 컸음이 짐작되며 17년 MC 손실 축소의 시발점이 될 수 있다.,NEGATIVE
"지나간 악재보다는 2017년 철강 제품가격 인상과 함께 계열사 수익성 개선을 중시: 1Q17에 원가 상승분 전부를 제품가격 인상으로 반영시키기는 쉽지 않겠지만, 적어도 4Q16보다는 철강부문 수익성은 개선될 것이다.",POSITIVE
HE 사업부는 패널 가격 강세로 인해 수익성에 대한 우려가 큰 상태이다.,NEGATIVE
기아차는 11월 초까지 이어진 파업 장기화와 기말환율 급등으로 인해 각각 일회성 요인임에도 불구하고 상당한 수준의 타격이 있었다.,NEGATIVE
"다만 우려되는 점은 미국시장에서의 인센티브와 재고일수의 증가인데, 4Q16에 특히 인센티브 비용이 전분기 대비 증가한 모습을 나타냈기 때문에 당분간 주의깊게 살펴볼 필요가 있어 보인다.",NEGATIVE
하나투어는 단거리 노선 중심의 볼륨성장의 영향으로 ASP가 전년대비 14.2% 하락하였다.,NEGATIVE
하지만 경영전략 변화 우려 지속으로 주가 상승 제한될 듯 현재 KT 주가 상승의 가장 큰 걸림돌로는 안정적 경영을 유지시켜 줄만한 제도적 장치가 존재하지 않으며 만약 경영진이 교체될 경우 KT의 경영전략 변화 가능성이 커 투자자 입장에서 부담이 크다는 점을 들 수 있다.,NEGATIVE
"다만, 하나투어의 주가는 이를 다소 빠르게 반영하면서 ‘17년 기준 P/E 27배로 부담스러운 상황이다.",NEGATIVE
영업이익이 시장 기대보다 부진한 이유는 수리온 지체배상금 관련 충당금이 373억원 설정되었기 때문.,NEGATIVE
"추정치 대비 실적이 부진했던 이유는 재고평가이익이 900억원 반영되면서 예상치 1,300억원을 하회했으며, RFCC 정기보수에 따른 프로필렌 판매물량 감소로 화학 실적이 부진했기 때문이다.",NEGATIVE
"1Q 영업이익 4,068억원 예상, 17년 실적은 16년과 유사할 것: 1Q 영업이익은 4,068억원으로 16.11월 이후 유가 상승 효과가 제거되면서 정유 부문의 QoQ 감익이 예상된다.",NEGATIVE
역마진 상황에서 역내 고무 업체들의 가동률 조정이 나타나고 있기에 고무 시황은 1Q를 저점으로 점진적인 개선세가 예상된다.,POSITIVE
그 동안의 NCC up-cycle을 지탱해온 PE spread가 12월 이후 약세를 시현하고 있는 점이 시장의 우려이다.,NEGATIVE
"순이익 역시 813억원 적자를 기록하였는데, 이는 중단사업(패션 및 면세) 관련 손실 영향으로 판단되며, 향후 추가 발생 가능성이 제한적이기에 일회성 요인으로 판단된다.",NEGATIVE
2016년 기준 누적계정은 5.7만명이지만 정수기 렌탈 사업의 특성상 초기 5년간은 자본투자비 대비 손익 개선에는 더딘 구조를 가지고 있기 때문에 이번 손상차손은 정상적인 영업 과정에 있는 것으로 판단된다.,NEUTRAL
"오너의 경제력과 회생시키려는 의지로 파산 가능성은 희박하지만, 이런 메이저 경쟁사가 퇴출될 경우 시추선 운영시장은 보다 빠른 구조조정과 안정세를 찾을 것으로 판단된다.",POSITIVE
한미약품에 대해서는 17년 기술료 유입규모가 축소되고 임상진행에 따른 R&D비용이 증가하여 적자전환 할 것으로 전망했다.,NEGATIVE
"일회적 이익 반영된 역기저 효과가 부담: 2016년 비자카드 주식 매각이익이 2,056억원, 이연법인세차 인식 3,530억원 등 일회적 이익의 기여가 컸다는 점이 부담이다.",NEUTRAL
기대치를 하회한 특수강 스프레드 개선(판매가 +1.7만원 vs. 철스크랩 가격 +1.4만원)의 영향으로 컨센서스를 하회한 것으로 판단된다.,NEGATIVE
"CJ제일제당은 HMR 신제품 출시에 따른 전략성 경비 집행, 소재부문에서 원당 가격 상승에 대한 제품 판가 전이가 지연 및 유지 시장의 경쟁 심화로 수익성이 부진했다.",NEGATIVE
"삼성증권은 개인투자자들의 글로벌 투자열기에 발맞춰, 보다 쉽게 해외시장에 접근할 수 있도록 올 한해동안 해외주식 관련 장기 이벤트를 진행 중이다.",NEUTRAL
위메이드는 자체 코인인 '위믹스'를 발행하면서 일찌감치 인게임과 현실을 넘나드는 경제시스템을 구축했다.,NEUTRAL
"이어 ""P2E를 향한 패러다임 전환에서 위메이드가 앞서고는 있으나 위메이드가 혼자 만든 것은 아니고, 위메이드가 아니면 안 되는 것도 아니다""라면서 ""게임의 흐름은 누구도 어느 회사도 막을 수 없으며 그 흐름을 어떻게 양질의 성장으로 만드는지가 과제""라고 말했다.",NEUTRAL
장 대표는 이날 위메이드에서 발행중인 가상화폐 위믹스의 세계 50대 거래소 상장 추진 계획도 밝혔다.,NEUTRAL
"이날 개원식에는 김현수 하나은행 대구경북영업본부 지역대표, 김주수 의성군수 등이 참석해 개원을 축하하고 보육 교직원을 격려하는 시간을 가졌다.",NEUTRAL
교촌에프앤비 관계자는 “누적된 비용 상승 부담으로 가맹점 수익성 개선이 절실한 상황에서 더 이상 가격 조정 시기를 늦출 수 없었다”며 “고객 여러분께 더 나은 품질과 서비스로 보답할 것”이라고 말했다.,NEGATIVE
솔로몬 CEO 역시 코로나19 사태가 마무리된다면 과하게 풀린 유동성을 잠그기 위해 각국 정부는 금리를 올릴 것이라고 관측했다.,NEUTRAL
이날 행사에서 미래 10년 스타트업 생태계 활성화를 위한 포스코의 의지를 담은 'Good To Great'비전도 선포했다.,NEUTRAL
"포스코는 IMP를 통해 지난 10년간 유망 벤처기업 411개를 선발했으며, 132개사에 215억원을 직접 투자했다.",NEUTRAL
"이 중 53여개 기업은 민간 투자 주도형 기술 창업 지원프로그램인 'TIPS'로 연계해 지속적인 투자가 이어질 수 있도록 지원했으며, 포스코가 투자한 벤처 기업들의 가치가 현재 2조원에 달하는 등 IMP는 명실공히 대한민국 대표 벤처기업 육성 프로그램으로 자리매김했다.",NEUTRAL
"향후 포스코는 IMP기업 선발부터 이차전지소재와 수소사업 확대 등 ‘친환경 소재 전문 메이커’로 전환하는 그룹사업구조에 발맞춰 ▲친환경 미래소재 ▲친환경 인프라 ▲Seed 사업군 중심으로 벤처기업을 선발?육성하고, 해외 진출도 적극 지원할 계획이다.",NEUTRAL
이를 통해 향후 10년 안에 글로벌 유니콘 기업과 나스닥 상장사 등을 배출해 포스코그룹의 미래성장동력으로 적극 육성해 나간다는 방침이다.,NEUTRAL
"한편 포스코는 벤처 생태계 활성화를 위해 전(全)주기 선순환 ‘벤처플랫폼’을 구축하고, 벤처기업들의 가치가 밸류업 될 수 있도록 창업보육 및 제품개발, 판로개척 등 사업화를 지원했으며, 국내 최초 액셀러레이터가 결성한 벤처투자조합(IMP펀드) 등 벤처펀드 조성을 통해 창업 초기부터 상장에 이르기까지 전주기에 걸쳐 투자해 오고 있다.",NEUTRAL
기업은행은 ‘영업점 방문예약 서비스’를 30여개 영업점을 대상으로 시범 운영 후 대상 영업점을 점차 확대할 예정이다.,NEUTRAL
"기업은행 관계자는 “이번 서비스 도입으로 고객님들께서 대기시간 없이 신속한 상담을 받을 수 있어 은행 이용이 한결 편리해질 것으로 기대된다”며, “앞으로 예약 서비스를 본부의 금융상담·컨설팅에도 활용해 나갈 것”이라고 밝혔다.",NEUTRAL
"김진영 SK온 배터리생산기술본부장은 ""에너지를 절감할 수 있는 공정 혁신을 지속해 친환경 배터리 제조사의 위상을 더욱 강화해 2035년 넷제로를 반드시 달성 하겠다""라고 강조했다.",NEUTRAL
무신사 스탠다드 홍대는 지난 5월 말 개점 이후 누적 방문객 42만 명을 넘어섰다.,NEUTRAL
무신사 스탠다드 홍대 관계자는 “큰 시험을 치르고 기대감 속에서 새 출발을 준비하는 수험생 여러분에게 조금이나마 즐거운 혜택을 드리기 위해 특별 이벤트를 준비했다”며 “많은 수험생의 방문이 예상되는 만큼 매장 방역에 더욱 심혈을 기울일 것”이라고 설명했다.,NEUTRAL
현대오일뱅크가 이번 열분해유를 도입한 배경은 폐플라스틱 처리가 세계적으로 문제가 되고 있기 때문이다.,NEUTRAL
"현대오일뱅크 중앙기술연구원은 물성 개선, 불순물 제거 등을 통해 다양한 열분해유 기반 석유 및 석유화학 제품 생산 방안을 연구 중이다.",NEUTRAL
현행법상 현대오일뱅크와 같은 석유정제업자는 폐플라스틱 열분해유를 공정의 원료로 사용할 수 없다.,NEUTRAL
"이에 현대오일뱅크는 올해 초 산업통상자원부 및 한국산업기술진흥원(KIAT)에 규제 샌드박스 제도를 신청했고, 9월 ‘실증을 위한 규제특례’를 승인 받았다.",POSITIVE
현대오일뱅크는 폐플라스틱 열분해유 투입을 친환경 제품 생산 과정으로 공식 인증 받기 위한 절차도 진행중이다.,NEUTRAL
"강달호 현대오일뱅크 대표는 ""국내 정유사 중 유일하게 보유중인 DCU(열분해공정)를 활용해 향후 연간 5만t 규모의 신규 폐플라스틱 열분해유 공장 설립도 검토중이다""고 밝혔다.",NEUTRAL
코빗 리서치는 월 1회 발송되며 마케팅 수신에 동의한 코빗 개인 고객뿐만 아니라 가상화폐 투자에 관심있는 기관투자자에게도 무료로 배포될 예정이다.,NEUTRAL
"코빗 리서치엔 비트코인 래퍼, 시카고상업거래소(CME)의 비트코인 선물 시장, 가상화폐 관련 펀드 운용자금 규모, 기관투자자 지원사업 현황 등 4가지 지표를 통한 시장 분석과 시사점이 담긴다.",NEUTRAL
오세진 코빗 대표는 “증권사 리포트 등 참고자료가 많은 주식시장과 달리 가상화폐 업계는 가이드로 삼을 자료가 거의 없는 게 현실”이라며 “글로벌 데이터를 체계적으로 분석한 코빗 리서치를 통해 믿을 수 있는 투자 파트너이자 차별화된 프리미엄 가상화폐 거래소로 자리매김 하겠다”고 밝혔다.,NEUTRAL
"이번 협약을 통해 롯데백화점은 공간 기획 및 콘텐츠 발굴, 마케팅 등에서 축적된 다양한 서비스 역량을 메타버스 영역에서 차별화된 콘텐츠로 활용할 수 있는 PoC를 추진한다.",NEUTRAL
"롯데백화점은 ""궁극적으로 소비자들이 오프라인 매장에 전시된 실제 상품이나 서비스 등을 메타버스 플랫폼에서 경험하고 구매할 수 있게 할 계획""이라고 말했다.",NEUTRAL
테일러시 독립교육구는 삼성 파운드리 공장의 재산세를 감면하는 방식으로 이 같은 인센티브를 지급하기로 했다.,POSITIVE
앞서 윌리엄슨 카운티와 테일러시는 지난 9월 공청회를 열고 향후 삼성전자에 대한 세제 혜택을 만장일치로 승인했다.,POSITIVE
앞서 삼성전자는 테일러시보다 먼저 올해 1월 오스틴 측에 세제 혜택을 신청했다.,NEUTRAL
최근에는 삼성전자가 매너 독립교육구에 제출한 인센티브 신청서가 텍사스 주정부 사이트에서 철회된 사실이 확인됐다.,NEGATIVE
"이에 대해 삼성전자 측은 ""복수의 투자지역을 놓고 여전히 검토 중이며 최종 투자지는 아직 확정되지 않았다""고 재차 입장을 밝혔다.",NEUTRAL
"삼성물산은 무보증 선급금 지원 외에도 안전관리비 100% 선지급, 근로자 작업중지권 보장을 위한 인센티브 확대제도를 소개했다.",NEUTRAL
"현대건설은 우수 협력사 대상 전략구매, 무재해 근무일당 안전 포인트 지급 등의 상생협력 제도를 설명했다.",NEUTRAL
"팹리스는 4차 산업혁명으로 시장 규모가 메모리반도체의 2배 이상이며, 수요도 크게 증가하고 있는 시스템반도체 분야에서 미래 먹거리 창출의 핵심으로 손꼽힌다.",POSITIVE
"중기부는 세계적인 반도체 공급난으로 혁신역량을 보유한 팹리스 창업기업들이 추기 투자비용이 높고, 안정적인 판로를 확보하지 못해 신기술을 개발 단계에서 주저 앉으면서 국내 기업 수가 2009년 200개 이상에서 올해 150여개로 감소한 것으로 추정했다.",NEGATIVE
그는 이런 투자로 쿠팡의 새벽배송과 쿠팡이츠 서비스 등 차별화된 고객 경험이 가능했으며 그 결과 고객 충성도와 친밀도를 향상시킬 수 있었다고 설명했다.,POSITIVE
"우리는 또 배송직원과 물류센터 직원을 직고용하고 업계 최초로 배송직원 건강관리 프로그램 쿠팡케어를 도입하는 등 업계를 선도하는 근무 환경을 자랑한다""고 설명했다.",NEUTRAL
투안 팸 쿠팡 CTO는 타운홀 연사로 나서 주로 3분기 경영 실적을 공유했다.,NEUTRAL
쿠팡의 3분기 매출은 작년 동기 대비 48% 성장해 46억 달러를 넘어섰다.,POSITIVE
"이에 대해 팸 CTO는 ""쿠팡은 지난 3년 동안 매년 70%의 평균 성장세를 기록하고 있으며, 활성 고객수는 15분기 연속 증가세를 보이고 있다""면서 ""이 같은 성과에도 불구하고 아직 쿠팡은 성장 초기 단계에 있으며 한국 이커머스 시장의 성장과 함께 더 큰 기회가 우리 앞에 놓여있다""고 말했다.",POSITIVE
"또, CDP는 글로벌 네트워킹을 바탕으로 전 세계에서 가장 많은 기후변화 정보를 수집하고 있으며 도시와 기업의 경영 전략 및 정책 조정, 투자 등에 관여하고 있는 전 세계적으로 가장 광범위하고 공신력있는 탄소정보공개 플랫폼이다.",NEUTRAL
"앞으로도 탄소중립 실현을 위한 국제사회에서 도봉구의 헌신에 크게 기대하고 있다”며 구는 기후변화 취약성에 대한 분석과 대응 사례를 비롯해 온실가스 데이터 관리 및 감축 실적, 지난 2020년 9월 선포된 “도봉구 온실가스 감축 전략”의 구체성 및 실행 가능성 등이 우수한 평가를 받은 것으로 자체 분석하고 있다.",POSITIVE
이와 함께 도봉구는 이번 CDP 평가와 별도로 실시되는 '2021년 글로벌 기후·에너지 시장협약(GCoM)' 협약당사자 평가에서도 기초자치단체로는 최초로 평가 전 항목에서 이행 배지(badge)를 획득하는 것을 목표로 하고 있다.,NEUTRAL
"시는 콘텐츠경쟁력지수 항목에서 높은 평가를 받으며 종합지수 81.98점, 종합등급 트리플에이(AAA)를 달성했다.",POSITIVE
"시는 블로그(네이버), 인스타그램, 페이스북, 유튜브 등 공식 SNS채널을 통해 다양한 시정 소식과 먹거리, 체험 프로그램 등을 SNS소비자인 시민과 관광객들에게 생생하고 알기 쉬운 카드뉴스방식으로 전달하고 있다.",NEUTRAL
스탠다드 코그니션은 인공지능(AI) 기반의 컴퓨터 비전 솔루션을 통해 무인 매장에서 자동결제가 가능한 기술을 갖고 있다.,NEUTRAL
BGF리테일 관계자는 “중장기적인 사업 연관성을 고려해 유망한 기술을 가진 해외기업에 선제적인 투자를 하는 개념”이라며 “추후 국내에 해당 기업의 기술을 도입할 수 있을지 여부에 대해 검토하고 있는 단계”라고 말했다.,NEUTRAL
"이 회사는 노르웨이 투자회사로 태양광이나 풍력, 수소, 이산화탄소 포집 등 재생애너지 사업과 관련한 회사에 투자하고 있다.",NEUTRAL
외국인 투자자는 오후 한때 순매수에 나서기도 했지만 다시 순매도로 돌아서면서 지수 하락을 부추겼다.,NEGATIVE
"코스피는 장 초반부터 약세를 보이다, 전날보다 0.51% 내린 2947.38에 장을 마쳤다.",NEGATIVE
불변의 대장주인 삼성전자는 장 초반 오름세를 나타내다 이내 하락하더니 기를 펴지 못했다.,NEGATIVE
"온라인동영상서비스(OTT) 업계의 성패는 정교한 추천 알고리즘 등 디지털 역량에 달린 만큼, 개인화 마케팅에 최적화된 현대카드의 데이터 사이언스 역량을 높이 평가한 것이라는 해석이다.",POSITIVE
"현대차는 ""주주가치 제고 노력의 일환으로 자사주 매입을 추진한다""며 ""보유 자사주는 중장기적 관점에서 주주 환원 정책 강화를 위해 활용할 방침""이라고 설명했다.",POSITIVE
현대차가 주주가치 제고를 위해 자사주를 매입하는 것은 2019년 12월 3000억원 규모 매입 이후 23개월 만이다.,POSITIVE
앞서 애플은 2014년부터 일명 '애플카' 사업을 추진하는 특별 프로젝트 팀인 '프로젝트 타이탄'을 운영해오고 있다.,NEUTRAL
애플은 전날에도 공급망 문제 해소 기대감에 강세를 보이는 등 최근 상승세를 이어가고 있다.,POSITIVE
엔비디아는 3분기 실적과 4분기 실적 가이던스가 예상을 넘어서며 강한 상승세를 보였다.,POSITIVE
일각에서는 엔비디아가 시총 1조달러 클럽에 가입할 수 있다는 예상까지 하고 있다.,POSITIVE
또 AI를 활용한 저비용 유전자 분석 및 질병 발생 예측 플랫폼을 운영하는 ‘지니얼로지’는 롯데벤처스 글로벌 엑셀러레이터 프로그램에서 대상을 수상해 1억 원을 지원받는다.,POSITIVE
"김 연구원은 ""핵심 자회사들의 연이은 상장으로 투자 매력도는 감소했고, 대우조선해양 인수합병 무조건 승인시 재무구조 개선을 위한 자본확충으로 투자 심리 악화 가능성이 존재한다""면서 ""그럼에도 불구하고 현재 주가는 연결회사들의 가치를 제대로 반영하지 못해 다소 높은 할일율을 적용해도 공정가치에 미달한다""고 강조했다.",NEUTRAL
반도체 공급난에 인텔이 최근 중국 청두 공장에서 실리콘 웨이퍼 생산을 늘리려고 했지만 바이든 행정부가 제동을 걸었다는 설명이다.,NEGATIVE
지난해 하반기 상하이컨테이너운임지수(SCFI)가 급등하면서 올해 컨테이너 수주가 쏟아졌고 현대중공업은 1만2000TEU(1TEU는 약 6mm 컨테이너 1개) 이상 초대형 컨테이너선 27척을 수주했다.,POSITIVE
기업공개(IPO) 당시 현대중공업은 유상증자를 성공적으로 마무리했으며 약 7600억원을 친환경 및 연구개발에 쓰겠다고 밝혔다.,POSITIVE
"제이크 피셔 차량 테스트 담당 이사는 테슬라의 전기 SUV에서 차체 패널 불량, 트렁크 내부 누수, 에어컨 문제 등이 지적됐다고 설명했다.",NEGATIVE
"컨슈머리포트는 테슬라뿐만 아니라 다른 자동차 업체의 전기 SUV도 ""신뢰도 면에서 절대적인 최하위""라고 진단했다.",NEGATIVE
전기 SUV 중 평균 이상 신뢰도를 확보한 차는 포드 머스탱 마하-E가 유일했다.,POSITIVE
"피셔 이사는 전기 SUV가 다른 자동차와 비교해 가격이 비싼 고급 차량에 들지만, 최신 기술이 적용되면서 각종 문제를 일으킬 수 있다고 지적했다.",NEGATIVE
이런 상황에서 대덕전자는 플립칩볼그리드어레이(FC-BGA) 신규 증설분이 올해 3분기부터 가동을 개시했고 내년 1분기 중 풀가동될 예정으로 내년 호황 국면에서 온기 반영될 것으로 예상된다.,POSITIVE
카메라 모듈 FPCB 사업 환경은 비우호적인 상황으로 향후 사업 철수 가능성도 염두에 둘 필요가 있다는 의견이다.,NEGATIVE
"실적 개선이 가장 뚜렷할 부문은 디스플레이 부문으로 07년 4,465억원 적자에서 흑자 전환해 123억원을 기록할 것으로 전망된다.",POSITIVE
"투자의견 매수, 목표주가 145,000원 유지 LG전자의 투자의견 매수와 목표 주가 145,000원을 유지한다.",POSITIVE
"한편, 최근 외국인 매도는 LG전자의 견조한 편더멘탈을 고려할 때 서브 프라임 리스크로 인한 주식 수급 상의 이유가 주된 요인으로 판단된다.",NEGATIVE
이후 상승장에서 예외 없이 나타나는 건설주의 강력한 반등으로 현재(-26.3%)는 거의 제자리로 돌아온 상황이다.,POSITIVE
"현재 대형 라인이 부족한 한스타가 대형 라인 신축에 나선다고 보기는 어려운 만큼, 대형 LCD 보다는 중소형 LCD에서 우선적으로 협력할 것으로 보인다.",NEUTRAL
LPL도 중소형 사업을 강화하면서 라인 부족 현상을 느끼고 있었기 때문에 전략적 협력이 가능했을 것으로 추측된다.,NEUTRAL
"신규 발행 조건은 추후 좀더 살펴보아야 하겠지만, 중소형 LCD 업황 호조로 한스타의 실적 전망이 좋아지고 있다는 점에서 긍정적으로 해석된다.",POSITIVE
"이에 케이씨텍의 LCD 장비 매출액 전망을 08년과 09년 각 23%, 56% 상향 조정하였다.",POSITIVE
"케이씨텍은 최근 반도체 설비투자 지연 우려와 CMP 슬러리 부문의 품질 승인 지연에도 불구하고, LCD 장비 매출의 급증으로 07년을 바닥으로 턴어라운드하는 그림에 큰 변화가 없을 것으로 추정된다.",POSITIVE
"현 주가는 과매도 국면, 목표주가 9,000원 유지 최근 케이씨텍의 주가는 반도체 장비 및 재료 부문 실적에 대한 우려감으로 조정을 받고 있다.",NEGATIVE
원료의 안정된 조달과 판매망 강화라는 측면에서 터키 법인은 위험 요인이 아닌 해외 시장에서의 성장 동력으로 평가된다.,POSITIVE
200계열은 국제 니켈 가격이 급등하면서 가공성이 덜 요구되는 제품에 대한 대체재로 각광받고 있다.,POSITIVE
또한 리콜 규모가 확정된 경우 일시적인 주가 하락 후 곧바로 반등하는 모습을 관찰할 수 있다. 3) 이번 사태에도 불구하고 LG화학의 2차 전지 부문은 지속적인 실적 개선을 보일 가능성이 크기 때문이다.,POSITIVE
쇼트 사는 2005년 국내 LCD 유리기판 시장에 진출하였으나 기술 부족으로 인한 적자 누적으로 공장 철수를 결정한 것으로 알려지고 있다.,NEGATIVE
쇼트사의 철수로 인해 이미 높은 기술력을 기반으로 국내 시장에서 70% 이상의 점유율을 확보하고 있는 삼성코닝정밀유리의 시장 지배력이 한층 강화될 전망이다.,POSITIVE
삼성코닝정밀유리의 공격적 증설은 에스에프에이의 08년 이후 실적에 긍정적인 영향을 끼칠 것으로 예상된다.,POSITIVE
실적 호조 및 모노실란 매출 본격화는 장기 성장성 부각시킬 수 있는 모멘텀 태양전지 산업의 핵심 원재료인 모노실란 매출의 본격화는 소디프신소재의 장기 성장성을 부각시키는 계기가 될 것으로 판단된다.,POSITIVE
"소디프신소재에 대한 투자의견 매수를 유지하고 목표주가를 기존 70,000원(08년 기준 PER 18.3배, PBR 4.5배 수준)에서 80,000원(08년 목표 PER 21.9배, PBR 5.4배수준)으로 14% 상향 조정한다.",POSITIVE
기넥신 등 보험급여 제외되어도 2008년 수익성 개선 무난할 전망 SK케미칼의 2008년 매출액과 영업이익은 각각 6.2%와 24.8%씩 증가할 전망이다.,POSITIVE
특히 모닝 Facelift는 경차로 인정됨에 따라 구입 및 유지 단계에서 각종 혜택이 부여돼 판매 호조가 예상된다.,POSITIVE
제네시스 모멘텀에 주목: 기존 추정보다 높은 ASP에 따라 2008년 수익예상 상향 조정 예정 제네시스의 내수판매 호조와 수익성 기여에 대한 기대가 높다.,POSITIVE
동사의 LED 사업부의 실적은 네비게이션용 LED 수요 증가로 매월 25~30억원의 매출액과 10%를 상회하는 영업이익률을 기록하고 있는 것으로 추정된다.,POSITIVE
"특히, 동사의 LED 사업이 부가가치가 높은 웨이퍼와 칩생산 공정을 전문으로 하고 있다는 점은 긍정적이다.",POSITIVE
"비수기 우려는 주가에 반영, 투자의견 매수, 목표주가 80,000원 유지 LG필립스LCD에 대해 투자의견 매수와 목표주가 80,000원을 유지한다.",POSITIVE
"비수기인 08년 1분기 전망도 양호, 주가 모멘텀으로 작용할 수 있을 것 08년 1분기 실적에 대한 긍정적인 전망은 비수기 실적 둔화에 대한 우려를 해소시키면서 LG필립스LCD의 주가 모멘텀에 긍정적으로 작용할 것으로 예상된다.",POSITIVE
"투자의견 매수, 목표주가 80,000원을 유지함 LG필립스LCD에 대해 투자의견 매수와 목표주가 80,000원을 유지한다.",POSITIVE
동사의 주가는 글로벌 LCD 패널 업체과 동반 조정을 받아 저평가 되어 있다.,POSITIVE
증권사 신규설립 혹은 대형 증권사 인수 등의 불확실성 해소 차원에서 긍정적 신흥증권 인수 결정은 상기와 같이 추정되는 인수 규모 측면에서 볼 때 그동안 증권사 신규설립 혹은 대형 증권사 인수 등에 따른 투자부담에 대한 시장의 부정적 인식을 가라 앉히는 차원에서 긍정적으로 해석할 수 있다.,NEUTRAL
증권업이 성장유망 사업이라는 판단에 따른 인수 후 추가적인 자금 투입은 당연한 수순으로 여겨진다.,POSITIVE
특히 주력 고객인 하이닉스의 영향에 따른 반도체 부문의 ALD 매출 감소는 신규 장비인 HDP CVD와 Poly Etcher 등을 통해 충분한 만회가 예상된다.,NEUTRAL
한때 50%를 상회하던 Symantec의 개인 고객 매출 비중이 현재는 20% 미만으로 줄었지만 매년 역성장 없이 매출이 증가하고 있다.,POSITIVE
통신 부문은 마케팅 비용 증가와 재고 조정에도 불구하고 11%의 높은 영업이익률을 달성하였다.,POSITIVE
"LCD 수요의 호조세가 비수기에도 지속됨에 따라 1분기 가동률 조정이 없을 계획이며, 이에 따라 1분기에도 중대형 LCD 패널 2,200만장 수준이 출하될 전망이다.",POSITIVE
"2008년 실적 전망 및 투자지표 비교 성광벤드의 2007년 4분기 매출액은 전년동기대비 약 30% 증가한 685억원, 2007년 전체 매출액은 전년대비 약 40% 증가한 2,577억원이 될 것으로 추정된다.",POSITIVE
"태광의 2007년 4분기 매출액은 전년동기대비 약 29% 증가한 675억원, 2007년 전체 매출액은 전년대비 약 54% 증가한 2,799억원이 될 것으로 추정된다.",POSITIVE
"제일기획은 해외 영업부문과 인터렉티브 부문 강화를 위해 1Q07부터 본격적인 인력 충원을 단행하였는데, 이에 따라 4Q07에는 전년동기 대비 큰 폭의 인건비 상승으로 판관비가 상승하였다.",NEGATIVE
"이는 동사의 영업이익률이 전년동기대비 2.3%p 하락하는 결과를 초래하였고, 영업이익은 전년동기 대비 17.4% 감소한 209억원으로 집계되었다.",NEGATIVE
현대중공업은 10번 도크에 이은 11번 도크를 갖추게 되어 향후 2010년까지 연 평균 25% 이상의 고성장을 이어나갈 수 있을 전망이다.,POSITIVE
이번 도크 증설은 매출 증대 효과 외에 동사가 세계1위의 조선소임을 한번 더 자리매김하게 되어 매우 긍정적으로 판단된다.,POSITIVE
신규 도크 증설에 따른 선표 조정과 신규수주 여유가 생긴 만큼 고가성 수주를 받을 가능성이 높아 향후 동사의 실적 개선에 긍정적이다.,POSITIVE
우주일렉트로의 밸류에이션은 업종 평균(컨센서스 기준)에도 미치지 못하고 있으며 08년 29.3%에 이르는 ROE는 향후 밸류에이션 프레미엄 요인으로 작용할 수 있을 것이다.,POSITIVE
"동사의 실적 개선은 1) 전방 산업인 폴리우레탄 업황 호조, 2) 희황산 농축 시설 가동으로 인한 원가 절감, 3) 감가상각비 감소, 4) 탄소배출권 판매 수익 발생 때문이다.",POSITIVE
동사의 2008년 영업이익은 전년 대비 10% 증가한 435억원에 달할 것으로 예상된다.,POSITIVE
"09년 MNB 신규 공장으로 성장성 확보, 쌓여 가는 현금을 활용하기 위한 전략에 관심 휴켐스의 주력 제품은 장기 공급 계약 통해서 생산되기 때문에 안정성이 대단히 높다.",POSITIVE
"반면 고객사의 신증설이 없을 경우 성장성에 의문이 제기될 수 있다. 2009년 MNB 신규 공장이 가동되면 휴켐스의 기존 매출액의 40%가 넘는 1,300억원 가량의 신규 매출이 발생하므로 이러한 우려는 불식될 전망이다.",POSITIVE
"투자의견 매수로 상향, 목표주가 27,000원 제시 휴켐스에 대한 투자의견을 매수로 상향하고 목표주가 27,000원을 제시한다 투자의견을 상향한 이유는 주가 하락에 따른 목표 수익률 상승, 수익 예상 상향 조정 때문이다.",POSITIVE
"신세계의 08년 영업이익은 11% 정도 늘어날 전망인데, 특히 상반기 개선폭이 클 것으로 예상된다.",POSITIVE
"동사의 투자 포인트는 1) 유통업종 대표주로서의 안정성과 실적 가시성, 2) 08년 상반기 이익모멘텀, 3) 삼성생명을 비롯한 자산가치 고려시 여전히 유효한 밸류에이션 메리트 등이다.",POSITIVE
동사는 작년 한해 동안 수익성 위주로 조직을 재정비하면서 매출액이 10% 늘어났음에도 불구하고 판관비를 11% 절감했다.,POSITIVE
"이에 따라 08년 1분기 삼성전기의 연결 기준 매출액은 16.2% yoy 증가한 8,883억원, 영업이익은 418.3% yoy 증가한 446억원을 기록할 것으로 추정된다.",POSITIVE
"한편 영업외수지 측면에서는 대우증권의 기존 예상에 비해 지분법평가손익, 환율관련손익 등이 저조한 것으로 추정된다.",NEUTRAL
KT&G의 수출(해외생산 포함)은 분기별로 부침이 있을 수 있지만 2008~2010년에 금액으로 연평균 18.3% 성장할 전망이다.,POSITIVE
지주회사의 가능성은 ? 롯데그룹은 순환출자가 복잡하고 지배구조가 낙후되어 개선에 대한 시장의 요구가 강하다.,NEGATIVE
대구은행에 대한 투자포인트는 1) 성장성보다는 수익성에 초점을 맞추면서 순이자마진이 안정화될 것으로 보인다.,POSITIVE
내자계 제약사의 점유율 확대와 방어적 특성을 감안할 때 제약주의 초과수익이 예상되는 가운데 유한양행은 그 대표주자로서의 역할을 충실히 해내고 있는 것이다.,POSITIVE
"직전보고서 추정치를 상회하는 2007년 4분기 실적 전망 케이엠더블유의 2007년 4분기 영업실적은 매출액 469억원(QoQ +39.6%, YoY +65.8%), 영업이익 110억원(QoQ +103.9%, YoY +80.7%)으로 전망된다.",POSITIVE
"부산은행의 4분기 순이익은 전분기 대비 49.9%, 전년동기 대비 64.0% 증가한 386억원을 기록했다.",POSITIVE
"부산은행은 4분기 중 연체순증액과 고정이하여신순증액이 각각 283억원과 321억원으로 전분기 대비 소폭 증가했으나 요주의이하여신은 약 1,223억원 순증해 평분기 대비 크게 증가했다.",POSITIVE
"동사의 2008년 PER 8.2배는 세계 정유업체 Peer Group 평균 PER(11배) 대비 낮은 수준에 있다. 2007년 4Q 영업이익 2,411억원(YoY +94.5%, QoQ +75.2%) 크게 개선 동사의 2007년 4분기 부문별 영업실적은 정유 대폭 개선과 석유화학 부진으로 요약된다.",POSITIVE
또한 동사 기업가치를 구성하는 다른 변수인 E&P 사업 진전도 기대할 수 있어 주가는 점차 저점 수준에 근접했다는 판단이다.,POSITIVE
유가 상승에 따라 원료인 납사 가격은 급등했지만 계절적인 비수기 진입으로 인해 동사의 제품 가격은 약세를 면치 못했다.,NEGATIVE
특히 주력 제품인 PX의 경우 중국 섬유 업체들의 가동률 하락으로 수요가 부진하면서 가격이 3분기 대비 3.2% 하락했다(PX는 정유업체들의 화학 부문 주수익원인데 폴리에스터 섬유의 원료로 사용됨). 이에 따라 동사의 4분기 화학 부문 영업이익은 270억원의 적자를 기록했다.,NEGATIVE
"S-Oil의 지난 4분기 실적에서 유의해야 할 점은 영업이익 잠정치인 2,412억원에는 성과급 지급분이 반영되지 않았다는 사실이다.",NEGATIVE
"2008년 매출액은 8.7% 증가, 영업이익은 7.1% 증가할 전망 LS산전의 2008년 영업 실적은 매출액이 전년 동기 대비 8.7% 증가한 1조 4,061억원, 영업이익은 7.1% 증가한 1,679억원, 세전이익은 16.0% 증가한 1,735억원으로 전망된다.",POSITIVE
삼성SDI의 실적은 07년 4분기 대규모 적자를 기점으로 개선될 것으로 기대한다. 08년 1분기는 적자폭이 축소가 기대된다.,POSITIVE
"장기적인 실적 개선의 숙제는 남아있으나 현 주가는 부담 없는 저가 매수 기회를 제공 삼성SDI의 투자의견 Trading Buy와 목표주가 80,000원을 유지한다.",POSITIVE
한편 원화가치의 두드러진 하락세로 동사의 수출 채산성이 당초 예상보다 크게 호전될 것으로 판단된다.,POSITIVE
이 시기에 업종 대표주인 도요타의 경우 엔화가치가 큰 폭으로 절하되거나 환율 변동에 대한 내성이 확보되면서 영업이익이 두드러지게 증가했다.,POSITIVE
국내 시장 약세가 우려되는 현 시점에서 현대차 역시 이와 유사한 환율 여건 호전과 함께 영업이익이 증가하는 펀더멘털 트렌드로 접어든 것으로 판단된다.,POSITIVE
"현대차에 대한 목표주가 90,000원과 매수의견 유지 제네시스 ASP, 환율 가정 등의 상향조정에 따라 2008년 EPS를 5.1% 높였다.",POSITIVE
"08년 당기순이익은 전년대비 10.2% 증가한 2,982억원을 기록할 전망 순이자마진의 안정과 적정 대출 성장으로 부산은행의 08년 당기순이익은 07년 대비 10.2% 증가한 2,982억원을 기록할 것으로 전망된다.",POSITIVE
그러나 우리는 올해 전북은행의 순이자마진은 전년대비 약 5bp 상승할 것으로 추정한다.,POSITIVE
석유부문 정제마진 하락으로 실적부진 동사 4분기 영업실적은 휘발유 둥 석유제품을 판매하는 석유부문이 가장 부진하였다.,NEGATIVE
3) 이러한 원가율 하락은 영업레버리지를 유발시켜 2008년 동사의 영업이익은 전년대비 15% 증가할 것으로 추정된다.,POSITIVE
③ 가공식품 부문과 제약 부문의 매출 성장률이 30%대에 육박하여 동사의 성장성을 견인하고 있다.,POSITIVE
"현재 동사의 주가 수준은 08년 예상 EPS대비 PER이 10배 지나지 않고 있고, 향후 봉형강류 제품과 핫코일 제품가격의 추가 인상 가능성으로 실적 상향 조정 가능성은 남아 있다.",POSITIVE
"07년 4분기 실적, 봉형강류 부문에서의 호전을 주목해야… 현대제철의 4분기 영업이익은 스테인레스사업부문과 당진공장의 핫코일사업부문에서 적자를 보임에 따라 전년동기대비 9. 5%의 감소세를 보였다.",NEGATIVE
"FY07 4Q 매출액 6,457억원, 영업이익 293억원 기록 글로비스의 4분기 매출액은 6,457억원(31.2%, yoy), 영업이익은 293억원(258%,yoy)을 기록하였으며, FY07 누적으로는 매출액 2조 5,102억원(33.2%,yoy)과 영업이익 954억원(71.5%,yoy)을 기록하였다.",POSITIVE
FY08 2Q 완성차 수송 및 현대제철의 제선원료수송 개시로 향후 전망도 긍정적 FY07 동사는 슬로바키아 공장의 가동개시로 인해 CKD사업부문이 큰 폭 성장하였다.,POSITIVE
"나이지리아의 GBARAN UBIE 프로젝트의 실행률이 결정되면서 원가율이 상승했고, 대우건설 직원이 피랍되었던 AFAM6 현장의 공기가 지연되면서 원가율 상승을 이끌었던 것으로 분석된다.",NEGATIVE
현대차 측은 최근 3년 이상 환율이 지속적으로 하락하는 가운데 2007년 2분기 들어서 비로소 내부적인 원가개선 효과가 나타나고 있음을 공개했다.,POSITIVE
"영업외수지는 미국 가동률 하락, 금융계열사 실적 부진 반영, 특별손실 등으로 기대치 하회 매출액과 영업이익이 컨센서스를 크게 상회한 호조를 보인 반면 4분기 동사의 영업외수지는 적자를 기록하는 부진을 나타냈다.",NEGATIVE
"2008년 상반기중 환율 수혜, 내수 신차효과 등이 주요 이익 모멘텀 2008년 상반기중에는 높은 원/달러, 원/유로 환율에 의한 원가율의 하락 기조와 제네시스 등 고가 내수 신차의 판매호조에 힘입은 동사의 영업이익 증가가 기대된다.",POSITIVE
화학 부문 역시 납사 가격 급등에 따른 스프레드 악화로 동사의 영업이익이 전분기 대비 71% 감소했다.,NEGATIVE
"한편 동사는 세전이익 역시 전분기 대비 크게 감소했는데, 이는 지분법이익이 감소한데다 원/달러 환율이 전분기말 대비 17.5원 상승하면서 외화환산차손이 대폭 발생했기 때문이다.",NEGATIVE
특히 고도화 설비의 가동에 따라 SK에너지의 고도화 비율이 기존 12%에서 19%로 상승하면서 큰 폭의 수익성 개선이 기대된다.,POSITIVE
"경기 침체 영향에서 차별화를 기대함. 목표주가 133,000원 유지 LG전자의 투자 의견 매수를 유지하고 목표 주가 133,000원을 유지한다. 2008년 SOP Valuation으로 구한 LG전자의 적정 주가는 136,000원으로 최근 제시한 목표 주가 133,000원과 차이가 거의 없어 기존 목표 주가를 유지한다.",POSITIVE
"미래에셋증권에 대한 투자의견을 ‘Trading Buy’에서 ‘매수’로 상향하고 6개월 목표주가를 190,000원으로 8.6% 상향한다.",POSITIVE
이는 동사 마트부문의 수익 개선추세가 이전보다 다소 늦춰질 수 있고 영업외부문 지분법이익도 소폭 줄어들 것으로 수정하면서 실적 추정치를 하향 조정했기 때문이다.,NEGATIVE
"LG전자의 PCB사업과 동사의 후면판에 대한 사업 교환이 성사될 경우에, PDP 후면판의 수익성에 대한 불확실성이 제거되어 기업가치가 확대될 것으로 판단된다.",POSITIVE
"2) 기아차의 2007년 4Q 영업실적은 매출액 4.69조원, 영업이익 980억원으로 2007년 1Q~3Q 영업적자 누적을 상쇄하지는 못하였다.",NEGATIVE
올림픽과 규제완화 효과에 따라 영업수익 전년동기대비 18.4% 증가 전망 08년 SBS의 영업수익은 전년동기 대비 18.4% 수준의 증가세를 보일 전망이다.,POSITIVE
"투자의견 ‘매수’, 목표주가 80,000원 제시 SBS의 투자의견은 ‘매수’, 목표주가는 80,000원을 제시한다.",POSITIVE
"08년 총액매출 11.4조원, 영업이익 9,176억원 예상 4분기의 부진한 실적 흐름을 반영하여 롯데쇼핑의 07, 08년 매출 추정치를 1.1%, 2.4% 하향하였다.",NEGATIVE
전망치는 소폭 하향했지만 08년 롯데쇼핑의 총매출액은 13% 정도 늘어나면서 영업이익은 20% 이상 증가할 전망이다.,POSITIVE
"2009년부터 국내외 상품성의 본격적 개선 가능, 턴어라운드 전망 회사 측의 긍정적인 사업계획 제시(매출액 전년 대비 9.2% 증가, 영업이익률 3% 달성 등)에도 불구하고 대우증권은 2008년에 매출액 측면에서 사업계획 대비 97%를, 영업이익률은 1.1%를 각각 달성할 것으로 보수적으로 추정하였다.",NEGATIVE
"목표주가 37,600원에서 29,000원으로 조정 수익추정 변경에 따라 대우건설의 08년 및 09년 예상EPS는 각각 9.1%, 11.6% 낮아진다.",NEGATIVE
그러나 시장 지배자로서 시장 독점력과 가격 결정력이 있는 동사는 원재료 가격 상승을 상쇄할 수 있을 정도로 가격 인상을 지속적으로 단행하였다.,POSITIVE
"그 이유는 1) 주가 낙폭 과대에 따라 2008년 예상 EPS기준 PER이 11.3배 수준으로 Valuation 매력도가 증가하고 있고, 2) 주력게임인 ‘서든어택’의 안정적인 매출 발생이 예상되며, 3) 자회사와 외부개발사를 통한 퍼블리싱 게임이 순차적으로 상용화될 것으로 보여 향후 동사의 게임라인업 강화가 전망되기 때문이다.",POSITIVE
이는 송배전 사업과 주택사업에 집중되어 있는 효성의 기존 건설사업에 새로운 부문을 추가함으로써 수평계열화를 통한 시너지 효과가 기대된다.,POSITIVE
"동사 실적 개선의 주 요인은 1) TV홈쇼핑 취급고의 완만한 회복, 2) 06년 4분기에 집행되었던 공중파 방송 광고비 60억원 절감, 3) GS 이스토어의 구조조정을 통한 비용절감 등이다.",POSITIVE
"4분기 정보전자소재부문의 매출액 및 영업이익은 각각 6,016억원(YoY ++39.7%), 614억원(+906.5%)으로 대폭 개선되었다.",POSITIVE
"07년 4분기 영업이익, Earning Surprise 수준 시현 동국제강의 4분기 영업실적은 예상대로 대폭적인 호전세를 보였다.",POSITIVE
이렇게 예상보다 동사의 실적이 호전된 이유는 예상보다 원재료인 슬라브 및 철스크랩 투입가격이 낮았기 때문으로 풀이된다.,POSITIVE
"목표주가 수준은 동사의 현 주가 대비 약 40%의 상승 여력을 보유하였는 바, 투자의견 매수를 제시한다.",POSITIVE
"현대모비스의 2008년 투자 포인트 3가지 1) 2007년 모듈 사업부의 부진을 유발시킨 현지 법인 수출 물량 감소, 내수 판매 약세 기조가 2008년에는 둔화될 것으로 예상된다.",POSITIVE
"옥소알콜 정기보수에 따른 비용(150억원), 성과급 지급(200억원) 등을 감안하면 실제 업황 악화로 인한 동사의 전분기 대비 영업이익 감소분은 350억원에 지나지 않는다.",POSITIVE
부분별로 보면 석유화학의 경우 원료 가격 급등(납사 가격 QoQ 19% 상승)에 따라 영업이익률이 1.9%p 하락했다.,NEGATIVE
"산업재도 계절적인 비수기, 구조조정 비용(100억원 내외) 등으로 인해 실적이 좋지 못했다.",NEGATIVE
"08년 영업이익 전년 대비 55% 증가한 1.18조원 예상: 석유화학 선방, 산업재 턴어라운드, 정보소재 호조 LG화학의 2008년 영업이익은 전년 대비 55% 증가한 11,830억원에 달할 전망이다.",POSITIVE
세계 조선경기 호황과 중동 건설 특수(봉형강)로 고마진 추세 정착 동사의 영업이익률이 10%대가 유지되는 것은 세계 조선경기 호황(국내 후판 부족 2011년까지 지속 전망)과 중동발 건설 특수 때문이다.,POSITIVE
"동사의 영업이익이 부진했던 이유는 1) A/S 수출 매출 감소, 2) 중국 CKD수출 감소와 수익성 악화, 3) 무상주 지급 등 특별 인센티브 발생, 4) 카스코 합병 이후 임금체계 통합에 따른 일시적 인건비 상승 등으로 파악된다.",NEGATIVE
한편 A/S 부문의 경우 최근 4년간의 4분기 실적 악화 특성을 동사의 수익예상 하향요인으로 지속 반영했다.,NEGATIVE
"4분기에 신규사업인 네트워크 보안제품 매출 발생 증가로 매출액은 큰 폭 증가하였지만, 네트워크 보안사업 양수에 따른 인원 증가와 수익성이 낮은 제품 매출 확대로 동사의 수익성은 악화된 것으로 분석된다.",NEGATIVE
또한 수익성이 상대적으로 낮은 네트워크 보안제품 매출 비중 증가로 동사의 급격한 수익성 개선은 어려울 것으로 판단된다.,NEGATIVE
"2008년 동사의 연간 예상 매출액 -0.8%, 영업이익 -17%, EPS -15.8% 하향 조정한다.",NEGATIVE
2)07년 경쟁격화로 비용은 악화되었으나 약 80만명을 순증시키며 가입자 기반이 확대되어 08년 매출 성장이 기대되고 이동통신 3사의 경쟁상황이 안정되면 동사 수익성개선의 폭이 확대될 것이기 때문이다.,POSITIVE
"4분기 영업이익 78억원(YoY -51.8%) 부진…2분기 이후 증설 및 가격인상 효과 동사의 4분기 매출액 및 영업이익은 각각 2,182억원(YoY +7.1%), 78억원(-51.8%)으로 부진하였다.",NEGATIVE
"동사의 1분기 및 2분기 영업이익은 각각 110억원, 170억원으로 개선추세가 이어질 것으로 전망된다.",POSITIVE
이는 동사의 주 수익원인 PO 증설에 따른 상업생산이 4월 이후 본격화된다는 점과 그동안 지연된 내수가격인상이 2~3월 중에 이루어질 것으로 전망된다.,POSITIVE
연초에 예상되었듯이 07년 동사의 매출액 증가폭(10% 중반) 보다 영업이익(30% 이상) 증가폭이 크게 나타나고 있다.,POSITIVE
08년 세가지 포인트는? LG 패션은 07년 영업이익률의 개선과 10%대 매출 성장을 통해 영업이익이 30% 이상 증가하는 호실적을 거두었다.,POSITIVE
"투자의견 매수, 목표주가 32,000원 유지 SKC에 대한 투자의견 매수와 목표주가 32,000원을 유지한다. 07년 실적부진 후 08년 사업부문별 가시적인 성장이 예측되기 때문이다.",POSITIVE
네트워크 보안과 해외 사업에서 전년 대비 100% 이상 성장 전망 최근 무료 백신에 따른 동사의 실적 저하 우려는 과도하다고 판단한다.,POSITIVE
"동사의 성장 동력은 네트워크 보안과 해외 사업에 있으며 올해 각각 103%, 102% 성장할 것으로 전망한다.",POSITIVE
"이에 따라 올해 동사의 예상 실적은 매출액 2,329억원, 영업이익 398억원(25.6% YoY)으로 사상 최대의 실적을 다시 한번 갱신할 것으로 예상된다.",POSITIVE
반도체 신규 장비 매출 어려운가? 1분기부터 추가 수주 임박! 동사의 반도체 부문의 ALD 매출 감소 우려는 대부분의 실적 추정에 이미 반영된 상황이다.,POSITIVE
"예측 불가능한 제품 불량으로 2007년 4분기 실적 일시적 부진 서울반도체의 2007년 4분기 영업실적은 매출액 580억원(QoQ -14.4%, YoY +9.0%), 영업이익 7억원(QoQ -92.4%, YoY -72.9%)로 잠정집계되었다.",NEGATIVE
"전력선 매출이 증가하면서 매출액은 추정치를 98억원 상회하였지만, 4분기 평균 전기동 가격이 3분기 대비 6.7% 하락하면서 일반전선의 마진이 하락하여 동사의 영업이익은 추정치를 15억원 하회하였다.",NEGATIVE
"한국전력의 송배전 CAPEX 규모가 2007년도 대비 4.5% 증가한 4조 7,260억원으로 전망되어 초고압케이블 국내 매출증가가 예상된다.",POSITIVE
동사가 2008년 패션주 중 가장 dynamic한 성장으로 주목받을 것이라는 의견에는 변함이 없음,POSITIVE
"예상보다 저조한 4분기 실적은 휴일이 많았던 연말 시즌 때문 하이트맥주의 4분기 영업 실적은 매출액 2,158억원으로 전년 동기 대비 +5.0%, 영업이익은 303억원으로 전년 동기 대비 -1.2%를 기록하였다.",NEGATIVE
동사는 애널리스트의 추정 대비 다소 저조한 영업 실적을 기록하였는데 성수기인 연말 시즌의 영업이 부진하였기 때문이다.,NEGATIVE
"2008년 호재 만발 : 실적개선 + 자회사 상장 + 영업적 시너지 창출 2008년 하이트맥주는 실적 개선, 자회사인 진로의 상장, 진로와의 영업적 시너지 창출 등이 주가 상승 촉매제로 작용할 전망이다.",POSITIVE
"① 2008년 동사의 영업 실적은 매출액이 사상 최초로 1조원을 돌파하여 전년 대비 4.5% 증가할 것으로 예상되며 영업이익은 2,564억원으로 전년 대비 11.2% 증가할 것으로 전망된다.",POSITIVE
"동사의 4분기 연료유류비는 2,882억원(20.78%,yoy)을 기록하여 연료유류비의 증가가 영업이익 감소의 주된 원인이었음을 보여주고 있다.",NEGATIVE
이에 따라 동사의 지분법이익은 536십억에서 645십억으로 예상치를 약 20% 상회하는 역대최고수준이 될 전망이다.,POSITIVE
"2008~2009년에도 영업실적은 큰 기복 없이 꾸준히 좋아질 전망 하이트맥주의 영업이익은 2008, 2009년에도 각각 12.9%, 8.7% 증가하여 사상 최고를 계속 갱신할 것으로 예상된다.",POSITIVE
"서울춘천고속도로(2,257억원), 인천국제공항철도(3,834억원), 서울고속도로(1,310억원) 등 민자SOC가 호조를 보인 토목부문도 매출액이 20.0% 늘어나 동사의 외형 증가를 주도했다.",POSITIVE
원가율 개선이 없었음에도 영업이익이 많이 늘어난 것은 턴키공사 수주 실패비 감소와 광고선전비 축소로 동사의 판매관리비율(4.7%→3.9%)이 크게 떨어졌기 때문이다.,POSITIVE
이로 인해 L/T 사업부의 매출액은 전분기 대비 22.6% 감소한 370억원을 기록하였다.,NEGATIVE
"동사 매출액 증가의 원인은 1) 인도(헤쓰웨이, 타타스카이), 터키(도간 TV), 동유럽 등 신흥 시장에서 셋톱박스 판매가 증가하였고, 2) 지연되던 디지털 TV ODM 매출이 4분기부터 시작되었기 때문이다.",POSITIVE
STB 시장의 경쟁 심화로 동사에게 08년은 어려운 한 해가 될 전망이다.,NEGATIVE
그러나 2008년 의료기기사업 중 일부를 철수(계약 청산)하기 위해 지난 4분기에 37억원의 재고충당금을 계상했다는 점을 감안하면 동사의 실질 영업이익은 예상을 소폭 상회한 것으로 볼 수 있다.,POSITIVE
"대규모 장기 수출계약은 제네릭신제품 공백기의 구원투수 동사는 2년에 걸쳐 3억달러 이상의 장기 수출계약을 체결했는데, 수출품목이 독자개발 완제품이라는 점에 큰 의미를 둘 수 있다.",POSITIVE
동사가 판매중인 플라빅스 제네릭 플라비톨은 원외처방점유율 1위를 달리고 있고 발해 첫해라고 볼 수 있는 지난해 130억원의 매출액을 기록하며 단숨에 대형제품의 반열에 올라섰다.,POSITIVE
"투자의견 매수, 목표주가 130,000원 유지. 제약주 중 최선호주(Top picks)로 추천 동아제약의 투자의견 매수, 목표주가 130,000원을 유지한다.",POSITIVE
"북경한미약품, 성장은 그런대로 만족스러우나 수익성 둔화는 아쉬워 북경한미약품의 2007년 매출액은 228백만RMB로 전년동기비 35% 증가하여 만족스러운 성장률을 기록했으나 순이익은 8% 감소하여 순이익률은 7%p나 떨어졌다.",NEGATIVE
동사의 매출액이 증가한 이유는 2006년 대규모 설비 증설로 생산성이 크게 향상되었고 플랜트 산업의 호황으로 피팅 수요가 크게 증가했기 때문이다.,POSITIVE
2008년 반도체 장비용 피팅 사업(SCT) 부문 분리로 동사의 수익성 개선과 안정화에 기여 이번 4분기 실적은 산업용 피팅 부문의 영업이익률이 25%를 상회한 높은 수익성을 나타냈다.,POSITIVE
반도체 장비용 피팅부문의 매출 증가 둔화와 설비 증설에 따른 감가상각비용 증가로 동사의 영업이익률은 5%를 기록했다.,NEGATIVE
"올해 휴대폰 결제 금액은 전년대비 30% 성장한 1조 7,550억원에 이를 것으로 전망하고 있으며 모빌리언스는 사이버패스와 합쳐 60% 이상의 시장점유율을 확보할 수 있을 것으로 예상한다.",POSITIVE
이번 결합을 통해 경쟁적 참여자가 하나 사라지게 되므로 전자결제 업체들의 수익성은 개선될 수 있을 것으로 전망한다.,POSITIVE
글로벌 최대 전자결제 업체인 PayPal의 경우 높은 시장 지배력을 바탕으로 꾸준히 수수료율이 상승하고 있다.,POSITIVE
에스에프에이의 07년 배당성향이 전년대비 10%p 높아진 30%를 기록하는 등 주주가치 제고 노력에 가속도가 붙고 있다.,POSITIVE
높은 현금창출능력과 순현금/토지자산 가치 등 자산가치도 매력적이어서 예년보다 불확실성이 높아진 08년 동사는 주식 시장에서 높은 관심의 대상이 될 것으로 보인다.,POSITIVE
4분기 사실상 어닝 서프라이즈 기록 에스에프에이의 4분기 실적은 시장 예상의 상단이었던 당사 예상치와 유사한 호실적을 기록하였다.,POSITIVE
견조한 07년 실적으로 08년 이후 안정적 실적 개선의 가시성은 한층 높아짐 07년 에스에프에이의 실적은 전년대비 부진하였으나 LCD 설비투자 축소를 감안 시 동사의 경쟁력을 보여 준 견조한 수준으로 판단된다.,POSITIVE
동사는 07년 말에 있었던 삼성전자 8세대 장비 수주에서도 높은 점유율을 유지하고 있어 08년 큰 폭의 실적 개선이 가능해 보인다.,POSITIVE
그러나 동사의 이 같은 실적 증가세는 태국 DTAC과의 재계약이 어려움에 부딪치면서 2008년에는 크게 둔화될 것으로 전망한다.,NEGATIVE
동사는 휴대폰 부문으로 영역을 확장하였음에도 불구하고 15%~20% 수준의 안정적인 영업이익률을 유지하고 있다.,POSITIVE
"휴대폰 중심의 경쟁사들은 재고 관리가 용이하지 않은 반면, 동사는 같은 제품으로 휴대폰, 자동차, MP3 플레이어에 사용이 가능하기 때문에 타사보다 재고 관리가 용이하다.",POSITIVE
"4분기 매출액 및 영업이익은 전년동기 대비 각각 34.2%, 74.2% 증가 텔레칩스의 4분기 실적이 발표되었다.",POSITIVE
원료 가격 급등에 따라 4Q07 영업이익 QoQ 37% 감소한 320억원 지난 4분기 금호석유의 영업이익은 전분기 대비 37% 감소한 320억원을 기록했다.,NEGATIVE
"동사의 실적부진의 원인은 1) 원료(부타디엔) 가격 급등(전분기 대비 38% 상승) 2) 고유가에 따른 합성수지 적자 지속, 3) ERP 시스템 가동 준비에 따른 출하일수 감소, 4) 특별 성과급 지급 때문이다.",NEGATIVE
"동사의 3Q 실적 부진의 배경은 1) Brokerage MS 하락, 2) ELS 발행 감소, 3) 일회성 비용 지출(약 200억원) 등이다.",NEGATIVE
"4Q 우리투자증권에 대해 주목할 점은 1) Online Brokerage에 대한 전략적 접근, 2) 배당투자 매력의 점증 등이다.",POSITIVE
"동사를 포함한 대형사들의 Online부문 정책은 3월말 사업계획 수립 와중에서 가늠할 수 있을 것이고, 높은 배당수익률 기대(보통주 4.4%예상)가 투자관심을 자극할 것으로 예상된다.",POSITIVE
"4Q에도 안정적 이익 흐름 예상 한국투자증권의 FY07 4Q 실적은 세전이익 기준으로 3Q 946억원 보다 증가한 1,084억원으로 예상한다.",POSITIVE
"동사의 매출증가에 비하여 영업이익 증가율이 낮은 이유는 1) HD 방송전환이 지연되면서 SD급 셋탑박스 비중이 2008년에 여전히 80%로 높아서 단가인하에 따른 수익성 악화가 예상되고, 2) 디지털 TV 매출이 2,020억원으로 2007년 대비 170% 증가할 전망이지만 영업이익률은 0.5%로 수익성이 낮을 것으로 추정되기 때문이다.",NEGATIVE
미국 Direc TV향 셋탑박스 매출 감소를 Digital TV가 상쇄할 수 있는가가 중요 동사 실적의 본격적으로 회복은 Digital TV의 성공여부가 결정할 것으로 전망된다.,NEUTRAL
"07년 4분기 실적, 아려운 환경하에서도 양호한 실적 달성 고려아연의 지난 4분기 영업실적은 전반적인 국제 비철금속의 가격 하락속에서도 양호한 것으로 평가된다.",POSITIVE
"신한지주 3분기 순이익은 전년동기 대비 9.9%, 전분기 대비 56.9% 감소한 2,257억원을 기록했다.",NEGATIVE
"그러나 2008년 기준 동사의 PER 6.8배, PBR 1배는 여전히 절대 저평가 국면에 있는 것으로 판단된다.",POSITIVE
4분기 실적은 예상보다 부진하지만 향후 연간 실적 전망은 밝아 한진중공업의 4분기 실적은 조선부문이 사상 최대 실적을 달성하며 성장을 이끌었다.,POSITIVE
"동사는 영업이익률도 12.1%로 사상최대치를 기록했으며, 향후 수빅 조선소와 함께 실적 성장을 지속적으로 견인할 수 있을 전망이다.",POSITIVE
반면 건설부문은 다소 부진하였는데 이유는 수빅조선소 1-2단계 공사에 대한 원가에 약 500억원이 선투입되어 수익성이 악화되었다.,NEGATIVE
"셋째, 국민은행의 2008년 예상BPS대비 PBR은 1.2배 수준으로 사업다각화 추진 전략과 배당성향 30% 유지 등의 주주가치 제고 정책 등을 고려 시 저평가 매력이 존재한다.",POSITIVE
"신한지주에 대한 투자포인트는 첫째, Top line의 꾸준한 증가가 가능할 것으로 보인다.",POSITIVE
"2008년 당기순이익은 전년대비 10.2% 증가한 2조 6,417억원을 기록할 전망 신한지주의 2008년 당기순이익은 2조 6,417억원을 기록할 것으로 전망된다.",POSITIVE
방산장비의 매출 감소로 동사의 기타 사업 부문의 매출액은 전년 동기 대비 약 53% 감소했다.,NEGATIVE
"투자의견 매수로 상향 조정, 목표주가 33,600원으로 조정 동사에 대한 투자의견은 기존의 Trading Buy에서 매수로 상향 조정한다.",POSITIVE
"따라서 펀더멘탈을 좌우하는 2가지 변수, 즉 아연 가격과 이익 모멘텀의 둔화로 동사의 주가는 약세를 보였다.",NEGATIVE
"아웃도어 부문의 고성장이 지속될 전망이나, 1~2개 브랜드의 구조조정이 예상되어 동사의 영업이익 전망치는 소폭 하향하였다.",NEGATIVE
"목표주가는 EV/EBITDA 분석에 의해 산출된 321,000원을 유지한다. 2007년 4분기 어닝서프라이즈 시현 NHN의 4분기 실적은 어닝서프라이즈를 시현하였다.",POSITIVE
게임은 게임포털 관련 높은 트래픽과 저가 User를 위한 저가상품의 성공적인 출시로 Paying User가 증가하여 전분기대비 19.2% 성장한 77십억원을 시현하였다.,POSITIVE
동사의 매출액에 비해 영업이익 증가율이 낮은 것은 원재료인 Slab 수입 가격의 급등에 따른 현상이다.,NEGATIVE
"세계 조선경기(후판), 국내외 건설 특수(봉형강) 등 수요산업의 호황 지속 동사의 영업이익률 10% 전후가 유지되는 것은 세계 조선경기 호황과 국내외 건설 경기의 호조 때문이다.",POSITIVE
"조선 경기는 주요 조선사들이 3년치 수주 물량을 확보했고, 국내 후판 의 공급 부족 현상은 2011년까지 이어질 것으로 예상돼 호황이 기대된다.",POSITIVE
"국내 건설 경기도 상반기 선분양 물량에 따른 착공 수요, 하반기 SOC투자 증가로 동사에 대한 호조가 지속될 전망이다.",POSITIVE
"2008년 이후에도 동사는 외형성장과 마진개선 지속, 2010년부터 해외공장 이익 기여 2008년 이후에도 유압실린더 사업부문을 중심으로 한 두자리수의 외형 성장세가 지속될 전망이다.",POSITIVE
08년 유통업 Top pick 전략 유효 소매유통업 대표기업인 신세계는 이처럼 지난 07년 4분기를 저점으로 실적 부진을 통과하면서 단기적인 악재는 모두 모두 해소된 것으로 판단하고 있다.,POSITIVE
2007년말 이후 석유화학제품가격이 전반적인 상승세가 이어지고 있어 동사 석유화학 부문실적에 긍정적인 영향이 예상된다.,POSITIVE
"따라서 동사 석유화학부문의 주요 제품인 에틸렌 및 PVC 제조마진은 각각 466달러(+11.4%), 659달러(+5%)로 전분기 대비 개선되고 있다.",POSITIVE
최근 양호한 패널 판가와 높은 가동률 수준을 고려할 때 동사는 시장 컨센서스 이상의 실적 달성이 가능할 것으로 보인다.,POSITIVE
"구조조정, 실적개선을 통해 코오롱의 기업가치가 지속적으로 상승하고 있는 점을 감안하면 절호의 매수 기회라고 판단된다.",POSITIVE
실적 개선과 구조조정 통한 기업가치 상승 지속될 전망 향후에도 코오롱의 기업가치는 지속적으로 상승할 전망이다.,POSITIVE
국제 니켈 가격도 바닥을 확인한 후 회복되고 있어 스테인레스 시황은 봄철 성수기에 회복될 가능성이 높다. 2) 2008년부터 당진공장의 표면제 및 탄소강의 매출이 본격화 되면서 동사는 높은 외형 성장과 더불어 이익 안정성이 돋보일 전망이다.,POSITIVE
"특히 동사는 ROE가 꾸준하게 14% 이상에서 유지되고, 성장성이 높다는 점을 고려해야 한다.",POSITIVE
"전자재료 부문은 매출액 1,669억원(전년동기비 +97.5%), 영업이익 301억원(전년동기비 +48.3%) 을 기록하며 매출과 영업이익 모두 급성장세를 이어가는 모습이었다.",POSITIVE
"우리금융에 대한 투자포인트는 첫째, 적정 성장으로 순이자마진 안정될 경우 그동안의 자산 증가 효과로 Top line의 꾸준한 증가가 가능할 것으로 보인다.",POSITIVE
순이자이익은 순이자마진 안정으로 10.8% 증가하고 비이자부문이익은 유가증권 감액손 해소로 5.1% 증가할 것으로 예상되어 동사의 총영업이익은 9.4% 증가할 전망이다.,POSITIVE
"08년에도 PVR 중심의 성장은 지속될 전망. 투자의견 매수, 목표주가 30,000원 유지 동사는 08년에도 PVR 중심으로 지속적으로 성장할 것으로 예상된다.",POSITIVE
"예상되는 2008년 EPS에 현재 적용되는 PER 15.3배이다. 하지만 현금과 부동산 등 5,000억원에 이르는 자산가치를 반영한 실질 시가총액은 고려하면, 게임업종에 낮아진 기대감 이상으로 엔씨소프트의 주가는 저평가된 것으로 판단된다.",POSITIVE
"시장 예상의 상단에 있는 대우 예상치와 유사하거나 이를 소폭 상회하는 공격적인 수준이다. (그림 1, 2 참조) 이는 최근 북미 경기 둔화 우려에도 불구하고 LG전자가 자체 경쟁력 강화를 통해 핸드셋 부문의 고성장을 이어갈수 있다는 자신감의 표출로 보인다.",POSITIVE
"■ 경쟁력 강화에 대한 자신감 표출, 투자의견 매수, 목표주가 133,000원 유지 LG전자에 대해 투자의견 매수, 목표주가 133,000원을 유지한다.",POSITIVE
LCD 공급 부족에 따른 반사 이익으로 LG전자 디스플레이 부문의 적자 폭도 빠르게 축소되고 있다.,POSITIVE
"한솔LCD에 대한 투자의견 매수와 목표주가 53,000원을 유지하는 이유는, 1) 2007년 4분기는 전분기 대비 매출 23.2% 성장한 2,491억원에도 영업이익은 6.2% 성장한 65억원, 법인세 차감전 순이익은 48.3% 성장한 87억원으로 나타났다.",POSITIVE
2008년 1분기 자회사인 한솔라이팅의 CCFL은 원가 경쟁력을 바탕으로 월평균 300만대 이상의 판매가 예상된다.,POSITIVE
"Commercial Times에 따르면 08년 유리기판 공급 부족은 연중 지속될 것으로 예상되고, 특히 7.5세대 유리기판의 공급 부족이 심각할 것으로 예상된다.",NEUTRAL
"08년 에스에프에이의 신규 수주 규모는 5,451억원에 달해 07년대비 64% 증가할 전망이다.",POSITIVE
"2008년 당기순이익은 전년대비 5.3% 감소한 1조 1,062억원을 기록할 전망 기업은행의 2008년 당기순이익은 전년대비 5.3% 감소한 1조 1,062억원을 기록할 전망이다.",NEGATIVE
2) 영업이익률이 개선된 이유는 동사가 칩바리스터 시장에서 시장점유율 1위를 유지함으로써 ① 시장 지배력 확보가 가능하게 되어 단가 인하 압력에 상대적으로 영향을 덜 받으며 ② 규모의 경제를 확보함으로써 원가 경쟁력을 높이고 있기 때문이다.,POSITIVE
"08년에도 세계 1위 유지 가능. 동사에 대한 투자의견 매수, 목표주가 15,000원 유지 1) 칩바리스터 부문 세계 1위 업체로서 시장 지배력이 확대되고 있다.",POSITIVE
투자의견 기존 중립에서 Trading Buy으로 상향 조정 두산중공업의 투자의견은 두산중공업의 투자의견은 기존 중립에서 Trading Buy로 상향 조정한다.,POSITIVE
이유는 향후 전방산업의 장기 호조가 지속됨에 따라 동사의 수주와 실적이 장기적으로 고성장 할 수 있는 긍정적인 전망이 유효함에도 불구하고 주가가 큰 폭으로 하락해 다시 투자 매력이 높아졌기 때문이다.,POSITIVE
케이씨텍의 2007년 4분기 매출액은 추정치와 부합하였으나 영업이익은 추정치 대비 60% 상회하였다.,POSITIVE
"LCD TV 수요 증가에 따른 수혜로 영업이익률 15% 확보 우리이티아이의 4분기 매출은 당사 추정치에 부합하는 482억원, 영업이익은 당사 추정치 대비 43%상회하는 72억원으로 15%의 영업이익률을 달성하였다.",POSITIVE
2007년 4분기 LCD TV 수요 확대에 힙입어 SEFL(Special EEFL)의 판매가격이 안정세를 보임과 동시에 충당금 환입 등 일회성 수익으로 동사의 영업이익이 전분기 대비 27.2% 증가한 것으로 추정된다.,POSITIVE
"하나금융의 현 주가는 PBR 0.9배로 은행 중 가장 낮지만 2008년 추정 ROA가 0.8%, ROE는 11.7%에 불과해 수익성을 감안할 경우 valuation 매력이 높지 않다고 판단한다.",NEGATIVE
"하나금융은 2005년 말 지주사 전환 이후 꾸준한 당기순이익 실현으로 총자본이 약 6.6조원에서 2007년 말 약 9.5조원으로 증가했고 자회사 출자한도도 7,230억원에서 2007년말 현재 약 3.2조원으로 늘어났다.",POSITIVE
"08년 연간 실적 개선되겠지만, 회사측 계획안은 다소 공격적인 수준으로 판단 07년의 경우 영업실적은 하반기로 갈수록 점점 부진폭이 확대된 것으로 나타났다.",NEGATIVE
"이는 지난 4분기 실적을 반영하여 영업가치와 계열사 지분가치를 하향 조정했기 때문인데, 여전히 현주가 대비로는 큰 폭의 상승 여력이 남아 있어 매수의견을 유지한다. 1월 이후 동사 주가는 한차례의 반등도 없이 25% 이상 하락함으로써 시장 대비 큰 폭 약세를 기록중에있다.",POSITIVE
"08년 동사의 실적은 업사이드 포텐셜도 높은 것으로 판단되는데, 1) 흑연 원재료의 공급 부족 해소로 현재 예상되는 수주량에 모두 대응할 수 있는 원재료를 확보하거나 2) 태양전지용 웨이퍼 시장이 본격 성장을 시작할 경우 추가 상향 조정할 예정이다.",POSITIVE
"높은 시장 지배력 유지 가능, 목표주가 18,000원 (08F PER 18배) 유지 티씨케이에 대해 투자의견 매수와 목표주가 18,000원을 유지한다.",POSITIVE
"4분기 영업이익 당사 예상치를 112% 상회, 이익 구조 개선의 저력 발휘 케이씨텍의 4분기 실적은 당사 예상치를 크게 상회(영업이익 전분기대비 92% 증가)하였다.",POSITIVE
"목표주가 8,100원으로 40.9% 하향하나 투자의견 Trading Buy는 유지 08년에도 피앤텔의 어려움은 지속될 전망이다.",NEGATIVE
특히 현대차가 2008년 들어 수익성 높은 내수시장에서 50%에 근접하는 점유율(수입차 포함 기준)을 차지하며 독주하고 있는 것이 긍정적이다.,POSITIVE
"신라면 15.4%, 새우깡 14.3% 가격 인상. 그러나 2008년 실적 부진 이어질 것 농심은 오는 20일부터 신라면(15.4%), 짜파게티(13.3%), 새우깡(14.3%) 등 주요 제품의 가격을 인상하기로 결정하였다.",NEGATIVE
SSCP의 주가는 국내 코팅재 시장 성장률 둔화와 자회사 인수에 따른 영업권 상각 우려 등으로 11월 고점대비 40%하락하였다.,NEGATIVE
"장기적으로 글로벌 전자재료 업체로의 빠른 성장이라는시각에는 변화가 없으며 이를 고려할 때 단기적인 실적 부담으로 하락한 동사의 현 주가 수준(08년 PER 16.5배, PBR 2.1배수준)은 매력적인 밸류에이션으로 판단된다.",POSITIVE
"삼성증권의 고객예탁금 잔고는 전 증권사 중 가장 많은 1.5조원 수준으로서, 상기 요인에 따른 이자수익 증가효과도 가장 크게 나타난다. 3) ELS 발행의 증가 : 줄곧 하락하던 삼성증권의 ELS 발행이 하반기 들어 처음으로 증가했다.",POSITIVE
"1) 기존 주력 사업이었던 WLL 단말기 판매가 급감하면서, 동사는 외형이 감소하고 수익성은 하락하였다.",NEGATIVE
사실상의 기업결합으로써 하나로텔레콤 수혜 더욱 클 전망 양사간 지분관계는 사실상의 기업결합으로 이해된다.,POSITIVE
"박카스와 OTC부분 매출은 정체될 것으로 예상되나, 처방의약품의 고성장으로 동사는 2008년 매출액 7,124억원, 영업이익 918억원을 달성할 것으로 예상된다.",POSITIVE
처방의약품과 자체 개발 신약 매출 비중 증가로 인한 원가하락 및 저수익 사업 부분의 구조 조정으로 동사는 지속적인 수익구조 개선이 가능할 것으로 판단된다.,POSITIVE
그 이유는 1) 동사의 입장에서 보면 PDP 후면판(Rear Plate) 사업의 양도는 장기적으로 사업 포트폴리오의 강화와 수익성을 개선하는 과정에서 불확실한 요인을 해소한다는 점에서 긍정적으로 평가된다.,POSITIVE
"2007년 동사는 전체 영업이익이 -11억원을 기록하였으며, 적자의 주요인은 PDP 후면판의 수익성 부진(적자시현) 이였다.",NEGATIVE
"3) LG마이크론의 유상증자(3자배정증자) 실시에 따른 주가 희석화는 재무구조 개선과 PCB 사업 양수에 따른 추가적인 매출 및 이익 증가분을 감안하면 미미할 전망이며, 오히려 2008년 추정주당순이익(EPS)이 사업교환전 대비 20% 증가하는 효과가 예상된다.",POSITIVE
"사업포트폴리오의 변화를 통한 수익성 호전, 장기적으로 LG이노텍과의 합병 가능성를 고려한 가치에 대한 평가도 긍정적으로 판단된다.",NEUTRAL
"동사의 2007년 4분기 매출액 및 영업이익은 각각 1조 4,430억원(YoY +16.1%), 700억원(+382.8%)으로 크게 개선되었다.",POSITIVE
동사 영업이익의 약 60%이상을 차지하고 있는 중공업부문의 실적개선이 2007년 4분기부터 본격화되고 있다.,POSITIVE
특히 2007년에 동사가 투자했던 베트남 및 터키 지역의 스판덱스 공장완공이 2008년 동부문 실적에 긍정적 영향을 미칠 것으로 전망된다.,POSITIVE
"PCB 사업양수를 통해서 LG마이크론의 실적이 증가하면, 지분율 확대(36%에서 55%로 증가)에 따른 지분법 평가익 증가 등 최대주주인 동사의 기업가치가 높아질 것으로 판단된다.",POSITIVE
"동사의 투자포인트는 1) 석탄 가격 상승 등으로 인한 PVC 시황 호전, 2) 성장성과 자산가치를 겸비한 자회사, 3) PBR 0.8배에 불과한 Valuation 매력 등이다.",POSITIVE
4Q07 영업이익 331억원으로 부진 2007년 4분기 한화석화의 영업이익은 전분기 대비 43.2% 감소한 331억원을 기록했다.,NEGATIVE
현주가는 분할 이후 지속적인 하락으로 KOSPI 대비 15% 이상 수익률를 하회하고 있는데 기업분할과 감자를 통한 기업가치 상승 요인을 감안하면 동사의 주가는 저평가 정도가 매우 크다고 판단될 수 있다.,POSITIVE
외국인 보유한도 38.9% 여유 발생: 외국인 매수 유입가능성 확대 지분매각 기산일이 하나로텔레콤의 주주총회(08년 3월 예상) 시점으로 예상되므로 주주총회 직후 하나로텔레콤의 외국인 지분보유비율은 약 48%에서 9%대로 하락하게 된다.,POSITIVE
또한 07년 당기순이익은 종전 예상치에 비해서는 23% 축소되었는데 이는 에코메트로 공사의 지연으로 주택분양부문의 영업이익이 예상치에 비해 33% 축소된데다 계열회사들의 실적호전세도 예상보다 둔화되어 동사의 지분법이익도 예상치보다 17% 축소된 것으로 추정되기 때문이다.,NEGATIVE
한화의 08년 당기순이익은 63% 증가할 전망 한화의 08년 당기순이익은 전년대비 63% 증가할 것으로 전망된다.,POSITIVE
이는 08년에는 동사의 에코메트로공사가 진척되어 영업이익이 79% 증가할 전망이며 지분법이익도 자회사들의 실적호전으로 30% 증가할 전망이기 때문이다.,POSITIVE
"투자의견 Trading Buy로 상향 조정 한화의 목표주가를 65,000원으로 제시하며 투자의견은 Trading Buy로 상향 조정한다.",POSITIVE
동사의 투자 포인트는: 1) 송배전 사업을 영위하고 있는 중공업부문의 중장기 구조적 성장 2) 지난 3년간 (2004년~2006년) 적자를 기록하였던 섬유부문의 흑자전환 3) M&A 및 재생 에너지 사업 진출과 같은 성장동력 발굴노력 등이다.,POSITIVE
"다만 동사의 세전이익과 순이익 증가율은 각각 11.9%, 6.6% 증가에 그쳤는데, 이는 중공업 및 화학부문에서 가격담합 관련 공정위 과징금 130억원을 부과 받았기 때문이다.",NEGATIVE
"2008년 예상: 송배전 고성장 견인 및 소재사업의 선전 예상 효성의 2008년 예상실적은 매출액 5조 8,131억원, 영입이익 2,784억원으로, 이는2007년 대비 각각 7.2%, 16.8% 증가한 수치이다.",POSITIVE
"자회사 가치는 중국 현지법인(지분 100%보유)의 영업가치는 1.4조원, Bobcat(지분 52%보유)의 영업가치는 6,700억원으로 산정하였다. (본문 Valuation 표 1 참조) 굴삭기, 공작기계가 실적 고성장 견인 2008년에도 매출 비중의 62%를 차지하는 굴삭기와 공작기계의 실적 호조가 지속되며 두산인프라코어의 실적 성장을 견인할 전망이다.",POSITIVE
"이외에 원/엔 환율 상승, 일본의 자동차 업체들의 자국에 대한 설비투자 확대로 동사의 수출 경쟁력 향상이 기대된다.",POSITIVE
투자포인트 호성케멕스의 투자포인트는 다음과 같다. 1) 환경문제에 대한 대응이 점차 규제로 바뀌는 상황에서 기존의 자동차용 내장재 PVC를 대체하는 친환경 소재 TPU의 적용이 점차 확대되고 있다.,POSITIVE
투자포인트 대호에이엘의 투자포인트는 다음과 같다. 1) 알루미늄 소재 생산 기업으로 향후 알루미늄의 적용 분야 확대에 따른 수요증가의 수혜이다.,POSITIVE
"신개념 건축공법에 이용되는 TSC 합성보의 매출이 증가하고 있고, 미국 FDA 임상실험 중인 관절염 치료제 생산회사 ‘티슈진’의 기업가치가 부각되고 있다.",POSITIVE
3) ID TV와 Mobile PMP 같은 동사의 신사업 부문 성장도 기대 이하였다.,NEGATIVE
"목표주가 12,000원(47.1%↓), 투자의견 ‘Trading Buy’로 하향 4분기 가온미디어의 부진은 07년 급성장에 따른 성장통이라고 판단된다.",NEGATIVE
이번 자료를 시작으로 더존디지털웨어에 대한 커버리지를 시작한다. 4월 신제품 Neo-IPlus 출시 효과: 실적 호전에 직접 기여할 전망 2008년 4월부터 신제품 Neo-IPlus를 출시할 것으로 예상된다.,POSITIVE
면류 특히 라면의 수요 감소는 추세적으로 이어질 것으로 예상되며 판매량 부진으로 동사의 매출 감소가 지속될 것으로 전망된다.,NEGATIVE
최근 KOSPI 지수도 회복세를 보여 동사의 주가 상승 요인이 더 커지고 있는 상황이다.,POSITIVE
"동사는 금년 들어 신규 수주가 없고 타 경쟁사(3.5년)대비 수주 잔고가 2.5년으로 가장 적어 영업에 대한 불신이 커지고 있으나, 오히려 이것을 가장 큰 기회 요인으로 본다.",POSITIVE
"한진중공업이 매력적인 3가지 이유 1. 3월부터 본격적인 수주가 시작된다: 타사에 비해 금년 신규 수주 개시가 늦었다. 하지만 이는 조선업이 호황이라는 판단 하에 전략적인 측면이 강하고, 영국 외에 그리스에 신규 영업소까지 설립해 마케팅 활동을 강화하고 있다.",POSITIVE
2. 수주 잔고가 동종업체 대비 가장 적다: 이는 동사에게 최고의 기회 요인으로 판단된다.,POSITIVE
그리고 2007년에 선가 상승과 최근 신조선가의 추가 상승을 고려하면 동사는 동종업체 대비 최고의 수익성이 보장된다.,POSITIVE
"기넥신, 트라스트 등의 보험급여 제외에 이어 이번에 스카드(말레인산 암로디핀)의 약가가 대폭 인하됨에 따라 동사의 수익예상은 여러 차례 하향 조정되었다.",NEGATIVE
더욱이 DVR 시장은 보수적인 시장이기 때문에 진입장벽이 높아 동사는 연간 20% 이상의 영업이익률을 유지하고 있다.,POSITIVE
따라서 동사의 독점 공급이 지속되고 있고 이를 반영하여 수익 예상을 상향 조정하였다.,NEUTRAL
우려는 1) 현재 동사의 주력 사업인 IP STB의 성장 둔화 가능성이다.,NEGATIVE
"① 후발 업체가 공격적인 영업을 할 가능성이 크고, ② 하나로텔레콤의 가입자 증가세가 점차 둔화될 가능성이 있다. 2) IP STB 판매 호조로 실적 개선이 진행 중이나, 실질적인 현금 유입은 이루어 지고 있지 않다.",NEGATIVE
수급부담 요인이 발생할 수 있다는 점에서 2월 마지막 날 우리금융 주가는 타 은행주에 비해 큰 폭으로 하락했다고 판단된다.,NEGATIVE
사모펀드를 통해 간접적으로 산업자본이 은행을 소유할 수 있게 될 경우 우리금융의 민영화에는 긍정적인 영향을 미칠 것으로 보인다.,NEUTRAL
또한 우리금융의 예보 소유 지분 중 7%를 금년 초 주식시장 상황을 고려해 매각한다는 강만수 기획재정부 장관 내정자의 발언은 신정부 출범에 따라 수면 아래로 가라 앉았던 물량 부담이 다시 제기되는 요인이 될 것으로 보인다.,NEGATIVE
"목표주가를 상향조정하는 이유는 정부가 올해 가스공사의 해외배당수익을 E&P투자의 재원으로 활용하는 방안을 적극 검토함에 따라 기존에 Valuation시 반영하지 않던 오만, 카타르 가스전과 예멘 가스전의 규제대상지분(6%)을 Valuation에 반영하였기 때문이다.",NEGATIVE
수르길 가스전 가치 투자지분 축소 및 PNG 판매가격 낮아 기대보다 낮은 수준 지난주 확정 발표된 한국가스공사의 수르길 가스전의 가치는 기대보다 낮은 수준으로 판단된다.,NEGATIVE
"수르길 가스전의 가치가 당초 기대를 하회하였지만, 기존 가스전으로부터의 배당수익에 대한 정부의 규제가 해소된다는 것을 기대하면 아직도 동사의 주식은 충분한 Valuation Merit가 존재한다고 판단된다.",POSITIVE
이것은 동사 Cash Cow 제품인 합성고무의 양호한 수익성을 중장기적으로 확보할 수 있는 필수요소인 것으로 판단된다.,NEUTRAL
"특히 6PPD 1차 증설이 ‘08년 3월(1.3만톤), 2차 증설이 ‘08년 8월(2.6만톤)에 완공되면 동사 실적개선이 본격화될 전망이다.",POSITIVE
"셋째, 비수기에 접어든 1월 컨테이너운임이 사상최고를 기록하고 있어, 2분기 미주노선의 GRI가 성공적으로 진행될 경우 컨테이너 운임상승으로 동사의 실적은 고유가와 경기침체 우려속에서도 성장세를 이어나갈 전망이다.",POSITIVE
"평균운임 2,989$/FEU수준은 컨테이너업황이 최고조에 이르렀던 2005년 7월 성수기의 운임인 2,963$/FEU수준을 상회하는 NOL사의 평균컨테이너운임으로는 사상최고를 기록한 것이다.",POSITIVE
"금호석유의 투자 포인트는 다음과 같다. 1) 그룹 재무 리스크가 낮아지면서 계열사 지분가치가 회복되고 있고, 2) 합성고무 및 기타 사업 부문의 수익성 회복으로 인한 실적 개선이 기대된다.",POSITIVE
주가 상승의 조건(1) 자산가치(=계열사 지분가치) 회복 금호석유는 그룹의 실질적인 지주회사이므로 실적 뿐만 아니라 계열사 지분가치도 주가에 중요한 영향을 미친다.,NEUTRAL
"합성수지의 경우 원가 절감과 단열재, 층간 소음 차단재, ABS 창호재 등 고부가가치 제품 확대를 통해 동사의 실적이 개선될 전망이다.",POSITIVE
숭례문 화재 사고: 장기적인 측면에서 영업에 긍정적으로 작용할 전망 숭례문 화재 사고는 장기적인 측면에서 에스원의 영업에 긍정적으로 작용할 것으로 전망된다.,POSITIVE
2008년 연간 실적 기준으로도 양적 및 질적인 측면에서 동사는 큰 폭의 성장을 할 것으로 예상된다.,POSITIVE
현재주가수준은 포트폴리오가치대비 저평가 - ‘매수’ 현재 형성되어 있는 동사의 시가총액은 향후 자회사 실적의 불확실성을 반영하고 있는 것으로 판단된다.,POSITIVE
"2008년 기준 동사의 PER은 10.3배, 산업재 평균 PER 13.3배 대비 약 29% 저평가되어 있다.",POSITIVE
"인포피아의 혈당 측정 바이오센서 관련 신제품(측정시간 3초 제품, 제품명: Evolution)의 FDA 승인이 지연되고 있다.",NEGATIVE
"동사의 순이익은 공정위 과징금 21억원 발생에도 불구하고 유한킴벌리, 한국얀센 등 자회사 지분법 이익 480억원 발생과 법인세 감면효과로 인해 전년대비 36.3% 증가하여 914억원을 달성하였다.",POSITIVE
"또한 지난 상반기에는 백화점 본점 명품관, 죽전점이 출점되면서 마케팅비용이 증가했던 점을 감안한다면 08년 동사의 상반기 실적 개선폭은 여타 다른 소매업체보다 크게 나타날 수 있을 전망이다.",POSITIVE
"전망치를 뛰어넘고 있는 실적 달성에도 주가 하락폭이 커서 투자메리트 확대 동사는 이처럼 매월 전망치를 뛰어넘는 실적 달성에도 불구, 지난 연말 이후 주가 하락폭이 19.4%에 달해 KOSPI 하락율 12.2% 대비 7% 이상 초과하락률을 기록하고 있다.",POSITIVE
그러나 신규 매출원 추가와 기존 위탁교육 사업에 대한 고성장을 감안하면 동사의 주가는 저평가 수준으로 판단된다.,POSITIVE
"2008년 사상 최대의 실적 달성 가능성 높아 08년 예상 실적은 매출액 1,892억원(21.4% YoY), 영업이익 207억원(48.9% YoY, 영업이익률 11.0%)으로 동사는 사상 최대의 실적을 달성할 것으로 판단된다.",POSITIVE
"동사의 실적 호전 주된 이유는 1) ‘서든어택’이 2월에 기존 PC방 사용시간 최대치를 넘어서는 등 PC방 점유율이 확대되고 있고, 2) ‘마구마구’, ‘완미세계’의 꾸준한 매출 발생과 3) 개발중인 게임의 순차적인 상용화로 신규 매출이 발생될 것으로 예상되기 때문이다.",POSITIVE
"이에 따라 동사의 실적은 전년 대비 매출액은 101.0% 증가한 1,360억원, 순이익은 113.4% 증가한 142억원으로 대폭 증가할 전망이다.",POSITIVE
"미국 스프린트 넥스텔에 대한 모바일 와이맥스관련 매출이 2007년 4분기보다 43% 감소하였음에도 불구하고 106억원 반영되었고, 일본에 대한 FEU 등 기지국 장비 및 부품 매출이 증가하였기 때문에 동사의 전년동기 대비 매출액과 영업이익은 각각 97.6%, 80.5% 증가할 전망이다.",POSITIVE
"이번 필립스의 지분매각은, 1) 필립스의 사업구조 변화에 따른 지분 매각이라는 점에서 부정적 시각은 배제되어야 한다.",NEUTRAL
그럼에도 불구하고 당사는 지금이 동사 주식에 대한 절호의 매수기회라고 판단하고 있다.,POSITIVE
휴대폰의 브랜드 가치 확대 및 제품 믹스 효과로 08년 1분기 실적 기대 이상 LG전자 휴대폰 부문의 매출과 이익 증가가 전체 수익성을 견인할 전망이다.,POSITIVE
"해외수출 실적 호조와 ‘자니딥’ 매출 안정으로 2008년 1분기 실적 양호할 전망 LG생명과학의 2008년 1분기 실적은 매출액 641억원(+11.5%, YoY), 영업이익 55억원(+122.3%, YoY)로 추정된다.",POSITIVE
"③ 2008년 이후의 실적 조정을 감안한 RIM 평가시 동사의 적정주가는 97,000원이며 아직 현 주가 대비 밸류에이션 매력은 높은 수준으로 판단된다.",POSITIVE
"영업실적이 좋아지는 이유는? 하이트맥주는 2008년 매출액 4.5%, 영업이익 11.3%, 순이익 21.4% 증가하여 2007년에 이어 실적개선이 지속될 전망이다.",POSITIVE
예상보다 견조한 디스플레이 경기로 인해 제일모직의 전자재료와 케미컬 사업부문의 실적 개선 속도가 빨라질 전망이다.,POSITIVE
"동사 투자포인트는 1) 전자재료 부문의 급성장을 통한 실적 개선, 2) 에이스디지텍의 빠른 정상화와 기업구조 변화 가능성, 3) 최근 주가 조정으로 인한 밸류에이션 메리트 등이다.",POSITIVE
"견조한 디스플레이 경기는 실적개선의 촉매 08, 09년 디스플레이 경기가 견조할 것으로 예상되고 있어 동사 전자재료 부문의 실적전망을 밝게 하고 있다.",POSITIVE
08년에도 삼성전자 디지털 TV의 빠른 성장에 따른 매출과 영업이익이 무난하게 늘어날 전망이다.,POSITIVE
동사가 2008년 디지털 TV 매출 전략을 휴맥스 브랜드에서 대형 가전 사업자향 ODM 매출확대로 전환하면서 디지털 TV의 매출액은 증가하고 영업적자는 축소될 전망이다.,POSITIVE
"2008년 셋탑박스 매출은 연결기준으로 5,966억원으로 2007년 대비 8.9% 감소할 전망이지만, 디지털 TV는 2,020억원으로 177.1% 증가하여 셋탑박스의 매출감소를 디지털 TV로 상쇄하여 동사의 연결기준 매출액은 8,004억원으로 21.8% 증가할 전망이다.",POSITIVE
높은 실적 안정성은 시간이 지날수록 부각될 전망 동사가 기록하고 있는 높은 실적 안정성은 시간이 지날수록 부각될 수 있다는 판단이다.,POSITIVE
"KOSPI 대비 주가 하락폭 과대, 현주가는 두려움을 갖을 필요가 없는 수준 이처럼 예상치를 뛰어넘는 실적 달성 전망에도 불구, 지난 연말 이후 동사 주가 하락폭은 22.3%에 달해 KOSPI 하락율 17.0% 대비 5% 이상 초과하락한 상황이다.",POSITIVE
"이와 같은 요인에는 아무래도 경기 침체 우려감에 따른 센티멘탈 요인이 크게 작용했다고 판단되는데, 실제 동사의 1분기 실적은 매우 양호할 것으로 전망되어 주가 낙폭을 만회할 수 있을 것으로 판단된다.",POSITIVE
따라서 MLB 및 연성PCB의 매출 증가에 따른 수익성 호전으로 동사의 2008년 순이익은 200억원으로 전년대비 21.5% 증가할 전망이다.,POSITIVE
"동사의 수출비중은 72%(2007년 기준)이고 주로 달러결제인 점을 감안하면, 최근 환율상승(원/달러)에 따른 추가적인 마진 개선이 예상된다.",POSITIVE
영업이익은 일반의약품 광고비 추가집행으로 추정치를 하회하여 동사는 2007년 전체 영업이익률 16.5%(YoY -1.1%p) 달성할 것으로 추정된다.,NEGATIVE
"동사의 투자포인트는 1) 폴리실리콘 양산에 따른 본격적인 실적 개선 기대, 2) 소디프신소재 등 주요 자회사들의 수익성 호전, 3) 순조로운 인천부지 개발 등이다.",POSITIVE
"소디프신소재 등 자회사들의 실적이 호전되고 있고, 인천부지 개발도 순조롭게 진행되고 있다.",POSITIVE
"반면, SBS홀딩스는 지주 계열사들의 자체제작 확대를 통해 킬러 컨텐츠를 양산하기까지는 일정 기간이 소요될 전망이다.",NEUTRAL
"올림픽 효과와 연초에 있었던 방송광고단가 인상, 하반기 기대되는 중간광고 허용 등의 정책적 변화는 08년 SBS의 실적 전망을 밝게한다.",POSITIVE
지주사 전환 미완료와 지상파 방송사에 대한 의존도가 높고 자립적인 기반을 마련하기 위해 초기 대규모 투자가 불가피하다는 점에서 단기적으로는 SBS보다 불리한 점이 있을 전망이다.,NEUTRAL
"첫째, 실시간 IPTV 허용 등 뉴미디어 성장 잠재력의 부각, 둘째, 초기 신규 투자는 향후 점진적으로 감소될 것으로 판단되면, 셋째, 08년 하반기 내 SBS 지주사 편입이 마무리될 것으로 기대됨에 따라 수급환경이 빠르게 확대될 가능성이 높기 때문이다.",NEUTRAL
"B-C유 마진이 배럴당 10달러 개선될 때, SK에너지의 추가 영업이익은 년간 약 7,000억원이며, 이것은 전체 영업이익의 47% 개선되는 엄청난 효과가 있다.",POSITIVE
"중동 천연가스 급등으로 인해 석유화학 사업부 수혜 예상 중동에서 집중적으로 건설하는 천연가스 베이스 에틸렌 프로젝트에 의해 석유화학사업부의 이익이 가파르게 하락할 것으로 우려하고 있다. 하지만 2009년 하반기부터 중동의 천연가스는 북미, 유럽, 아시아 가격과 유사하게 급등할 것으로 전망됨으로 석유화학 제품마진은 현재처럼 강세가 전망된다.",POSITIVE
"의료기기 사업부문 중 일부 라인 정리로 인해 매출액 증가율은 크지 않을 것으로 전망되나, 전문의약품 매출 기여도 증가로 인한 고정비 효과로 동사 영업이익은 전년 대비 큰 폭으로 증가할 것으로 추정된다.",POSITIVE
"일반의약품 부문의 매출 부진에도 불구하고, 주요 전문의약품의 매출 고성장으로 동사는 매출액 7,068억원(YoY +11.1%), 영업이익 915억원(YoY +26.3%)을 달성할 것으로 전망된다.",POSITIVE
"2008년, 제네릭 부문과 수출 부문 실적에 기대 동아제약은 2세대 제네릭 시장의 가장 큰 수혜주라고 판단된다.",POSITIVE
"1,000억원대인 ‘플라빅스’ 제네릭 시장에서 ‘플라비톨(2007년 매출액 130억원)’이 급성장하고 있고, 1세대 제네릭 시장에서도 ‘오로디핀(암로디핀 제네릭)’, ‘글리멜(아마릴 제네릭)’, ‘콜레스논(조코 제네릭)’ 등 동사 제네릭 제품의 시장점유율이 급격하게 증가하고 있다.",POSITIVE
"동사의 수익성이 악화될 것으로 전망한 이유는 코코넛 합병에 따른 신규 매출 계상으로 매출액은 증가하였지만, 인원 증가와 수익성이 낮은 제품 매출 확대로 원가율이 상승할 것으로 분석하였기 때문이다.",NEGATIVE
그러나 신주 모집이 없기 때문에 상장을 통한 공모 자금 유입이 없기 때문에 진로의 재무구조 안정성은 다소 훼손될 것으로 예상된다.,NEGATIVE
이는 LG전자의 32인치 PDP 모듈 출하량 증가와 환율상승 (원/달러)으로 마진율이 개선되었기 때문이다.,POSITIVE
"LG전자의 2008년 1분기 휴대폰 출하량(연결)이 2,398만대로 전년동기대비 51.7%(+1.3% QoQ) 증가할 것으로 추정되고, 2008년 연간으로 10,425만대로 전년대비 29.5% 이상 증가할 것으로 분석되기 때문이다.",POSITIVE
LG전자의 휴대폰 사업이 고가 중심의 제품 구성과 원가개선의 노력으로 1분기에 10% 수준의 높은 영업이익률을 시현할 전망이다.,POSITIVE
필수 소비재 유통비중이 높은 신세계는 소비 둔화 상황에서도 안정적인 실적 흐름을 이어가며 경기 방어주로서의 매력이 부각될 전망이다.,POSITIVE
은행산업이 직면해 있는 마진 하락과 자산건전성 악화라는 험난한 파고를 당분간 다소 빗겨갈 수 있는 대안주로 평가된다.,NEGATIVE
"대구은행, 은행 중 가장 높은 순이자마진 보유 예상 대구은행의 1분기 추정 순이자마진은 3.27%로 전분기 대비 기중 기준 7bp 하락, 누적 기준 4bp 상승할 전망이다.",POSITIVE
"그럼에도 불구하고 당사는 여전히 동사에 대한 긍정적 관점을 유지하며, 투자의견 매수 및 목표주가 69,000원을 유지한다.",POSITIVE
"2007년에 있었던 두 번의 자사주 매입 전후의 동사의 주가 흐름을 감안해 보면, 금번 자사주 매수 기간은 차익실현 보다는 저점 매수 기회로 활용할 것을 추천한다.",POSITIVE
"2007년에는 영업 실적 호조로 인한 라인 증설, 공장 설립 등의 대규모 비용 집행으로 동사의 수익성은 크게 하락하였다.",POSITIVE
"그 이유는 1) 그동안 실적 및 주가에 대해 불확실한 요인으로 작용했던 원료탄 협상가격이 점차 윤곽을 드러내면서 포스코의 철강제품 가격도 조만간 추가적으로 인상되어 향후 수익성 불투명에 대한 요인들이 점차 사라질 것으로 전망되고, 2) 수익성 부담 요인인 원/달러 환율 상승도 점차 안정세를 보이고 있기 때문이다.",POSITIVE
"동사의 1분기 실적 호전의 주된 이유는 해약률 하락과 ARPU 개선 효과 지속, 서초동 삼성타운 관련 매출 발생으로 외형이 확대될 것으로 예상되기 때문이다.",POSITIVE
"노키아의 경우 04년~06년까지 저가폰 부문에서 규모의 경제 확보, 글로벌 EMS 업체를 통한 생산 효율화, 플랫폼 당 판매량 증가를 통한 원가 경쟁력 개선 등을 통해 자산 효율성(자산회전율 04년 1.3배에서 06년 1.9배로 개선) 빠르게 개선되었다.",POSITIVE
"LG전자도 최근 생산 효율화와 브랜드 인지도 상승, 디자인 경쟁력 강화 등으로 자산 효율성이 빠르게 개선되고 있다.",POSITIVE
"규모의 경제 확보와 플랫폼 당 판매량 증가, 마케팅의 효율화 등을 통해 핸드셋 부문에서의 이익 구조가 꾸준히 개선될 것으로 예상된다.",POSITIVE
매출액 감소는 반도체 제조사의 투자 위축으로 인한 반도체용 세정기와 가스 캐비닛 등 반도체 부문의 매출 감소에 기인한 것으로 추정된다.,NEGATIVE
"그러나 당사는 LCD 부문의 매출 증가가 반도체 부문의 매출 감소를 상쇄할 것으로 전망하여 케이씨텍에 대한 6개월 목표주가는 9,700원, 투자의견은 ‘매수’(Buy)를 유지한다.",POSITIVE
"현재 동사의 주가는 2008년 BPS 기준으로 PBR 1.2배, 2008년 EPS 기준으로는 PER 6.8배 수준으로 저평가되어 있다고 판단된다.",POSITIVE
제품 포트폴리오 강화로 매출 안정성 확보와 수익성 개선이 동시 진행 중 케이씨텍은 기존 제품군인 LCD wet 장비와 가스 캐비닛 이외의 신제품군의 호조로 매출의 변동성을 줄이고 수익성을 향상시키고 있다.,POSITIVE
"따라서 LCD 장비 부문의 2008년 연간 매출은 1,279억원으로 전망되며 전년 대비 127.7%의 높은 성장이 예상된다.",POSITIVE
"또한, 2007년 개발 완료된 Ceria CMP Slurry는 3월부터 국내 반도체사로 공급이 재개되고 있으며, 2분기 이후 매출이 본격적으로 증가할 것으로 예상된다.",POSITIVE
"그 이후 적정 기업가치 대비 주가 하락폭이 지나쳐서 소폭 반등이 진행중인데, 동사의 1분기 실적이 기존 예상치를 크게 상회할 것으로 추정되고 하반기로 갈수록 실적 개선폭 확대와 E&P 관련 생산광구가 늘어나면서 본격적인 주가 반등 시기가 빨라질 수 있다는 판단이다.",POSITIVE
"이에 따라 LG의 당기순이익은 종전예상치보다 09년엔 3%, 10년엔 11% 확대될 전망이다.",POSITIVE
"이는 주력자회사인 LG전자의 당기순이익이 08년 101% 증가에 이어 09년 12%, 10년 6% 증가할 전망이기 때문이다.",POSITIVE
"이에 따라 LG전자의 당기순이익은 종전예상치보다 09년엔 7%, 10년엔 26% 확대될 전망이다.",POSITIVE
"LG전자의 영업실적 호전이 가속화되는 것은 생산효율화와 브랜드 인지도 상승, 디자인 경쟁력 강화 등으로 자산효율성이 빠르게 개선되고 있기 때문이다.",POSITIVE
이제는 긍정적 환율 흐름을 주가에 반영할 시기 긍정적인 환율 흐름은 이제 동사의 주가에 반영하기 시작하는 단계로 보인다.,POSITIVE
"과도한 외국인 매도세는 진정국면, 투자의견 매수, 목표주가 80,000원 유지 과도했던 외국인 매도세가 진정되면서 동사의 주가 상승에 탄력을 더할 전망이다.",POSITIVE
두 업체의 경쟁력 차이를 고려할 때 LG디스플레이에 집중된 외국인 매도세는 점진적으로 완화될 것으로 예상된다.,POSITIVE
2007년 6월 합병된 코오롱유화의 실적이 화학 부문에 계상된 효과가 가장 크다.,NEUTRAL
"화학 부문의 주력 제품은 석유수지(접착제 원료), 고흡수성 수지(기저귀, 생리대원료)인데 향후에도 꾸준한 이익증가를 기대할 수 있다.",POSITIVE
"최근 원화 약세에 따라 타이어코드, 에어백등의 원가 경쟁력이 강화되면서 동사의 2분기 영업이익은 전년 동기 대비 76.8% 증가한 266억원에 달할 전망이다.",POSITIVE
지난 2007년 6월 자회사였던 코오롱유화를 합병하면서 이익기반이 강화되었고 2008년 3월 3일부로 섬유 부문을 분사하면서 명실상부한 화학/기초소재 기업으로 거듭났다.,NEUTRAL
대상의 어닝 서프라이즈는 1분기부터 본격적으로 진행될 것으로 예상되며 1분기 영업이익 증가는 137.1%(YoY)에 달할 전망이다.,POSITIVE
현재의 국내외 철강 시황은 2004년말~2005년초와 매우 유사한 과열국면 진입 2008년 IR 정책에서 동사의 주가에 부정적인 점은 2가지이다.,NEGATIVE
"즉 원료 가격의 상승분이 판매가격에 전가되면서 철강 가격이 강세를 보이고 있으나, 동사의 이익은 이에 준하는 고공 행진을 보이지 못하는 한계를 보여주고 있다.",NEGATIVE
"FY08 영업이익 -1,339억원(적자전환) 전망 FY08 모회사 기준 한국전력의 영업이익은 -1,339억원(적자전환), 순이익 5,494억원(-64.7%,yoy)를 기록할 전망이다.",NEGATIVE
"장기적인 성장성 회복 주목할 시점! 목표주가 35,000원 유지 하이닉스에 대한 투자의견 매수와 08년 예상 PBR 1.9배를 적용한 목표주가 35,000원을 유지한다.",POSITIVE
"투자의견 Buy, 목표주가 790,000원으로 상향 조정 삼성전자의 목표주가를 기존 68.5만원에서 79만원으로, 투자의견도 Buy(매수)로 상향조정한다.",POSITIVE
"1분기 실적은 부진할 전망, 성장통의 기간 삼성테크윈의 1분기 실적은 매출액 7,177억원, 영업이익 293억원으로 전년동기 대비 매출액은 4.7% 증가하나 영업이익은 17.1% 감소할 것으로 추정된다.",NEGATIVE
"동사의 턴어라운드는2008년 1분기부터 시작될 것으로 분석되며, 1분기는 기존 제품군으로 2분기는 신규 제품의 매출 가세로 실적 호전 추세가 본격화될 것으로 판단된다.",POSITIVE
"1분기 이마트 객단가는 1.5% 이상 높아진 것으로 추정되는데 07년 객단가 상승률이 0.1% 수준이었던 점을 감안하면 1분기 객단가 상승률은 이례적으로 높은 수준이며, 그 외에도 PL 상품매출 호조, 대형마트간 경쟁 완화 등이 1분기 실적 호조 요인으로 작용했다.",POSITIVE
"08년 주요 소매유통업체 중 가장 큰 폭의 실적 개선 전망 당사에서는 신세계가 1분기는 물론, 연간 기준으로도 소매유통업체들 중 가장 큰 폭의 실적 개선을 달성 할 것으로 전망하고 있다.",POSITIVE
특히 이마트는 매년 매출이익률이 큰 폭으로 높아지면서 수익성이 개선되고 있어 이익의 질이 뛰어나다는 점도 긍정적으로 평가할 수 있는 부분이다.,POSITIVE
"하반기 철강 경기에 대한 불확실성이 상존하고, 동사의 분기별 영업이익률은 우하향 추세가 예상되기 때문이다.",NEGATIVE
휴대폰 및 가전의 성장이 실적호전의 주 요인 미국의 서브프라임 사태에 따른 신용경색에도 불구하고 빠른 수익성 개선을 보이고 있는 휴대폰 부문과 가전부문의 선전이 동사의 1분기 실적 개선의 주요 원동력으로 작용하였다.,POSITIVE
"투자의견 매수, 목표주가 172,000원 유지 GS건설에 대한 투자의견 매수 및 목표주가 172,000원을 유지한다. 1분기 실적에서도 확인할 수 있었던 바와 같이 신규수주의 증가세가 유지되고 있기 때문에 장기 성장 스토리는 여전히 유효한 것으로 판단된다.",POSITIVE
또한 아직 연간 실적 추정에는 반영하지 않았지만 주택 부문의 원가개선 효과로 인해 동사의 08년 실적이 상향조정될 가능성도 큰 것으로 판단된다.,POSITIVE
삼성전자의 제품 채택 이후 후발 가전업체가 동일한 소재를 구매하여 적용하는 흐름이 이어지고 있는 것으로 파악된다.,NEUTRAL
"실적 개선 모멘텀이 살아 있고, 장기적인 체질 개선을 수반하고 있어 지속적인 리레이팅이 가능할 것으로 판단한다. 1분기 글로벌 영업이익 6,053억원은 시장 기대를 크게 상회, 2분기에도 최대 이익 달성 LG전자의 1분기 글로벌 영업이익은 당사 예상치를 42% 큰 폭으로 상회한 6,053억원을 기록하였다.",POSITIVE
향후 LG화학의 주가는 상승세가 예상되는데 그 이유는 실적대비 주가는 현저히 저평가되어 있기 때문임.,POSITIVE
이는 동사 전략이 수익 위주로 전환되면서 인터넷 매출은 크게 줄어들었지만 이익 개선에 기여하고 보험판매도 여전히 호조를 나타내고 있기 때문으로 이러한 실적 개선 요인은 08년 내내 이어지면서 연간으로도 영업이익이 37% 이상 증가할 전망이다.,POSITIVE
따라서 대림산업의 현 주가수준이 매우 매력적인 Valuation이라고 판단하여 투자의견 매수를 유지한다.,POSITIVE
또한 LG전자라는 대형 고객사를 보유하고 있어 2010년 이후 나타날 수도 있는 폴리실리콘 공급 과잉도 큰 리스크가 아니다. 4) 최근 주가 반등에도 불구하고 Valuation이 매력적인 수준이다.,NEUTRAL
"구글은 2007년 가장 주목받는 기술주 중의 하나였지만, 2008년 들어 지난 해의 50%에 달하는 수익이 날아갔다.",NEGATIVE
전년 대비 반도체 경기 하락으로 인한 투자 위축으로 반도체 부문의 매출 감소가 전년 동기 대비 매출액 감소의 원인인 것으로 추정된다.,NEGATIVE
점차 확인되어 가는 턴어라운드 기운과 1분기 추정실적을 반영하여 수익예상 상향을 소폭 상향 조정한다. 동사의 2008년 영업이익과 순이익 예상치를 각각 4.7%와 5.5%씩 높였다.,POSITIVE
"동사 1분기 영업실적은 폴리실리콘 영업실적이 반영됨에 따라 큰폭으로 증가하였다. ‘08년 1Q: 영업이익 826억원(50.7%) 대폭 증가 동사의 1분기매출액 및 영업이익은 각각 4,084억원(YoY +23.5%), 826억원(50.7%)개선되었다.",POSITIVE
그러나 제 2공장 증설 이전까지는 동사가 일부제품을 현물시장에서 판매할 수 있기 때문에 폴리실리콘의 수익개선 랠리가 지속될 것으로 전망된다.,POSITIVE
"2Q 영업이익 960억원(QoQ +17.1%) 실적개선 지속 전망 폴리시리콘이 실적개선에 힘입어 동사의 2분기 매출액 및 영업이익도 각각 4,201억원(QoQ +2.9%), 960억원(+17.1%)으로 개선될 전망이다.",POSITIVE
그러나 오히려 글로벌 우량기업인 삼성전자의 역량이 충분히 발휘될 수 있을 것으로 판단됨. 삼성전자는 그동안 미루어 왔던 임직원 인사를 단행하고 4월 25일 실적발표 후에 자사주 매입 등 주주환원 정책도 펼 것으로 예상되어 주가에 미치는 영향은 긍정적임.,POSITIVE
"실적발표와 함께 2008년 경영계획을 구체적으로 밝힐 것으로 보여 일부 불확실성이 해소되는 효과도 기대됨. ▶ 메모리 턴어라운드, LCD 호황 향유, 휴대폰 사업 선전 삼성전자의 핵심 사업인 반도체 경기는 바닥을 치고 하반기 회복을 눈앞에 두고 있는 것으로 전망됨. LCD 부문은 이미 호황을 만끽하고 있는 중이고 휴대폰 사업도 호조를 보이고 있음.",POSITIVE
동사의 매출액은 비수기 영향으로 전분기대비 12% 감소하였으나 영업이익률은 22.2%로 사상 최고 수준을 이어갔다.,POSITIVE
삼성전자의 1분기 어닝 서프라이즈는 1) 패널 가격이 예상보다 강세를 보였고 2) 3D 프로젝트 등 원가절감 활동이 성과를 보였기 때문으로 분석된다.,POSITIVE
② 영업이익 1조원 돌파 : KT&G의 2008년 영업이익은 1조 66억원을 기록하며 전년 대비 23.6% 증가할 전망이다.,POSITIVE
③ 홍삼 열풍 당분간 지속 : 웰빙으로 인한 홍삼 제품에 대한 관심으로 한국인삼공사의 어닝 서프라이즈는 2008년에도 지속될 전망이다.,POSITIVE
"부산은행의 1분기 순이익은 843억원으로 전년동기 대비 10.6%, 전분기 대비 118.3% 증가해 우리 추정치 795억을 상회하는 기대 이상의 양호한 실적을 기록했다.",POSITIVE
또한 지난해 4분기 크게 증가했던 요주의 여신 중 약 500~`600억원 가량이 정상 여신으로 재분류된 것으로 보여 동사의 대손비용도 우리 추정치를 하회했다.,POSITIVE
"1분기 중 순이자마진이 유지되는 유일한 은행 부산은행의 순이자마진은 3.11%로 기중 기준으로는 전분기 수준 유지, 누적 기준으로는 전분기 대비 4bp 상승했다.",POSITIVE
"동사의 1분기 실적 성장 추세가 둔화된 이유는 1) 경기 둔화에 따라 IT 서비스 관련 매출이 감소하였고, 2) 신세계몰 관련 비용 증가로 E-C사업에서 8억원의 영업손실(2007년 1분기 4억원 흑자)을 기록했기 때문이다.",NEGATIVE
신세계몰사업 실적 악화는 쇼핑몰업체간 경쟁 격화로 할인쿠폰 발행이 증가하여 수익성이 악화되었기 때문으로 분석된다.,NEGATIVE
"특히 원/달러 환율이 안정세에 들어설 것으로 전망되어 동사의 세전이익이 2,809억원으로 전년동기대비 103% 증가할 것으로 예상된다. ▶",POSITIVE
"부산은행 당기순이익이 크게 증가한 것은 순이자마진의 안정적 유지와 유가증권, 외환/파생 관련 이익 증가로 순이자이익과 비이자이익이 전년동기대비 각각 15.9%, 15.5% 증가한 가운데 판관비와 대손전입액 부담이 크지 않았던 데 따른 것이다.",POSITIVE
"동사의 영업이익은 석탄가격이 전년대비 28.6% 상승하고 LNG사용량이 23.7%가 증가하면서 2,220억원의 영업적자가 예상된다.",NEGATIVE
PBR 0.45배는 박스권 하단으로 적극적인 매수 시점 동사의 PBR은 0.45배로 PBR밴드 하단으로 장기적인 관점에서 적극적인 매수가 필요하다.,POSITIVE
"특히 VoIP 가입자의 확대에 따라 TPS 부문의 수익은 전년동기 대비 70% 증가하며, 두 자릿수 영업수익 증가를 견인하였다.",POSITIVE
영업수익의 확대에도 불구하고 VoIP 가입자 확대에 따른 마케팅비용과 장비구입비의 증가로 동사의 영업이익률은 전년동기 대비 6.8%p 감소한 15.0%로 집계되었다.,NEGATIVE
"08년 영업수익은 13% 성장 예상, 09년이후 영업이익 개선 전망 08년 LG 데이콤의 영업수익은 VoIP 가입자 증가에 따른 TPS 수익 확대로 전년동기 대비 13% 성장한 15,185억원으로 전망된다.",POSITIVE
"08년 1분기 당기순이익 전년동기대비 5.3% 증가한 774억원 기록 08년 1분기 대구은행 당기순이익은 774억원을 기록하여 전년동기대비 5.3%, 전기대비 109.3% 증가하였다.",POSITIVE
대구은행의 1분기 실적은 순이자마진이 예상보다 양호한 수준에서 유지되었고 판관비와 대손비용 부담이 크지 않아 양호한 수준이었다.,POSITIVE
여기에 IB투자이익 및 PF수수료 수입과 외환관련 이익이 크게 증가하였던 점도 동사의 실적 개선에 기여하였다.,POSITIVE
박카스 매출은 전년동기대비 3.4% 감소하였는데 최근 음료시장 트렌드를 비추어 볼 때 매출 감소세는 지속될 것으로 예상된다.,NEGATIVE
"반면 마진이 높은 전문의약품 매출이 고성장하고, 작년 적자였던 의료기기 사업부분 정리로 인해 동사의 영업이익은 큰 폭으로 증가하였다.",POSITIVE
영업이익이 시장 컨센서스 및 대신증권 리서치센터의 추정치를 하회한 것은 동사 고속 부문의 유류비(전년대비 15억원 증가) 및 성과급(40억원 발생)이 원가에 반영되면서 원가율이 10.3%p 상승했기 때문이다.,NEGATIVE
법인과 소매부문의 고른 성장으로 매출액은 전 분기 대비 5.8% 증가 1분기에도 LG파워콤의 법인과 소매부문은 5분기 연속 안정적인 성장률을 기록하였다.,POSITIVE
아토르바 1위 독주: 출시 첫 해인 2008년에 186억원의 매출을 기록한 아토르바는 지난 1분기에도 매출 90억원을 달성하며 빠른 성장 지속하고 있다.,POSITIVE
제네릭시장에서 확인되는 동사의 선전은 향후 출시될 추가 제품의 영업실적에 대한 기대감을 높이고 있다.,POSITIVE
1분기 어닝서프라이즈 시현 동사의 1분기 실적은 낙관적인 견해의 시장기대치를 상회하는 어닝서프라이즈를 시현하였다.,POSITIVE
"눈높이 학습지 매출액은 1,724억원(-1.6% yoy), 영업이익 155억원(-19.8% yoy)으로 전년 동기대비 이익률은 하락했다.",NEGATIVE
"방과후 학교는 영어교실 확대로 인해 매출액 137억원(+30.2% yoy), 영업이익 8억원(+385.1% yoy)을 기록하였다.",POSITIVE
"유한양행의 영업이익은 26.2% 감소해 예상치를 32억원 하회했는데 이는 작년 하반기 완공된 평택 신공장(바이오플랜트, 세파계플랜트)의 감가상각비부담과 가동률 저하, 팔탄공장의 구획공사, 제조원가의 경상연구개발비 급증(22억원 49억원)에 따른 원가부담 증가에 따른 것이다.",NEGATIVE
유한양행의 매출 증가요인으로는 유통사업 호조와 환율 급등에 따른 해외사업부의 매출 급증에 따른 것이다.,POSITIVE
세전이익은 16.8% 늘어나 예상치를 크게 상회했는데 이는 유한킴벌리 등 자회사에 대한 지분법평가이익이 41.9% 급증했기 때문이다.,NEUTRAL
"여기에 유통물량이 적다는 약점마저 해소됨에 따라 안정적 신규 사업을 확보하고 있는 글로비스 가치는 더욱 높아질 전망이며 목표주가 ‘82,000원’과 투자의견 ‘BUY’를 제시한다.",POSITIVE
"우리는 글로비스 목표주가를 기존 ‘73,000원’에서 ‘82,000원’으로 상향 조정하며 투자의견 ‘BUY’를 유지한다.",POSITIVE
반면 유한킴벌리를 통한 지분법 이익은 08년 1분기 84억원에서 이번 분기 129억원 으로 53.6% 증가하였다.,NEUTRAL
전체 지분법 이익은 179억원으로 전년 동기 대비 42.1%가 증가하여 유한양행의 당기순이익은 365억원으로 19.4% 증가하였다.,POSITIVE
"1분기 실적, 당초 계획보다 좋은 판매량으로 선전 현대제철의 1분기 실적은 여러가지 어려움속에서도 선전한 것으로 평가된다.",POSITIVE
"반면, 전년도 3분기에는 인천공항 면세점의 임대료가 정상적으로 부과된 가운데 신규 오픈한 탑승동 영업이 부진하여 인천공항 면세점은 적자를 기록하였다.",NEGATIVE
"영업 비용 통제 긍정적 SK텔레콤의 1분기 상세 실적을 살펴보면, 고 기본료 상품의 가입자 증가로 기본료 매출이 전년동기 대비 16% 증가한 9,830억원을 기록하였고, 무선인터넷 매출 역시 정액제 가입자 증가로 전년동기 대비 5% 증가한 6,250억원을 기록하였다.",POSITIVE
"프랜차이즈 학원과 수강생 증가로 성장세 지속 부문별 매출실적은 ESL학원사업이 수강료(+4.8%, 이하 yoy)와 프랜차이즈(+65.0%) 수입 증가로 15.3% 성장한 114억원을 기록했는데, 3월 말 현재 학원 수강생 현황은 청담어학원 4.7만 명(+11.7%, Prep포함), APRIL 1.2만 명(+113.7%) 수준이다.",POSITIVE
"ESL컨텐츠도 33.0% 증가한 126억원으로 집계되었는데, 이는 가맹학원 증가로 유입된 수강생들이 교재판매(+39.2%)와 온라인수강(+29.1%) 매출 증대로 이어져 호조세를 나타냈다.",POSITIVE
다음은 트래픽을 수익 창출로 연결하는 것에 실패하고 있다.,NEGATIVE
다음의 1분기 실적 악화 요인은 ① 글로벌 경제 위기로 인한 광고 경기 침체와 ② Google과의 검색광고 대행 계약 3년차 진입으로 매출 인식 조건이 변경되었기 때문이다.,NEGATIVE
VoIP 가입자 증가효과에도 기업부문의 부진으로 매출액은 3.3% 감소 1분기 LG데이콤의 매출액은 VoIP의 꾸준한 가입자 증가에도 불구하고 IDC 및 전용회선 부문 등에서의 매출 감소로 전 분기 대비 3.3% 감소하였다.,NEGATIVE
"인건비 등의 비용 절감으로 영업이익은 역대 최대 수준인 714억원을 기록 1분기 LG데이콤의 영업이익은 인건비 등의 비용 감소 효과에 따라 전 분기 대비 14.6% 증가하며, 역대 최대 수준인 714억원을 기록하였다.",POSITIVE
한편 한국타이어의 세전손익은 헝가리 공장의 환율 관련 손실 지속에 따른 지분법평가손실 등으로 인해 전분기에 이어 적자(적자폭은 축소)를 지속했다.,NEGATIVE
1분기 SK텔레콤의 매출액은 1) 접속요율 조정에 따른 접속료 수익 감소와 2) 계절적 요인에 따른 통화량 감소에 따른 통화료 감소로 전 분기 대비 4.4% 감소하였다.,NEGATIVE
2분기에도 영업이익 개선효과 지속될 것 한솔제지의 영업이익 개선추세는 2분기에도 지속될 것으로 예상된다.,POSITIVE
"현대중공업의 세전이익은 이자수익과 지분법이익의 감소 등으로 6,331억원(YoY -2.7%, QoQ -36.1%)을 기록하였다.",NEGATIVE
현대중공업의 영업이익이 악화된 주원인은 원/달러 환율상승과 후판재고 등의 영향으로 조선부문의 후판 투입단가가 전분기 대비 10% 이상 추가 상승한 결과로 판단된다.,NEGATIVE
4월 요율 인상으로 보험영업의 수익성 회복 본격화 FY08 4분기부터 시작된 코리안리의 수익성 회복은 더욱 강해질 전망이다.,POSITIVE
SK텔레콤의 09년 1분기 실적: 컨센서스 대비 소폭하회 ? 매출 감소 및 1회성 비용 증가,NEGATIVE
SK텔레콤의 매출 정체는 망내할인 가입자 증가에 따른 통화료 매출 감소와 접속료율변경에 따른 소급분반영 및 영업일수 감소에 따른 통화량 감소 때문이다.,NEGATIVE
"목표주가는 23,000원을 유지한다. 09년 1분기 실적: 컨센서스 상회 LG데이콤의 09년 1분기 매출은 4,327억원(yoy 16%), 영업이익은 714억원(yoy 28%), 당기순이익은 550억원(yoy 53%)를 기록하였다.",POSITIVE
LG데이콤은 감가상각비를 제외한 제 비용이 증가했음에도 매출성장을 기반으로 영업이익도 증가하는 긍정적인 실적을 시현하였다.,POSITIVE
따라서 지속적인 영업외 비용 부담은 영업실적 개선의 의미를 축소시키고 있으며 이러한 부담은 연내 지속될 것으로 전망되기 때문에 향후 한솔제지의 주가에는 부정적인 요인이 될 것으로 판단된다.,NEGATIVE
대우건설 주가의 키포인트 중 하나가 08년 부진한 실적으로 인해 올해 실적 기저효과 를 기대할 수 있느냐 여부이다. 하지만 08년과 비교해서도 09년 1분기 실적이 부진했기 때문에 기저효과는 아직 나타나지 않고 있다.,NEGATIVE
선박부문 중도금 연기에 따라 현금 감소 지속 전망 현대중공업은 1분기에 조선사업부의 중도금 연기에 따른 현금 감소가 발생하였으며 그 감소폭은 몇 천억원 수준으로 추정된다.,NEGATIVE
"하지만 디스플레이 광고가 예상을 상회할 가능성은 낮아 향후 목표주가 하향 조정 가능성도 있다. 1분기 어닝 쇼크 기록 다음의 1분기 본사기준 매출액은 전분기대비 14.7% 감소한 507억원, 영업이익 36억원(-65% qoq), 당기순손실 41억원(적자전환 qoq)을 시현하였다.",NEGATIVE
그 결과 신한지주의 2010년 예상 연결순이익은 1.64조원으로 기존 예상치보다 17% 상향 조정했다.,POSITIVE
석유화학부문의 경우 고환율과 제품가격의 강세를 바탕으로 2008년 3분기로부터 3분기 연속 이익증가를 기록했다.,POSITIVE
하반기에도 원가 하락 효과 나타나면서 실적 개선 지속 하반기로 갈수록 하이트맥주의 실적은 꾸준히 좋아질 전망이다.,POSITIVE
"하이트맥주의 하반기 핵심은 원가 하락이라고 할 수 있다. 2분기부터 외산맥아가격이 17% 하락하여 투입되고, 유가 하락으로 캔과 페트병 등 부재료 가격도 하락할 전망이다.",POSITIVE
"1Q Review: 놀라운 실적 개선. 영업이익 YoY 185.4%↑, QoQ 512.8%↑ LG마이크론은 1분기 깜짝 실적(Earning Surprise)을 기록하였다.",POSITIVE
정유시황이 2분기를 바닥으로 회복될 것으로 전망되고 원/달러 환율 하락으로 S-Oil의 세전이익이 큰 폭으로 개선될 것으로 기대되기 때문이다.,POSITIVE
"8%가 넘는 배당 수익률이 매력적인 가운데 경쟁 업체 대비 주가 상승폭이 미미했다는 점도 주목해야 한다. 1분기 영업이익 4,014억원으로 어닝 서프라이즈, 2분기는 2,124억원으로 감익 S-Oil의 1분기 영업이익은 전년 동기 대비 26.7% 증가한 4,014억원을 기록했다.",POSITIVE
"S-Oil의 실적이 호전된 이유는 ① 원화 환산 정제마진 상승, ② 중국 수요 호조에 따른 화학 부문 실적 개선, ③ 전분기 재고관련손실 일부 환입(518억원) 등이다.",POSITIVE
"반면, 인건비와 광고선전비 및 접속료 등이 감소하며 SK브로드밴드의 영업적자는 직전분기 대비 크게 감소했다.",POSITIVE
"정유, 화학, 윤활유 사업에서 모두 영업흑자 기록 이번 S-Oil 실적의 특징은 전사업 모두 양호한 실적을 보여주었다는 데 의의가 있다고 판단됨. 특히 윤활유 가격의 급격한 하락에도 불구하고 시장 환경에 따른 발빠른 제품 변화 및 판매처 변화로 sales volume을 증가시키면서 16.8%의 높은 영업이익률을 시현하였음.",POSITIVE
"복주법인의 지분법손실 108억원, 외환손실 90억원 등으로 LG이노텍의 세전이익은 59억원에 그쳤음.",NEGATIVE
무엇보다도 주식시장에서 가지고 있는 편견과 다르게 계룡건설의 성장성을 충분히 보여준 것이 긍정적이다.,POSITIVE
"2분기 신규수주 급증 기대감 유효, 또 하나의 모멘텀 동사의 1분기 신규수주는 344십억원으로 계룡건설의 09년 수주목표(약 2조원)대비 17.1%의 달성률을 기록했다.",POSITIVE
"투자의견 ‘매수’로 상향, 목표주가 10,800원 제시 기업은행에 대한 투자의견을 ‘매수’로 상향, 목표주가 10,800원을 제시한다. 2009년말 예상 BPS에 PBR 0.8배를 적용하여 산출하였다.",POSITIVE
LS전선은 전기동 가격 하락으로 매출액은 감소하였다.,NEGATIVE
이익의 안정성과 친환경 기업으로서 주목 필요 LS의 투자 포인트는 다음과 같다. 1) 이익의 안정성이 뛰어나다.,POSITIVE
우리투자증권의 순영업이익(영업수익-영업비용+판관비)은 전분기대비 71%(+860억원)증가하였는데 이는 이자이익이 237억원이 증가하였고 운용이익도 635억원이 증가했기 때문이다.,POSITIVE
KCC의 영업이익이 큰폭으로 증가한 것은 감가상각비 감소와 조선 관련 도료부문의 실적개선 때문으로 판단된다.,POSITIVE
"KCC의 감가상각비는 폴리실리콘 투자 관련 감가상각비가 08년 2,100억원에서 09년 1,600억원 수준으로 감소할 전망이다.",POSITIVE
또한 최근 국제유가 안정으로 조선 관련 도료부문의 수익개선이 환율효과와 겹치면서 KCC의 1분기 실적개선을 이끈 것으로 판단된다.,POSITIVE
기업은행의 경우 경기에 민감할 수 밖에 없는 대출포트폴리오 구조상 당분간 자산건전성은 타행 대비 더 악화될 수 밖에 없는 환경에 놓여 있다.,NEGATIVE
"대한항공의 09년 1분기 실적은 매출액 2조 2,644억원(-0.01% yoy), 영업이익 66억원(-66.3% yoy), 세전이익 -6,739억원(적자지속)을 기록하였다.",NEGATIVE
물론 환율의 전반적인 하락추세는 LG상사의 실적에 불리하게 작용될 수 있다.,NEGATIVE
코오롱아이넷의 2008년 영업이익률은 3.1%로 동종업종 경쟁업체 대비 가장 높은 수준이었으며 상승 폭도 1.7%p로 가장 양호하였다.,POSITIVE
"LG패션의 목표주가를 소폭 상향했는데, 그 이유는 1) EBITDA의 상향에 따른 사업가치의 증대, 2) 투자자산가치에 대한 할인율 조정 때문이다.",POSITIVE
"VIP 객장 매출액 정상화로, 2분기 안정적인 성장 전망 강원랜드의 1분기 실적은 당사와 시장 전망치를 상회하였다.",POSITIVE
"NHN이 불경기인 1분기 실적이 양호했던 것은 게임부문 매출액이 전분기 대비 20.8% 증가한 것에 기인하고 있지만, 온라인광고(검색+디스플레이) 매출액 감소율 5.7%로 2위 포털 다음의 14.7% 감소나 Google의 7.0% 감소와 비교해 선방하였기 때문이다.",POSITIVE
"검색광고부문은 ① 5월 가정의 달 성수기 효과에다 ② PPC(Price Per Click) 상승, ③ 광고주 수 증가로 전분기보다 5.0% 늘어날 것으로 전망된다.",POSITIVE
2분기 이후 할인율 축소 효과와 원가 하락으로 실적 급반등 예상 2분기 이후에도 오뚜기의 매출액은 지속적으로 증가할 전망이다.,POSITIVE
"경기 회복 기대감, 유가 상승, 원/달러 환율 급락 등에 따라 정유 업종에 대한 투자 매력이 살아나고 있다.",POSITIVE
"중장기 정유 시황 호조, 고도화 설비 투자로 중장기 실적 전망도 긍정적 GS의 중장기 실적 전망도 긍정적이다.",POSITIVE
"삼성화재의 4분기 수정보험영업이익은 90억원 적자로 전년 대비 적자 전환되어 170억원 감소하였고, 이에 따라 합산비율(손해율+사업비율)도 100.4%로 전년 대비 0.8%p 상승하였다.",NEGATIVE
"특히 건설기계 부문의 매출이 전분기 대비 60.4% 증가, 영업이익은 439억원(OPM 13.4%)으로 흑자전환하였고 총 영업이익의 99.6%를 기여하였다.",POSITIVE
"투자영업이익: 82.4십억원(yoy +4.8%, mom +10.2%), 투자수익률 5.0% 운용자산 증가(yoy +11.9%)와 채권 및 대출채권부분의 안정적인 이익 시현이 원인 삼성화재의 3월 수정순이익은 80.0십억원을 시현하였다.",POSITIVE
자동차 및 장기보험 손해율 개선이 큰 폭으로 발생했으며 사업비율 개선과 투자수익률 개선 등 삼성화재는 전 부문에서 우수한 실적을 시현한 것으로 판단된다.,POSITIVE
4분기 실적: 삼성화재의 이익 안정성이 돋보이는 실적 삼성화재의 4분기 수정순이익은 yoy +14.9% 증가한 182십억원을 시현했다.,POSITIVE
"Auto Focus용 Actuator 매출 증가로 09년 전체 매출과 영업이익은 전년대비 각각 61.8%, 172.7% 이상 증가하여 자화전자의 전체 성장성과 수익성을 견인하는 주력제품으로 부상할 것으로 판단된다.",POSITIVE
LG패션은 전반적으로는 판가하락에 따른 수익성 하락으로 영업이익 감소가 불가피했던 것으로 추정된다.,NEGATIVE
"1분기 실적 매출액 1조 7,857억원(-10.5% yoy), 영업이익 -2,493억원(적자전환), 세전이익 -2,705억원(적자확대) 한진해운의 1분기 매출액은 1조 7,857억원을 기록하여, 전년비 10.5% 감소한 것으로 나타났다.",NEGATIVE
"한국가스공사의 1분기 LNG판매량은 도시가스용 판매량이 4.4%(yoy)감소, 발전용 LNG판매량이 33.2%(yoy)감소하여, 총 15.2%(yoy)감소한 8,149천톤을 기록하였다.",NEGATIVE
외환은행은 1분기 중 큰 폭의 마진 하락과 건전성 악화에 따른 대손비용 증가로 약 748억원의 적자를 시현했다.,NEGATIVE
MBS 물량 증가와 함께 작년 고철가격 급등에 따른 하반기 판가 인상이 대창메탈의 외형성장을 견인했다.,POSITIVE
"한편 해양플랜트 시장에서의 경쟁은 심화되고, 그 결과 삼성중공업의 수주마진은 하락할 가능성이 있다.",NEGATIVE
"온라인교육사업이 B2B(+13.8%, 이하 yoy기준)부문의 선전에도 불구하고 B2C(-23.3%)부문의 부진으로 3.1% 감소한 44억원을 기록했다.",NEGATIVE
"2009년과 2010년 EPS 전망치는 각각 51.7%, 90.4% 상향 조정했다. 엔씨소프트에 대한 ‘매수’ 투자의견을 유지하고, 목표주가를 기존 180,000원에서 320,000원으로 상향하였다.",POSITIVE
"국도화학의 투자 포인트는 1) 전방 산업 침체에도 불구하고, 원료 가격 하락으로 사상 최대의 이익이 기대되고, 2) 풍력 블레이드용 에폭시에 대한 인증 절차를 완료함으로써 해당 분야 진출에 대한 기대감이 더욱 높아졌다는 점이다.",POSITIVE
이에 따라 국도화학의 09년 영업이익은 전년 대비 54% 증가한 337억원을 기록할 것으로 예상된다.,POSITIVE
그러나 2분기부터 가격 인하된 후판의 점진적인 원가 투입 및 최근 원/달러 환율 안정세 등이 긍정적인 영향을 미쳐 삼성중공업의 점진적인 수익성 회복이 예상된다.,POSITIVE
월평균 환율을 동일하게 적용하였을 경우 삼성중공업의 후판 투입단가와 전분기 대비 상승폭은 타 경쟁사보다 불리한 상황임.,NEGATIVE
"그 이유는 1) 국내와 중국시장에서 ‘아이온’의 성공적인 상용화로 09년 어닝서프라이즈가 예상되고, 2) 향후 일본, 대만, 북미, 유럽시장에 순차적으로 ‘아이온’이 런칭될 것으로 전망되며, 3) 대작 MMORPG인 ‘블레이드 앤 소울’이 2010년에 상용화가 예정되어 있어 엔씨소프트의 성장모멘텀은 지속될 것으로 판단되기 때문이다.",POSITIVE
대우조선해양의 1분기 영업실적이 QoQ대비 상당히 악화된 것으로 발표되었다.,NEGATIVE
주로 4Q08년 후판재고가 1분기 실적에 반영되고 해양플랜트 수입 원자재가격의 비용이 1분기 환율 상승으로 늘어나 추가적인 원가 부담 요인으로 작용해 대우조선해양의 1Q09 영업이익이 QoQ기준 73.1% 감소되었다.,NEGATIVE
09년 1분기 고객사인 이차전지업체의 판매 감소가 엘앤에프의 이차전지 재료사업의 매출 하락과 연계된 것으로 판단된다.,NEGATIVE
"1분기 영업이익 438억원으로 YoY 90% 증가, 2분기도 YoY 33% 증가한 413억원 코오롱의 1분기 영업이익은 전년 동기 대비 90% 증가한 438억원을 기록했다.",POSITIVE
"코오롱이 경기 침체속에서 사상 최대 이익을 기록할 수 있었던 원동력은 제품 믹스 개선, 원료 가격 하향 안정, 환율 효과(원/달러 환율 상승) 등이다.",POSITIVE
금호석유의 1분기 실적은 당사의 기존예상과 시장의 기대치를 크게 화회하는 수준으로 판단된다.,NEGATIVE
그러나 2009년 환율 안정으로 서린바이오의 매출원가율은 66.0%로 하락하고 환관련 영업외손실도 감소할 전망이다.,POSITIVE
바이오 기기 유통업을 기반으로 신성장 동력 모색 서린바이오는 새로운 사업모델을 구축을 하기 위해 기존 연구개발 결과와 네트워크를 통하여 시장의 요구를 미리 파악하고 적절한 기술 보유자와의 전략적제휴를 통해 제품을 내놓는 C&D전략을 세우고 있다.,NEUTRAL
"09년 1분기 실적 당사 및 시장 예상을 하회 아시아나항공의 09년 1분기 실적은 매출액 9,229억원(-5.0% yoy), 영업이익 -1,201억원(적자전환), 세전이익 -3,132억원(적자전환)을 기록하였다.",NEGATIVE
"투자영업이익: 18.0십억원(yoy +17.9%, mom -32.1%), 투자수익률 2.9% 운용자산은 yoy +9.9% 증가했으나 해외유가증권 상각으로 인하여 투자영업이익 급감. 현대해상의 3월 수정순이익은 -16.8십억원을 시현하였다.",NEGATIVE
"아시아나항공의 영업 손실 발생 이유는 유가 헷지 관련 손실 550억원, 운용리스 항공기의 임차료가 전년 동기대비 277억원 증가한 878억원, 정비비도 임차 항공기 2대 반납 정비에 따라 217억원 증가한 499억원에 달하는 등 달러 표시 비용이 원화 약세 효과와 맞물리며 증가했기 때문이다.",NEGATIVE
즉 경기 침체로 인한 수요 감소 외에 각종 달러 표시 비용이 원화 약세와 맞물리며 크게 증가한 것이 아시아나항공 적자의 주요 원인이었다.,NEGATIVE
"그러나 로만손의 핵심 성장축이자 고수익성 사업인 주얼리부문이 전년대비 25.0% 증가, 매출비중이 66.5%로 높아져 수익성의 질적인 측면은 긍정적으로 평가한다.",POSITIVE
한편 KIKO계약 만료에 따른 통화관련손실 가능성 소멸로 로만손의 2009년 순이익은 전년대비 804.3% 증가한 32억원으로 전망한다.,POSITIVE
인터파크INT 하반기에 외형과 수익성 배증 전망인터파크INT(지분율 94.78%)는 하반기 IPO 예정으로 2008년 3분기 흑자 기록 이후에 안정적인 실적 흐름을 유지하고 있다.,POSITIVE
"인터파크INT 3분기 매출액은 전년 동기 대비 28.3% 증가하고, 순이익은 20억원으로 배증될 전망이다.",POSITIVE
낮은 원재료 가격과 제품 가격 강세 효과로 한국제지의 영업이익은 YoY 130.4% 급증한 77억원을 기록하였다.,POSITIVE
특히 하반기는 펄프가격이 약 YoY 25% 저렴할 것으로 예상되어 한국제지의 이익 개선폭이 더욱 확대될 전망이다.,POSITIVE
이머징 마켓 실적 호조와 감가상각비 등 감소로 평화정공은 2009년 순이익이 43% 증가 예상,POSITIVE
"3월 이후 주식시장 상승 국면에서 금호타이어의 주가도 상승했으나, 펀더멘탈 측면에서는 근거를 찾을 수 없어 투자의견을 기존 Marketperform(중립)에서 Underperform(매도)로 하향한다.",NEGATIVE
또한 국도화학은 ‘08년까지 완료한 증설된 설비를 통한 생산이 가능하므로 추가 CAPEX가 필요없다는 점도 긍정적이다.,POSITIVE
"둘째, 중국의 4조 위안 예산 집행, 한국의 4대강 프로젝트 예산 집행이 시작되는 6월 이후에는 판매가 본격적으로 회복될 전망이어서 건설기계 사업부는 작년 4분기를 바닥으로 확실한 개선세를 이어갈 전망이다.",POSITIVE
"셋째, 미국 신용승인율 회복을 통해 밥캣의 월별 판매 또한 2월을 바닥으로 회복세를 보이고 있다.",POSITIVE
롸이즈온(베니건스 사업부)은 적자 점포 폐쇄와 미국 본사로의 로열티 지급 감소로 적자 규모가 대폭 축소될 전망이다.,POSITIVE
"온미디어의 매각은 차입금 규모 축소를 통한 재무 안정성 확보, 해외 법인의 투자 자금 확보라는 측면에서 의미가 있다고 판단된다.",NEUTRAL
"만족할만한 1분기 실적. 2분기에는 더욱 빠르게 개선될 전망 오리온의 1분기 매출액과 영업이익은 1,523억원, 147억원으로 전년 동기 대비 각각 6.1%, 32.2% 증가하였다.",POSITIVE
"다만, 환헤지를 거의 하지 않는 한진중공업은 후판가 상승에도 불구하고 환율 상승으로 상장사 중, 유일하게 조선사업부의 영업이익율이 전분기 대비 1.7%pt 상승하였다.",POSITIVE
올해 고려반도체는 태양광관련 레이져장비 부문에서 매출이 가시화되고 있으며 응용분야 역시 확대되고 있어 향후 매출성장이 기대된다.,POSITIVE
09년 고려반도체의 매출은 115억으로 전망되어 전년대비 14.8% 감소하는 모습을 보일 것으로 전망된다.,NEGATIVE
"삼성이미징의 세계 시장 점유율은 2008년 9.3%에서 2009년과 2010년에 각각 12.4%, 14.3%까지 상승할 것으로 예상된다.",POSITIVE
삼성전자의 마케팅 Line 활용을 통해 미국의 Best Buy에 진입하는 등 대형 거래선 확보도 긍정적인 효과이다.,NEUTRAL
핸드셋 시장 점유율 확대는 시장 지배력 증가와 수익성 개선으로 이어질 전망 LG전자의 09년 핸드셋 추정 판매 수량은 전년대비 6.1% 증가한 1억 688만대이다.,POSITIVE
"특히, 규모의 경제가 필수적인 핸드셋 시장에서 LG전자의 외형 성장은 지속적인 수익성 개선으로 이어질 전망이다.",POSITIVE
"가전 사업의 수익성 회복, LCD TV 판매도 양호 ( 2Q 추정 영업이익 61.2%↑QoQ LG전자의 가전 사업은 환율 상승과 수익성 개선 노력의 영향으로 기대 이상의 실적을 기록하면서 빠르게 회복하고 있다.",POSITIVE
고가 제품 비중 확대 노력의 결과로 프리미엄(Premium) 가전으로서 LG전자의 위치가 격상되고 있다는 점도 긍정적이다.,POSITIVE
"두 게임 모두 높은 완성도가 높으며, 2010년 네오위즈게임즈의 주력 게임으로 성장이 가능할 것으로 판단됨. 또한 스페셜포스의 매출 하락 폭이 예상보다 작고, 피파온라인2 매출 호조로 국내 부문 실적 개선도 지속될 전망임.",POSITIVE
극저온 칠러의 매출이 가시화 될 경우 높은 ASP 확보에 따라 유니셈의 수익성은 크게 향상 될 수 있을 것으로 전망된다.,POSITIVE
"동부화재의 4분기 수정보험영업이익은 340억원 적자로 전년 대비 적자 확대되어 311억원 감소하였고, 이에 따라 합산비율(손해율+사업비율)도 102.8%로 전년 대비 2.5%p 상승하였다.",NEGATIVE
비용 효율성이 더욱 돋보일 전망 동부화재의 비용 효율성이 당분간 더욱 돋보일 전망이다.,POSITIVE
"삼영전자의 09년 매출액과 영업이익은 YoY로 각각 16.7%, 871.5% 증가한 1,944억원과 110억원을 기록할 것으로 예상되며, 세전이익은 중국 청도 법인 지분법이익 증가에 힘입어 YoY로 33.8% 증가한 234억원을 기록할 것으로 전망된다.",POSITIVE
"투자의견 Marketperform으로 하향, 목표주가 7,000원 유지 SK브로드밴드에 대한 목표주가 7,000원을 유지하나 투자의견을 Outperform에서 Marketperform으로 하향한다.",NEGATIVE
인포피아의 2009년 중 영업실적은 내수시장에서 판매가 큰 폭으로 증가하고 신제품인 HbA1c 제품의 매출 본격화로 인해 매출액은 2008년 대비 약 28.2% 증가한 477억원으로 예상된다.,POSITIVE
환율의 하향안정세로 인해 상품매출 부문에서의 적자폭이 줄어들고 외화환산손실이 감소하면서 아비코전자의 순이익은 올해 흑자로 전환될 수 있을 것으로 전망된다.,POSITIVE
이번 양수를 통해 SK텔레콤의 영업 비용 중 영업권 상각 및 양수대금과 관련한 차입금 증가로 금융비용 증가가 예상됨에 따라 세전이익은 감소할 전망이다.,NEGATIVE
"LG패션의 현재 12개월 Fwd 기준 P/E는 8배, EV/EBITDA는 3.3배 수준으로 주요 내수주들에 비해 저평가돼 있다.",POSITIVE
영인프런티어의 바이오사업 매출비중은 2008년 연간 12.4%에서 2009년 1분기 기준 22.8%로 크게 상승하였다.,NEUTRAL
바이오사업의 수익기여도 제고로 2009년 영업이익률 8.5% 전망 바이오사업의 가파른 성장에 힘입어 영인프런티어의 2009년 매출액은 172억원(YoY +20.3%)을전망한다.,POSITIVE
GST는 09년 전방업체와 공동개발한 칠러제품의 직접납품이 가시화 되어 기존 간접 매출과 함께 매출액이 확대될 것으로 전망된다.,POSITIVE
안정적인 매출구조로 턴어라운드를 기대한다 09년 GST의 매출은 220억으로 전망되어 전년대비 5.3% 증가할 것으로 전망된다.,POSITIVE
레드캡투어의 04년 이후 매출액 성장률은 22.4%로 매출과 수익성 모두 점진적 상향 추세이다.,POSITIVE
향후 현대기아차와의 협력을 통해 자동차 전장용 시스템 반도체 시장에서 매출 가시화가 전망 됨.,NEUTRAL
"특히 SBS의 2010년 영업이익 추정치의 상향 폭 확대가 예상되는데, 1) 2010년 본격적인 경기회복이 기대되고 2) 남아공 월드컵 등 광고효과가 높은 스포츠 이벤트가 예정되어 있어 광고매출 확대가 예상되는 가운데, 3) 앞서 언급한 바와 같이 놀라운 비용통제가 지속되고 있어 영업이익이 크게 증가할 가능성이 높아 보이기 때문이다.",POSITIVE
루멘스는 올해 1분기에 시장 컨센서스를 하회하는 다소 부진한 실적을 기록하였다.,NEGATIVE
그러나 2분기 이후에는 삼성전자 LED TV의 출하량 증가에 힘입어 실적 개선이 본격화될 전망이다.,NEUTRAL
검색광고부문은 ① 5월 가정의 달 성수기 효과에다 ② PPC(광고 단가)가 사상 최고치를 경신하면서 전분기와 비교해 5.0% 증가할 전망이다.,POSITIVE
"한화석화의 전기대비 소폭 이익감소를 예상하는 이유는 다음과 같다. 1) 1분기 평균 1,410원/USD의 원화약세 대비 2분기 원달러 환율 가정치를 1,230원/USD으로 추정함에 따라 원화기준의 이익에 감소 영향을 미치기 때문이다.",NEGATIVE
"09년은 실적, 프리미엄 동반 상승으로 3차 주가 상승기 전망 과거 웅진코웨이 주가는 성장에 대한 기대감과 실적 가시화로 두 차례의 주가 상승기를 맞았는데 09년 역시 1)실적 개선과 2) 성장성 재부각에 따른 프리미엄 상승으로 3차 주가 상승기 도래가 전망된다.",POSITIVE
웅진코웨이의 09년 EPS는 전년 대비 27.5% 증가하면서 07년 이후 가장 큰 폭의 상승을 보일 것으로 추정되고 이같은 성장성 재부각으로 06년 이후 하락하던 프리미엄이 재상승할 수 있을 전망이다.,POSITIVE
프럼파스트는 이러한 높은 기술력을 바탕으로 설립이래 흑자기조를 유지하고 있는 등 실적안정성이 높음.,POSITIVE
"또한, 올해는 윈포넷의 2007년 KIKO 상품 가입에 따른 환헤지 손실은 점차 완화될 것으로 기대되어 Bottom line까지 성장세가 이어질 것으로 기대된다.",POSITIVE
"2009년 윈포넷은 중소형주 반등에 힘입어 최근 6개월 주가가 30% 상승했으나, 09년 P/E 4.6배, P/B 1.0배의 KOSDAQ 대비 저평가를 고려할 때 현 상황에서도 높은 관심을 받을만 하다고 판단된다.",POSITIVE
국내 3G 특수로 2006~2007년 최고의 수익성을 기록했던 에이스안테나는 2008년 외형감소와 함께 영업이익이 30% 감소했다.,NEGATIVE
2008년에 신규 진출한 LCD TV용 박스타입 콘덴서도 LCD TV시장의 고속 성장에 힘입어 향후 성호전자의 매출 성장을 이끌 것으로 기대된다.,POSITIVE
신규 진출한 PSU 사업 본궤도에 오르며 이익 증가 성호전자는 시장 규모가 작은 콘덴서 매출 성장의 한계를 극복하기 위해 PSU(Power Supply Unit)제조에 신규 진출하였다.,POSITIVE
지속적인 실적 증가로 매력적인 주가수준 성호전자의 09년 예상 PER은 8.7배로 코스닥 업종 평균 PER 12.7배의 69% 수준이다.,POSITIVE
하반기 반도체 공급 확대에 따른 웨이퍼 사용량 증대로 원익쿼츠의 실적 개선이 기대된다.,POSITIVE
"1) 2분기에도 철근 부문의 호조로 한국철강의 실적이 호전세를 보일 전망이고, 2) 한국철강의 올해 예상 PER은 8.2배, PBR은 0.7배로 저평가 영역에 있고, 철강업종 예상 PER(11배)에 비해 낮기 때문이다.",POSITIVE
"신창전기는 높은 시장점유율에도 불구하고 완성차업계의 단가인하 지속, 제품의 특성 등으로 인해 수익성은 저조한 편이다.",NEGATIVE
"사상 최대의 1/4 분기 실적 에이텍은 지난 1/4분기에 매출액 313억원 및 영업이익 29억원을 시현하였으며, 매출액 및 영업이익 측면에서 분기 최대 실적이다.",POSITIVE
주요 실적변수 조정으로 POSCO 목표주가 하향 지난 실적 추정 변경 시 적용하지 않았던 스테인리스 내수 제품가격 인하를 적용하여 실적 추정을 변경하였다.,NEGATIVE
"2009년 Forward EPS는 기존 48,033원에서 7% 감소한 44,700원이며, 이를 적용해 POSCO의 기존 목표주가를 540,000원에서 500,000원으로 하향 조정한다.",NEGATIVE
일반의약품의 꾸준한 성장에 전문의약품과 수출의 외형 확장이 예상되어 동국제약의 매출액은 2008년부터 2011년까지 연평균 11.7% 증가할 전망이다.,POSITIVE
전문의약품과 수출의 수익성 개선으로 동국제약은 수익성도 개선될 전망 전문의약품 영업이익률은 07년에 플러스로 돌아섰다.,POSITIVE
"신 성장 사업과 수출로 내수 부진을 타개 한라레벨은 수출 시장 개척과 신성장 사업 육성을 통해 내수 부진을 타개하고, 지속적인 고성장을 유지할 수 있을 전망이다.",POSITIVE
보안장비 및 인터넷서비스 시장의 성장으로 나우콤은 매년 꾸준한 외형 및 이익증가를 시현하고 있다.,POSITIVE
보안사업 외형은 견조한 IPS 수요와 높은 제품경쟁력을 바탕으로 308억원 달성이 가능할 것이다.,POSITIVE
현대차의 내수 판매는 카드버블 붕괴 이후인 2004년부터 현재까지 월평균 4.8만대를 다소 하회하고 있었다.,NEGATIVE
안정적인 프린터 사업부와 LED사업부의 성장성을 더하여 대진디엠피는 2009년 사상최대 실적을 다시 갱신할 것으로 판단된다.,POSITIVE
"2008년 4분기부터 일시적으로 삼성전자의 재고조정으로 인해 매출이 감소하였으나, 1분기 이후부터 기존 매출수준으로 회복되었고, 2분기부터는 Charge Roller가 본격 납품될 예정이므로 프린터부분의 실적 증가세가 기대된다.",POSITIVE
프린터 부분은 경기침체에 민감하지 않은 필수품이므로 실적의 안정세는 꾸준히 확보될 것으로 판단된다.,POSITIVE
2) LED 부분 매년 두 배씩 늘어나는 LED의 성장성과 이익률에 주목하자.,POSITIVE
2007년과 2008년 공급과잉에 따른 메모리 제품가격 급락과 이로 인한 실적악화로 인해 삼성전자 메모리 반도체의 생산이 급격히 줄었다.,NEGATIVE
09년 1분기 Blu Ray 수요는 경기 침체에도 불구하고 YoY로 150.0% 증가한 148만대를 기록한 것으로 추정된다.,POSITIVE
펄프가격 하락으로 수익성 개선 인쇄용지의 주원료인 펄프가격 하락으로 무림SP는 2분기부터 수익성개선이 본격적으로 이루어질 전망이다.,POSITIVE
무림SP는 2008년에 지분법손실 증가에 따른 영향으로 73억원의 적자를 기록했다.,NEGATIVE
신규사업 리스크 요인 극복과제 존재 태양광 발전산업은 초기단계로 정부의 보조금 정책에 의해 크게 좌우되며 최근 보조금 규모가 축소됨에 따라 CU전자의 리스크 요인으로 작용할 전망이다.,NEGATIVE
안정적인 프린터 사업부와 LED사업부의 성장성을 더하여 대진디엠피는 2009년 사상최대 실적을 다시 갱신할것으로 판단된다.,POSITIVE
대진디엠피는 Stand Alone DVR을 주력으로 생산하고 있어 PC Base DVR을 생산하는 경쟁사 대비 성장성이 뛰어날 것으로 판단한다.,POSITIVE
특히 인디고 사업은 현재 성장국면 초기단계로서 향후 연평균 성장률이 35%에 달할 것으로 예상된다.,POSITIVE
"2Q09실적은 후너스 Guidance로 매출액 400억, 영업이익 15억의 전분기 대비 흑자전환이 가능할 것으로 보인다.",POSITIVE
매년 30%이상의 배당성향을 유지하던 후너스는 실적 향상에 따라 과감한 배당정책이 더욱 부각될 것으로 판단된다.,POSITIVE
이로써 에이스테크는 글로벌 이동통신 기지국 메이저 4개 업체 중 3개사를 고객사로 확보하며 안정적인 매출이 발생하게 되었다.,POSITIVE
Huawei를 신규 고객사로 확보함에 따라 중국 시장 확대로 인한 수혜를 입을 것이다.,NEUTRAL
2009년 PE Ratio 5.6배로 저평가 에이스테크는 자회사들을 통한 수직계열화로 원가경쟁력을 확보하고 있으며 지분법 이익이 매년 50억원 이상 발생한다.,POSITIVE
게다가 2010년에는 인도공장의 본격적인 매출 발생으로 인해 에이스테크의 지분법 이익 증대가 기대가 된다.,POSITIVE
"2009년 에이스테크의 매출액은 전년보다 22.8% 증가한 1280억원, 영업이익은 230% 증가한 109억원, 순이익은 27% 증가한 177억원이 예상된다.",POSITIVE
경제가 더블딥에 빠지든 회복세로 접어들든 S&T중공업은 2011년까지 매년 30%가 넘는 EPS 증가가 예상된다.,POSITIVE
주력제품으로은 반도체 웨이퍼 연마 장비인 슬러리 공급장치와 LCD 면취후세정기 등이며 주로 삼성전자등에 공급하고 있다.,NEUTRAL
반도체 재료사업 : 반도체 前공정 관련 부품 매출 증가 속도가 관건 지난해 9월 일본 반텍과 반도체 前공정 관련 부품 기술협약(MOU)을 체결했다.,NEUTRAL
또한 미국 정부의 유동성 공급 확대로 인한 달러 가치의 약세 전환도 향후 고려아연의 상품가격 전망에 긍정적(+)이다.,POSITIVE
"또한 예스24는 자가물류센터 등을 바탕으로 온/오프라인 서점 상위 5개사 대비 최소 2배 이상 차이 나는 영업이익률을 유지할 것으로 판단됨. 마지막으로 2위 서점보다 1.6배 이상차이 나는 순방문자 중 80%가 주소창 입력, 즐겨찾기 등으로 바로 유입되는 등 고객 로열티도 높아 안정적임",POSITIVE
"블레이드용 Epoxy Resin은 소요 원재료가 유사한 반면, 단가는 2~3배에 달해 추가 매출은 국도화학의 영업이익율 상승을 견인할 것으로 보인다.",POSITIVE
"시간이 지날수록 투자심리 개선 강화될 전망, 2010년 다시 한번 놀라운 성장 기대 시간이 지날수록 제일기획에 대한 투자심리 개선은 강화될 전망이다.",POSITIVE
"투자자들은 경기회복과 함께 광고효과가 높은 월드컵, 동계올림픽 등의 스포츠 이벤트가 있는 2010년의 제일기획의 실적개선에 대한 기대감을 키워갈 가능성이 높아 보인다.",POSITIVE
"글로벌 로컬 광고주 개발이 가시화될 경우, 제일기획의 주가는 한 단계 레벨업 될 가능성이 높아 보인다.",POSITIVE
"그 이유는 1) CJCGV는 영화 상영업체 시장점유율 1위업체로서 프리미엄 보유, 2) 경쟁심화에도 불구, 우량 사이트 확보로 시장점유율 지속 확대 예상, 3) 관람객수 증가에 따른 상영매출 성장과 상점매출 확대로 수익성 개선 추세가 유지될 것으로 전망되기 때문이다.",POSITIVE
"할증배경은 현대제철의 고로 완공시 열연코일 수급이 완화돼 냉연강판의 Roll 마진 확대가 예상되고, 일관라인의 특성상 M&A 가치가 부각될 것이기 때문이다.",NEUTRAL
핸드셋 판매 수량 증가에 따른 LG전자의 시장 점유율 확대 핸드셋 판매는 양호한 상태이다.,POSITIVE
"그러나 전체 시장은 15% 이상 감소하면서 LG전자의 시장 점유율은 9.4%로 전년동기 대비 1.0%p 증가하였고, 두 자리수 점유율을 앞두고 있다.",POSITIVE
"피앤텔은 Hard Coating과 Soft Coating을 세계에서 2번째, 3번째로 개발에 성공하여 국내 생활가전 회사와 완성차 업체로 관련 제품매출이 하반기부터 대거 발생할 것으로 예상된다.",POSITIVE
"그러나, 상장 자체만으로 당장 동양종금증권의 가치가 높아진다고 보는 데는 무리가 있다는 판단이다.",NEUTRAL
대웅제약의 2009년은 실적 턴어라운드가 기대되는 데 1) 오리지널 제약사와 원재료 구입비용 조정을 통해 비용부담을 감소시켰으며 2) 연간 80억원 상당의 환율보상비용이 반영되고 3) 판관비 통제가 가능할 것으로 판단되기 때문임.,POSITIVE
하지만 합병이 종료된 09년 6월 5일 현재 KT의 시가총액은 9조 233억원으로서 합병발표 시점대비 10.6%나 하락하였다.,NEGATIVE
"2)합병과정에서 KT는 5,000억원 규모의 자사주매입소각을 통해 주식수를 약 1,312만주(기존주식수 대비 4.8%) 감소시켜 주주가치의 훼손을 막았다.",POSITIVE
"셀트리온는 현재 영업이익률 40%를 상회하는 CMO 사업으로 고수익을 창출하고 있는데, 안정적인 CMO 사업을 통해 축적한 기술력을 바탕으로 현재 세계시장에서 10억~60억 달러에 이르는 매출을 기록하는 9개 항체의약품에 대한 바이오시밀러 항체의약품을 개발 중에 있다.",POSITIVE
그러나 현대차 등 완성차 업체 국내 가동률의 빠른 회복세와 RE 시장의 점진적인 회복에 힘입어 2분기 들어 국내 공장 가동률은 V자형으로 회복되고 있는 것으로 파악된다.,POSITIVE
대림산업이 경쟁 대형건설사에 비해 리스크 수준이 높은 것이 사실이기 때문에 일정 수준의 할인률 적용은 불가피하다고 판단된다.,NEGATIVE
하지만 대림산업의 리스크는 지속적으로 감소 추세에 있기 때문에 현 수준(경쟁 대형사 PBR 대비 53.0%)의 PBR 할인률은 과도한 것으로 판단된다.,POSITIVE
"영업이익은 기존 추정치 5,500억원 대비 상향 조정한 점은 반도체와 LCD의 흑자전환으로 삼성전자 전부문의 영업이익 흑자가 추정되기 때문이다.",POSITIVE
"반도체는 NAND의 가격 상승 효과로, LCD는 중국의 가전하향 정책의 수혜 삼성전자 반도체부문은 DRAM의 적자폭 축소보다는 NAND의 가격 상승에 따른 흑자규모 확대 효과로 판단된다.",POSITIVE
"또한, 시스템LSI 사업부문 역시 수요 회복이 본격화되어 매출 성장이 이루어진 것이라 추정된다.",POSITIVE
"반도체 부문의 영업이익을 기존 추정 -2,800억원에서 1,220억원의 흑자전환이 될 것이라 판단된다.",POSITIVE
LCD부문도 LCD TV의 판매량 호조와 노트북 고객의 재고 확대기조에 따라 판매가격 상승으로 나타날 전망이다.,POSITIVE
요금 현실화로 미수금 규모가 4조원 이하로 하락하기 전까지 한국가스공사는 재무부담이 지속될 수 밖에 없다.,NEGATIVE
"펄프가격 하락과 제품가격 강세로 한국제지의 2Q 영업이익 YoY 148.9% 증가한 224억원 전망 수요 감소에도 불구하고, 국내 공급 여건 개선으로 내수 판매 가격은 2Q에도 YoY 12% 인상 된 110만원/톤이 유지되고 있다.",POSITIVE
한국제지의 2Q 영업이익은 펄프가격 하락과 제품 가격 강세에 힘입어 YoY 148.9% 증가한 224억으로 예상된다.,POSITIVE
"최근 한국제지는 양호한 실적에도 불구하고, 09~10년 예상 EPS 기준, P/E가 3~4배 정도 밖에 되지 않아 절대 저평가 상태다.",POSITIVE
이는 4월까지 (–)증가율을 기록중이던 기존점신장률이 5월에는 +1.1% 증가세로 전환되면서 매출신장폭이 컸고 신세계마트의 효율성도 빠르게 개선되면서 수익성이 향상되었기 때문이다.,POSITIVE
"백화점 역시 영업이익률이 7.6%까지 높아졌는데 센텀시티점 오픈에 따른 비용요인은 모두 소멸된 것으로 판단되며, 기존점신장률도 5.4%를 기록하면서 4월 대비 신장률폭이 상승하는 모습을 기록했다.",POSITIVE
이마트 성장성이 떨어지고 있어 예전과 같은 80%대 이상의 프리미엄을 기대하기 어렵다.,NEGATIVE
"강원랜드의 3분기 매출액은 성수기 효과와 VIP 객장 영업 정상화로 전년 동기 대비3.9% 증가하고, 영업이익은 비용 절감에 따른 수익성 개선으로 11.3% 증가할 예상이다.",POSITIVE
부실 여지 감소와 정상 체력의 회복 한투증권은 전년 부실자산의 감액 및 비용화를 통해 추가적 부실여지를 크게 줄여 놓았다.,POSITIVE
"지금은 염가 증권주에 주목, Trading Buy 유지, TP 41,000원으로 상향 한국금융지주의 주가는 PBR 1.0배(12개월 Fwd 기준) 수준으로 Book Value의 가시성이 회복되었음에도 여전히 낮은 상태이다.",POSITIVE
"삼성전자 부문별 영업이익은 반도체 2,330억원, LCD 1,260억원, 통신 7,130억원, 디지털미디어 1,030억원으로 전 부문에 걸친 흑자 전환이 예상된다.",POSITIVE
특히 3분기에는 DRAM 가격 상승(1.3~1.4달러)과 원가 하락(50나노 비중 확대)에 힘입어 DRAM 부문 역시 흑자 전환이 예상된다.,POSITIVE
"Valuation 저평가 주목할 때, 목표주가 740,000원 유지 2분기 실적이 시장 기대치를 크게 상회할 것으로 예상되는 바, 09F P/B 1.5배에 불과한 삼성전자의 현 Valuation은 지나친 저평가로 판단된다.",POSITIVE
"상반기 반도체, LCD, 휴대폰 전 부문에 걸친 삼성전자의 시장 지배력 확대는 하반기 실적 개선에 본격적으로 반영될 전망이다.",POSITIVE
이익 모멘텀 감소를 감안할 때 아이디스에 대한 보수적인 관점이 유효하다고 판단된다.,NEGATIVE
"1) 올해 Top-Line과 Bottom-Line 모두 전년대비 역성장이 전망되고, 2) 2분기에 2005년 2분기 이후 처음으로 분기 영업이익률이 25%를 하회하면서 아이디스는 실적의 안정성이 약화될 것으로 것으로 보이며, 3) 신규 아이템들이 본격적으로 매출에 기여하기 위해서는 시간이 좀 더 필요한 것으로 파악되기 때문이다.",NEGATIVE
따라서 금호그룹 재무 리스크를 극단적으로 반영해서 금호산업의 지분 가치를 밸류에이션 과정에서 제외해도 금호석유의 현주가는 대단히 매력적인 수준이다.,POSITIVE
"家電下鄕, 汽車下鄕 등 중국의 내수 경기 부양책으로 금호석유의 주력 제품인 합성고무/수지 수요가 크게 증가하고 있는데다 원료인 부타디엔 가격은 큰 폭으로 하락했기 때문이다.",POSITIVE
"그 이유는 1) 최근 철스크랩가격의 약세는 일시적인 것으로 판단되고 하반기에도 대한제강의 철근판매는 안정적일 것으로 전망되며, 2) 상장 철강사 중 2분기 실적 호전모멘텀이 강할 것으로 전망되기 때문이다.",POSITIVE
"또한 3) 대한제강의 주가는 올 연간 실적 대비 저평가된 것으로 분석되며(수익가치대비 저평가, 현재 PER 5.5배), 4) 향후 빌렛 시황이 회복되면 실적을 상향 조정할 가능성도 있기 때문이다.",POSITIVE
"따라서 한국제지에 대한 투자의견 매수를 유지하며 목표주가는 기존 40,000원에서 60,000원으로 상향 조정한다.",POSITIVE
한국제지는 2008년에도 제품가격 강세에 따른 수익성 개선이 진행되었지만 2009년은 제품가격 강세 이외에도 펄프가격과 환율하락에 따른 수익성 개선폭이 더욱 증가할 것으로 판단된다.,POSITIVE
"예상보다 좋은 2Q 실적 한국제지의 2분기 실적은 매출액 1,516억원, 영업이익 219억원으로 각각 29.9%, 142.6% 증가할 것으로 전망된다.",POSITIVE
"특히, 한국제지의 영업이익은 펄프가격과 환율하락에 따른 원가개선으로 인해 시장컨센서스 136억원보다 약 61% 높은 실적을 기록할 전망이다.",POSITIVE
"주성엔지니어링의 2Q09 실적은 매출액 250억원(+24% QoQ, -20% YoY), 영업적자 66억원(QoQ, YoY 적자지속)억원, 순적자 216억원으로 부진한 실적을 지속할 것으로 예상된다.",NEGATIVE
"주성엔지니어링은 쏠라셀 장비 수주 본격화에 따라 3Q09 예상실적은 매출액 605억원, 영업이익 25억원, 4Q09 예상실적은 매출액 905억원, 영업이익 103억원으로 빠르게 턴어라운드할 전망이다.",POSITIVE
"2010년 영업이익 276억원으로 성장성 본격화 예상 올 하반기 수주 모멘텀이 본격화되며, 주성엔지니어링는 글로벌 쏠라셀 장비업체로서 확실하게 자리메김할 것으로 판단된다.",POSITIVE
"5월 인천공항 여객 218.5만명(YoY -15.1%), 화물 22.1만톤(YoY -11.7%) 인천공항 5월 여객 수송은 218.5만명으로 전년동기대비 15.1% 감소했다.",NEGATIVE
"휴켐스의 투자포인트는 1) 주요 고객사와의 장기 공급 계약 체결, 포뮬라에 의한 제품 가격결정 구조 등을 통해 안정적인 사업구조를 보유하고 있으며, 2) 순현금이 시가총액의10%에 해당하고, 매년 700억원 이상의 FCF가 발생하는 등 재무구조가 안정적인데다, 3)기존 사업의 확장이나 친환경 사업 분야 진출 등 향후 성장성이 부각되고 있다는 점이다.",POSITIVE
"2분기 영업이익 전년 동기 대비 35% 증가: 1) 중국 경기 부양 수혜, 2) 신제품 론칭 휴켐스의 2분기 영업이익은 전년 동기 대비 35.3% 증가한 160억원에 달할 전망이다.",POSITIVE
"안정적인 실적과 함께 성장성도 부각: 1) 기존 주력 제품 증설, 2) 친환경 사업 확대 휴켐스의 안정적인 사업구조 못지않게 성장성도 부각되고 있다.",POSITIVE
"FY09년 매출액 YoY 6.6%, 영업이익 YoY 21% 증가 예상 대웅제약은 2009년 매출액은 5,840억원(YoY 6.6%)을 기록할 전망이다.",POSITIVE
반면 우주일렉트로는 09년 11월에 만료되는 키코 관련 손실을 일회성으로 고려해 제외하면 09년 수정 PER은 5배 수준에 불과하다.,POSITIVE
"우주일렉트로는 1) 높은 ROE의 지속 가능성이 이미 검증되었고 2) 매출처, 어플리케이션의 확장을 통해 지속적으로 성장할 수 있는 잠재력이 크며, 3)디스플레이 경기 둔화의 영향이 제한적이기 때문이다.",POSITIVE
원화 약세로 인해 핸드폰 및 LCD용 커넥터 시장에서 우주일렉트로의 점유율이 빠르게 상승하고 있다.,POSITIVE
3분기에도 지속적인 점유율 확대와 LCD 산업의 최 성수기 진입으로 우주일렉트로는 매출 신기록 행진을 이어갈 전망이다.,POSITIVE
"향후 실적개선을 반영하여 목표주가 상향 예정 한국제지에 대한 투자의견 Buy와 목표주가 48,000원을 유지한다.",POSITIVE
"4대강 정비사업, 제2경부고속도로와 같은 대형 공공사업의 발주 증가는 여전히 현대건설의 신규수주 증가에 기회요인이 될 전망이다.",POSITIVE
다른 대형건설사와 마찬가지로 중동을 중심으로한 해외에서의 플랜트 및 SOC 발주 재개 역시 현대건설 주가에 긍정적일 것으로 전망된다.,POSITIVE
외환은행은 현 주가가 2009년 추정 BPS 대비 1.0배로 은행 중 PBR이 가장 높은 데다 현 시점에서 M&A 프리미엄 선반영 가부에 대한 논란으로 주가가 최근 조정을 보이고 있다.,NEGATIVE
"LG전자는 에어컨 성수기인 2분기에 매년 연간 영업이익의 정점을 기록하였다. 하지만, 금번 3분기에는 MC, HE, HA 사업부의 실적 개선에 힘입어 QoQ로 영업이익이 6.2% 증가한 1.1조원을 기록하면서 계절성을 극복할 전망이다.",POSITIVE
메리츠화재의 5월 수정순이익은 18십억원으로 4월에 이어 우수한 실적을 이어가고 있다고 판단된다.,POSITIVE
따라서 현재 웅진씽크빅의 주가는 펀더멘탈 대비 추가적인 상승 여력이 남아있는 것으로 판단된다.,POSITIVE
"자화전자는 09년 연간 매출도 1,268억원으로 전년대비 77.9% 증가, 영업이익은 149억원으로 212.6% 증가할 전망이다.",POSITIVE
"기존사업인 OA부문의 지속적인 매출 증가를 바탕으로 신규사업인 AFA 매출이 본격적으로 2분기부터 반영되여, 자화전자의 09년 연간 매출은 창사이후에 최고치를 기록할 전망이다.",POSITIVE
"AFA 매출은 09년 481억원, 10년 876억원으로 증가 09년 2분기에 AFA의 매출은 115억원으로 전분기대비 98억원 증가할 전망이다.",POSITIVE
"2Q Preview: 영업이익 4,845억원(+16.3 qoq, +0.1% yoy) LG화학 2분기 추정 영업이익은 약 4,845억원(+16.3 qoq, +0.1% yoy)으로 컨센서스(4,162억원) 대비 호전될 전망이다.",POSITIVE
홈쇼핑 업체간 프로모션 경쟁이 격화되고 있는 영향과 사명변경에 따른 광고비 증가가 CJ오쇼핑에게 부정적으로 작용했고 보험판매도 증가율에서 지난 1분기보다 낮아지고 있기 때문이다.,NEGATIVE
"CJ오쇼핑의 현주가는 금년 예상 EPS 6,217원의 12.5배 수준으로 시장 PER 대비 높지 않은 수준이다.",POSITIVE
가동률의 상승에도 불구하고 포스코의 2분기 실적은 예상보다 저조할 것으로 추정된다.,NEGATIVE
"POSCO는 고가 원재료 재고가 남아 있는 상태에서 5월 15일부터 내수가격을 인하했고, 수출 확대를 추진하는 중에 수출가격과 환율이 떨어졌기 때문이다.",NEGATIVE
"공급과잉 해소되는 2차전지, 경쟁자 없는 AMOLED 1Q09 공급과잉을 겪었던 소형 2차전지의 수요가 회복되고 있고, 경쟁업체들의 보수적인 증설계획으로 공급증가가 제한되고 있어 공급과잉이 빠르게 해소되고 있다.",POSITIVE
또한 미국 HEV판매 상승세로 중대형 2차전지 시장전망이 긍정적인 가운데 유럽 HEV시장의 고성장세로 삼성SDI의 수혜가 예상된다.,POSITIVE
"네오위즈게임즈의 상향 조정된 09년 연간 예상 매출액은 전년대비 46.9% 성장한 2,461억원, 영업이익 84.4% 증가한 661억원, 경상이익 603억원(+107%)으로 큰 폭의 실적 호전이 예상된다.",POSITIVE
무엇 보다도 현대미포조선의 영업이익율은 1분기 대비 3.1%pt 개선된 11.8%를 기록할 것으로 추정되는데 후판가 인하에 따른 영업이익 개선 기여가 컸기 때문이다.,POSITIVE
선가 대비 후판 원가 비중이 높은 일반 상선 매출이 100%인 현대미포조선은 매출액 대비 후판 원가 비중이 26% 수준으로 대형 3사(15%~17%) 대비 높아 같은 폭의 후판가 인하에도 영업이익 개선이 크다.,POSITIVE
"수익성 개선이 돋보이는 2분기 실적 – 전년 동기 대비 당기순이익 32.4% 증가 예상 롯데삼강의 2분기 매출액과 영업이익은 1,393억원, 156억원으로 전년 동기 대비 각각 10.3%, 16.6% 증가할 전망이다.",POSITIVE
신한지주는 최근 3개월 동안 주가 상승률이 약 23.6%에 그쳐 은행 중 가장 저조한 수익률을 기록 중인데 이는 2분기에도 대규모 충당금 적립이 불가피해 1분기에 이어 실적이 저조할 것이란 우려 때문으로 추정된다.,NEGATIVE
Valuation(Sum of Parts) 대비 약 39.3% 주가 상승여력과 09년 SK에너지의 PER 7.7배는 Global Peer Group PER 11배에 비해서도 저평가되었다.,POSITIVE
SK에너지의 2분기 실적은 화학 및 석유개발(E&P)부문 선전에도 불구 주력인 정유와 윤활기유 부문 부진으로 실적이 부진하였다.,NEGATIVE
"09년 4,5월 원달러 평균환율은 1,295원(산술평균)으로 전년 같은 기간 대비 약 28% 상승했지만 LG생명과학의 수출액은 전년대비 약 35% 증가 할 것으로 추정된다.",POSITIVE
"현대제철의 2분기 영업이익은 전년동기대비 71% 감소한 1,292억원으로 전망된다.",NEGATIVE
"다음의 매출액은 전년대비 2.9% 감소한 2,272억원, 영업이익 37.7% 감소한 287억원으로 전망된다.",NEGATIVE
KOSPI 200 편입에 따른 수혜와 2분기 실적 호조로 인해 최근 한때 주가가 크게 급등한 적이 있는데 현 시점에서 삼성카드의 상승 모멘텀은 크게 둔화된 것으로 판단된다.,NEGATIVE
SK네트웍스의 목표주가를 상향한 이유는 그동안 강조했던 바와 같이 deleverage를 통한 기업가치의 제고를 반영했기 때문이다.,POSITIVE
"금감원 발표에 의하면 최근 은행들의 연체율 상승 폭이 둔화되고 있어, 이익에 긍정적인 영향을 주고 있다.",POSITIVE
대형 시중은행들의 NIM 하락 폭이 20bps대에 달하는 점을 감안하면 양호한 편이다.,NEGATIVE
"그러나 09년은 1)비용절감 계획(사업자 수수료 조정에 따른 수수료율 하락 예상 및 마케팅 비용 절감), 2)자회사 추가적 감액손실 제한적, 3)신한지주 보유지분 매각에 따른 처분이익 발생 등으로 대교의 당기순이익은 큰 폭의 증가가 전망된다.",POSITIVE
단기적인 DRAM Spot 가격의 상승 탄력둔화는 하이닉스의 주가 상승 모멘텀을 제한시키는 효과가 있다.,NEGATIVE
"대형 IT기업의 실적 개선이 시장기대치를 상회하고 있다는 점을 감안하면, 하이닉스의 09년 2분기 실적은 시장기대치 부합으로 주가 상승의 모멘텀으로 작용하기에는 제한적이다.",NEUTRAL
"한국철강의 실적 호전 원인은 첫째, 철근 출하가 호조인 가운데 고가 원재료 부담에서 벗어났기 때문이다.",POSITIVE
한국철강의 단조제품 판매가 부진한 것은 수요 침체에 일차 원인이 있지만 신설 공장의 조괴장이 아직 건설 되지 않았다는 공급측면의 요인도 있다.,POSITIVE
1분기에 시장 점유율이 하락한 Nokia는 Smart Phone인 N97을 통해 시장점유율 만회를 위해 노력 중이다.,NEGATIVE
"요금인상으로 인해 통합한전의 09년 실적은 매출 33.1조원, 영업이익 1조 6,170억원을 기록할 것으로 예상된다.",POSITIVE
"2Q preview: 영업이익, 예상보다 저조한 1,352억원 전망 포스코의 2분기 영업실적은 당초 예상보다 좋지 않을 것으로 전망된다.",NEGATIVE
"지난해 2Q 중국관련 실적 가운데 베이징올림픽 개최에 따른 3Q 물량 선반영(CKD 약 6,000대)의 기고효과로 현대모비스의 올해 2Q 매출액은 YoY 2.3% 감소할 것으로 추정된다.",NEGATIVE
한국가스공사의 영업이익 적자 전환은 2분기 계절적 비수기로 고정비 부담이 높은 상황에서 최근 낮아진 벙커씨유 가격으로 발전용 LNG 수요가 급감해 발전용 가스 판매량이 감소하였기 때문이다.,NEGATIVE
"국제유가가 전년동기대비51.6% 하락했지만, 석탄가격 강세와 원/달러 환율 상승으로 연료비는 전년수준을 기록하면서 한국가스공사는 적자가 지속될 전망이다.",NEGATIVE
"현대건설의 2분기 실적은 시장 컨센서스(매출액 2조 1,199억원, 영업이익 1,367억원 - Fn Guide 기준) 대비 매출액은 비슷하나 영업이익은 16.0% 감소하는 것으로 예상된다.",NEGATIVE
현대건설은 공공시장에서도 수주가 급증하고 있어 공공시장 점유율은 08년 6.5%에서 09년에는 6.8%로 상승 가능할 전망이다.,POSITIVE
"엔씨소프트는 2009년과 2010년의 EPS 증가율이 각각 686.0%, 55.8%를 기록할 것으로 예상되는 최고의 실적 호전 게임 기업이지만, 2009년과 2010년 기준 PER은 각각 16.8배, 10.8배로 경쟁사에 비해 현저하게 낮은 가치로 거래되고 있다.",POSITIVE
엔씨소프트의 3분기와 4분기의 실적 전망치를 상향한 것은 ‘아이온’의 일본과 미국의 클로즈베타 반응이 기대치를 상회하는 것을 반영하였다.,POSITIVE
"핸드셋과 PC 출하량도 넷북, 스마트폰 등 신제품 출시에 힘입어 삼성전자는 당초 예상치를 넘어서는 판매량을 기록할 전망이다.",POSITIVE
"삼성전자는 불황에도 불구하고, 꾸준한 설비투자를 통하여 생산량 증가세가 이어지는 반면, 후발 업체들은 현금 고갈로 가동률을 낮추는 등 생산량이 감소하면서 삼성전자의 시장점유율이 확대되고 있다.",POSITIVE
신종 플루와 경기 회복 지연에 따른 부진 대한항공의 2분기 실적은 4월말 멕시코에서부터 시작된 신종 플루와 경기 회복 지연에 따른 직접적인 피해가 반영될 것으로 전망한다.,NEGATIVE
다만 영업외 측면에서는 50억불에 달하는 외화부채 부문에서 원화 강세로 인한 5천억원 수준의 외화환산 이익이 예상됨에 따라 대한항공의 순이익은 흑자 달성이 무난할 전망이다.,POSITIVE
"WTI 기준 국제유가가 배럴 당 71불에 달하고 있고, 신종 플루 발생 국가와 환자수도 계속 확산되는 등 대한항공 실적 부담 요인이 여전하다.",NEGATIVE
"3) 소디프신소재는 동일한 NF3 생산능력을 위한 투자비가 경쟁사 대비 절반에 지나지않아 원가경쟁력에서 경쟁업체를 압도하고 있고, 이러한 원가경쟁력을 바탕으로 경쟁업체의 추가적인 증설을 억제하고 있는 것으로 판단된다.",POSITIVE
"소디프신소재의 현 주가는 2010년 EPS 7,327원 대비 11.5배에 불과하여 글로벌 경쟁업체(Air Products 12.7배, Air Liquid 11.9배)대비 저평가되어있다.",POSITIVE
"영업가치의 증대를 반영해 한섬의 6개월 목표가를 14,500원으로 상향하며, 투자의견 매수(Buy)를 유지한다.",POSITIVE
제한적인 공급과 TV 패널 수요강세로 09년 하반기 패널가격 강세와 삼성전기의 수익성 개선이 예상된다.,POSITIVE
"삼성전기에 대해 투자의견은 ‘매수’ 유지하며, 목표주가는 80,000원으로 상향한다. 09년 2분기 및 하반기 실적을 상향하여, 09년 및 10년 추정EPS를 종전대비 각각 6.5%, 4.5%씩 상향하였다.",POSITIVE
삼성전기의 2분기 영업이익의 급증은 1) MLCC 및 FC-BGA의 턴어라운드에 따른 수익성 호전이다.,POSITIVE
"MLCC는 거래선 다변화(PC 중심에서 휴대폰, TV 메이커)에 따른 시장점유율 증가, 글로벌 IT제품 수요 증가로 가동율이 94% 이상을 유지하고 있어 전분기대비 수익성이 크게 개선된 것으로 분석된다.",POSITIVE
"스마트그리드로 장기 성장성 확보 LS산전의 그린 사업은 차세대 전력 사업인 스마트그리드 구축으로 12년 4,015억원(매출 비중 19%), 20년 3조 2,138억원(매출 비중 58%)의 매출 발생이 전망되며 연 36%의 높은 성장이 예상된다.",POSITIVE
"스마트그리드 구축으로 전력산업은 10년간 42조 신규 시장이 형성될 것으로 전망되며, 배전 및 수용가 부분의 시장성이 크기 때문에 이 분야 국내 지배력이 높은 LS산전의 집중 수혜가 예상된다.",POSITIVE
"휴대폰 및 LCD TV 시장내에서 점유율 상승, 프리미엄 중심의 제품 구성으로 LG전자의 연간 글로벌 영업이익은 09년 28,510억원(33.7% yoy), 10년 29,824억원이 예상된다.",POSITIVE
"LG전자에 대해 매수(BUY) 유지, 목표주가는 160,000원으로 상향한다. 09년 2분기 영업이익은 9,409억원(9.9% yoy), 연간 28,510억원(33.7% yoy) 전망 09년 2분기 실적의 특징은 1) 2분기 기준으로 매출과 영업이익은 창사 이후 최고치를 기록한 것으로 추정된다.",POSITIVE
LG전자는 하반기도 휴대폰 및 LCD TV의 경쟁력 확대로 실적 호전 추세가 지속될 것으로 분석된다.,POSITIVE
SK의 지주사 전환시한이 비록 2년이라는 시간적 제약사항이 존재하지만 지주회사 체제를 지속시킬 수 있는 지에 대한 불확실성을 크게 감소시켰다는 점에서 매우 긍정적인 사항으로 판단한다.,POSITIVE
지주사로써의 기능이 강화되고 있는 점은 장기적인 SK의 Fundamental 강화에 도움이 될 것으로 판단한다.,POSITIVE
특히 08년 환율에 따른 손실보상금의 상당부분이 2분기 반영될 것으로 예상되어 대웅제약의 2분기 영업이익률도 큰 폭으로 개선될 전망이다.,POSITIVE
따라서 환율 하락에 따른 수익성 개선에는 무리가 없을 것으로 판단되므로 매출성장으로 인한 이익규모 확대가 대웅제약의 주가 상승 모멘텀이 될 것으로 전망된다.,POSITIVE
"고영은 글로벌 전자 업체를 비롯, 80여 곳의 매출처를 확보하면서 05년 매출액 105억원에서 08년 343억원까지 빠르게 성장했으며 영업이익률은 평균 19% 수준을 유지해 왔다.",POSITIVE
"7월 1일 일본 검색 시작, 차별화에 성공, 두 자릿수의 시장 점유율 기대 NHN의 일본 검색 시장 진출 성공 가능성이 높다고 판단된다.",POSITIVE
"LG상사의 매출액은 지난 1분기와 마찬가지로 자원/원자재, 산업재 일부에서 회계기준 변경으로 인한 요인과 픽스딕스 분사 등으로 감소는 불가피할 것으로 추정된다.",NEGATIVE
2009년 상반기는 비에이치아이가 모든 수주산업에 있어 가장 끔직했던 시기로 기억에 남을 것으로 추정된다.,NEGATIVE
그러나 비에이치아이의 경우 상반기 동안 800억원 이상의 신규 수주 달성에 성공함으로서 발전산업이 경기 악화에 있어 가장 방어적인 산업임을 극명하게 보여주었다고 판단된다.,POSITIVE
"SBS 2분기 실적은 매출액 1,474억원(-21.6% yoy), 영업이익 64억원(-67.4% yoy)으로 전망된다.",NEGATIVE
"삼성전자의 09년 본사기준 실적도 매출 81.8조원, 영업이익 6.8조원으로 조정함에 따라, 목표주가를 09년 추정 BPS 441,790원에 P/B Multiple 1.8배를 적용한 80만원으로 상향조정한다.",POSITIVE
"09년 영업이익 5년만에 상승세 전환 삼성전자의 09년 2분기 실적개선과 반도체, LCD 부문의 수익성 개선이 진행되고 있다는 점에서 연간 실적을 본사기준 매출 81.8조원, 영업이익 6.8조원으로 상향조정한다. 04년 이후 삼성전자의 영업이익 감소하였으나 08년 저점을 형성하여 09년 개선 추세에 접어 들었다고 판단된다.",POSITIVE
이번 대주주의 금호석유 지분취득이 주가에 미치는 영향을 보면 금호석유가 향후 그룹의 단일 지배구조 체제로 전환시에는 주가에 부정적인 것으로 판단된다.,NEGATIVE
향후 금호석유가 단일 지배체제로의 전환을 위한 단순 경영권 확보라면 주가에 부정적이다.,NEGATIVE
대우인터내셔널은 해외CB발행(3억 달러)에 따른 주당 가치 희석(dilution)이라는 악재로 주가가 하락했다.,NEGATIVE
"대우인터내셔널은 지난 6월 24일(종가 28,450원) 장 종료 후 해외전환사채 발행 결정을 공시한 후 전일까지 9.5%의 하락세를 기록했다.",NEGATIVE
"주가상승 모멘텀 찾기 SK네트웍스는 올해 망사업 영업양도, 관계사 지분 매각 등 deleverage를 통한 기업가치 상승이 있고, 2010년부터는 E&P(Exploration & Production)와 Car Life(중고차 매매)부문의 영업활성화에 따른 망사업 영업양도로 손실된 영업가치 제고가 작동될 것이다.",POSITIVE
3) 하이닉스는 50나노 공정 전환에 따라 원가 절감에 가속도가 붙을 전망이다.,POSITIVE
5월까지 마케팅 비용 지출을 자제하던 KT도 6월에는 이통 시장 가입자 방어를 위해 마케팅 비용 지출액을 증가시켰다.,NEGATIVE
"③ 외환 관련 손실 등으로 지분법 이익 축소의 주요 원인이었던 해외 바이오(라이신) 계열사 역시 안정적인 라이신 판가($1,400/ton) 유지와 환관련 손실 축소로 CJ제일제당의 지분법 이익을 크게 증가 시킬 전망이다.",POSITIVE
"개선된 2분기 실적. 하반기에는 개선 속도 가속화할 전망 CJ제일제당의 2분기 예상 매출액과 영업이익은 9,401억원, 592억원으로 전년 동기 대비 각각 12.4%, 1.9% 증가할 전망이다.",POSITIVE
2분기 코오롱의 영업이익은 전분기 대비 소폭 감소했다.,NEGATIVE
"과감한 구조조정과 아라미드 등 부가가치가 높은 신소재 사업에 집중한 결과 2008년 코오롱의 영업이익은 6년만에 1,000억원을 재돌파하게 되었다.",POSITIVE
현대엔지니어링은 01~08년까지 연평균 35.7%의 고성장세 유지 현대엔지니어링은 01~08년까지 연평균 35.7%의 고성장세를 유지하고 있다.,POSITIVE
"모회사 한전의 실적은 매출액 7조 2,954억원(+6.6% yoy), 영업이익 -3,692억원(적자축소), 세전이익 509억원(흑자 전환)을 기록할 전망이다.",POSITIVE
통합한전의 영업이익이 흑자를 기록할 것으로 전망하는 이유는 08년 하반기 전기요금 인상으로 매출액이 증가한데 반해 매출원가는 감소하였을 것으로 추정되기 때문이다.,POSITIVE
"2분기 실적 – 기대에 부응 GS건설의 2분기 매출액은 전년동기 대비 3.6% 증가한 1조 8,132억원으로 추정되는데 이는 컨센서스 대비 1.0% 상회하는 수준임.",POSITIVE
"포스코의 2분기 영업이익은 1,704억원을 시현하여 시장컨센서스보다는 낮게 나타났다.",NEGATIVE
"하반기 영업이익, 상반기대비 304% 증가 전망 포스코의 하반기 영업이익은 상반기대비 304% 증가할 전망이다.",POSITIVE
"이는 1) 국내 토목 및 해외공사 매출의 지속 증가와 2) 유화사업부의 폴리부텐 설비 증설 효과에 근거한다(본문 참조). 이에 반해 대림산업의 Valuation은 최근 건설업종의 투자심리 악화로 인한 주가 하락까지 겹치면서, 매력도가 더욱 확대된 상황이다.",POSITIVE
최근 북미의 다우케미컬이 약 40만톤의 에틸렌 공장을 폐쇄하였는데 주요 원인은 수요가 정체되어 증설하지 않아 코스트가 상승하였기 때문임.,NEGATIVE
"그럼에도 불구하고 포스코의 영업실적이 악화된 것은 철광석, 석탄 등 고가 원재료 재고가 남아 있는 상태에서 5월 15일부터 내수가격을 인하했고, 수출 확대를 추진하는 중에 수출가격과 환율이 떨어졌기 때문이다.",NEGATIVE
"환율 하락으로 인해 1,970억원의 외환수지 흑자를 기록한 것이 포스코의 세전이익 증가의 원인이다.",POSITIVE
"3분기부터 재고 부담 해소, 가동률 상승으로 실적 호전 포스코에 의하면 작년에 계약한 높은 가격의 재고 부담이 월별로 빠르게 해소되는 추이이다.",POSITIVE
"해외 바이오 3사(인도네시아, 중국, 브라질)는 핵산 가격 상승, 라이신 원가 하락, 외환관련손실 감소로 CJ제일제당의 지분법이익에 기여할 전망이다.",POSITIVE
"이에 따라 1분기 1,000톤 내외에 머물렀던 폴리실리콘 생산량이 2분기에는 1,300톤, 3분기에는 2,600톤을 상회할 전망이다.",POSITIVE
전반적인 스팟 가격 하락에도 불구하고 생산물량 확대로 폴리실리콘 부문의 실적은 지속적으로 개선될 것으로 예상된다.,POSITIVE
"2분기 영업이익 1,029억원 전망, 폴리실리콘 생산량 확대 등으로 하반기에도 실적 개선 지속 OCI의 2분기 영업이익은 1,029억원으로 전분기 대비 14.2% 증가할 전망이다.",POSITIVE
과거 구조조정 효과와 실적 호전으로 영업이익률이 level-up될 때마다 KOSPI와의 valuation gap이 축소되었던 점과 높은 배당정책(현 주가에서 예상 배당수익률 약 5%)을 통한 주주가치 제고 노력을 고려할 때 현재 웅진씽크빅의 과도한 저평가 상태는 적절치 않다.,POSITIVE
"그리고, 한국제지의 수출비중이 약 25%로 낮기 때문에 수출가격 및 환율하락에 따른 매출감소의 영향은 적고 오히려 투입펄프가격 하락 및 외환관련 평가이익 효과는 크게 나타날 것으로 전망된다.",POSITIVE
"슈페리어 에섹스는 08년 4분기 전기동가격 급락(US$7,000/톤→ US$2,900/톤)으로 재고평가손실 US$1.19억이 발생하면서 적자 전환 하였다.",NEGATIVE
"현재 LS의 주가는 09년 실적 기준 PER 14.4배, 10년 기준 10.9배 수준으로 글로벌 피어(Global Peer)의 17.5배 및 14.8배에 비해 저평가되고 있다.",POSITIVE
대한제강은 국제 빌렛 가격의 급락과 환율의 하락으로 채산성이 악화되어 상반기 중 6.9만톤 판매에 그쳤다.,NEGATIVE
낮은 펄프가격과 업계 구조조정으로 인한 내수가격 강세가 이어지며 한국제지는 실적 개선이 지속되고 있다.,POSITIVE
"특히, 한국제지는 08년 4분기에 극도로 저조한 출하량을 기록했다",NEGATIVE
"최근 10년 중 최고실적 예상: 목표주가 48,000원->58,000원 상향 한국제지에 대한 투자의견 Buy를 유지하며 목표주가를 48,000원에서 58,000원으로 상향한다.",POSITIVE
삼다수는 2분기에 30% 정도 성장하여 400억원 이상의 분기 최고 매출액을 낼 것으로 추정된다.,POSITIVE
이렇게 LG화학의 실적이 하락한 주요 이유는 석유화학 제품 마진 하락 및 석유화학과 정보전자소재에서 발생한 일시적인 비용 처리 때문이다.,NEGATIVE
LG화학의 이익이 증가하는 주요 이유는 원재료인 납사 가격 상승폭 대비 제품 가격 상승폭이 더 클 것으로 예상되기 때문이다.,POSITIVE
화학 사업은 165억원의 영업 이익을 냈으나 PX 등의 스프레드 축소로 3분기 570억원의 영업이익에는 크게 미치지 못했음.,NEGATIVE
정유 사업 3분기 연속 적자 기록. 2009년은 정유 사업에서 이례적으로 3분기 연속 적자를 낼 만큼 마진이 크게 악화되었던 한 해 였음.,NEGATIVE
특히 삼성전자는 공격적인 설비투자 전략으로 후발 업체의 공급 공백을 메우면서 시장 지배력이 더욱 확대될 전망이다.,POSITIVE
"2) 2010년 Tablet PC, E-book, Netbook 등 모바일 인터넷 기기 시장의 급속한 성장은 삼성전자의 부품 및 세트 사업에 긍정적인 영향을 줄 것으로 기대된다.",POSITIVE
환율 하락에 따른 매출원가율 상승이 기아차의 주가에 다소 부정적이다.,NEGATIVE
특히 중국 이마트의 경우 지난해 연간 지분법손실액이 600억원에 달하고 지난 4분기에도 160억원의 손실액이 발생하여 아직까지는 적자폭이 줄어들지 못하고 있는 상황으로 나타났기 때문이다.,NEGATIVE
"이마트 신전략! 2010년 외형성장에 드라이브 이마트 ① 가격인하전략으로 가격인하 품목수가 증가함에 따라, 지난 1년여간 감소추세였던 이마트 객수가 1월 이후부터 증가추세로 전환되어, 턴 어라운드의 속도를 더해주고 있다.",POSITIVE
"문제는 2010년, 성장성 둔화는 불가피 대형마트의 부진은 올해에도 쉽게 해소되지는 않을 것으로 판단한다.",NEGATIVE
여전히 부담스러운 valuation 수준 시장평균 대비 적지 않은 프리미엄이 적용된 현재의 신세계 주가 수준을 정당화하고 추가적인 상승을 가능케 하기 위해서는 성장동력의 확보가 절실한 상황이지만 돌파구 마련이 쉽지 않다.,NEGATIVE
목표주가를 하향한 이유는 신규 사업자 등장과 채널연번제 실시 등 홈쇼핑 업계에 닥친 불확실성을 감안했기 때문이다.,NEGATIVE
또한 전자재료부문도 영업이익(245억원)이 다소 감소하였으나 이는 비수기에 따른 단가인하(-5%)와 환율하락(-5%) 영향이다.,NEGATIVE
2009년 외환은행의 배당금은 주당 510원으로(배당성향 약 37%) 어닝 서프라이즈 수준의 실적에다 고배당이라는 선물꾸러미를 투자자에게 선사했다.,POSITIVE
외환은행의 고배당 정책은 단지 배당금 수취액 외에도 과잉자본의 효율화를 꾀한다는 점에서 주주가치에 긍정적일 수 있다.,POSITIVE
"09년 4분기, 매출 1조 8,631억원, 영업이익 -1,467억원, 순이익 -1,904억원 예상 한진해운의 4분기 실적은 매출액 1조 8,631억원(-27.2% yoy), 영업이익 -1,467억원(적자전환), 순이익 -1,904억원(적자전환)을 기록할 전망이다.",NEGATIVE
"그러나 최근의 석탄, LNG 및 유가상승으로 발전연료비 및 구입전력비 상승이 예상되어 한국전력에 대한 10년 실적전망을 하향조정한다.",NEGATIVE
단독한전의 4분기 실적이 당사 예상을 크게 하회한 이유는 전력구입단가 조정계수의 조정에 따라 원별 구입전력단가의 상승에 따른 것으로 판단된다.,NEGATIVE
"기존 추정치에 비해 한국전력의 영업이익 전망치가 약 8,560억원 감소하였는데, 이는 최근의 원자재 가격 상승분을 반영한 것이다.",NEGATIVE
"국내 토목부문의 경우 최저가 현장이 늘어났고, 손실을 선반영한 국내 플랜트와 해외부문의 원가율이 상승하면서 현대건설 전체 원가율이 3분기 91.7%에서 4분기 93.0%로 상승했다.",NEGATIVE
최근 현대건설 주가는 4Q09 실적 악화 우려와 주식시장 하락으로 인해 매우부진했다.,NEGATIVE
"상대적으로 적은 fast-track 지원규모, 선제적인 de-leverage(기말 자산/자본 12.1 배)를 감안할 경우, 외환은행은 지속적인 신규부실 감소가 예상된다.",NEGATIVE
"케미칼사업의 이익이 감소한 이유는 AN, BD 등 원재료 상승분을 제품가격에 적절하게 전가하지 못하였기 때문이다.",NEGATIVE
"금번 결정으로 농심의 2010년 매출액과 영업이익은 기존의 당사 예상치대비 각각 2.0%, 24.1% 감소할 것으로 추정된다.",NEGATIVE
"농심의 목표주가 하향은 제품가격 인하에 따른 실적 조정을 반영한 데 기인한다. 2010년 예상 P/E는 10.8배로, 업종내에서 상대적으로 저평가 된 상태지만 만성적인 저평가를 해소할 만한 모멘텀은 부재한 상황이다.",NEGATIVE
2010년 관전 포인트 : 환율↓ < 타OEM↑ + 지분법손익↑ 평화정공의 2010년 실적은 매출액 기준 13% 정도의 성장이 가능할 것으로 판단된다.,POSITIVE
"결국, 직수출 증가 및 지분법, 로열티 수입 증가에 따른 2010년 평화정공의 세전이익은 441억원으로 추정되며, 현 주가 수준은 2010년 EPS 1,521원 대비 4.9배 수준으로 여전히 역사적 저평가 국면에 있는 것으로 판단된다.",POSITIVE
서울반도체의 매출감소는 10년 신모델 출시를 앞두고 LED TV의 제한적 매출과 휴대폰과 노트북용 BLU의 모델변경에 따른 매출 감소의 결과로 추정된다.,NEGATIVE
"LED 시장에서 조명의 성장은 인버터의 개선과 휘도의 향상, 칩가격의 안정세를 기반으로 가격 하락이 제한적이라는 점도 서울반도체의 유리한 실적 전망을 예견한다.",POSITIVE
서울반도체의 실적 쇼크에 따른 단기 모멘텀은 부족하다고 판단된다.,NEGATIVE
"4분기 호남석유화학 실적은 매출액이 전분기대비 1.3% 감소했으며, 영업이익도 1,152억원으로 전분기대비 49% 감익을 기록하며 당사 및 시장컨센서스대비 다소 부진한 실적을 보였다.",NEGATIVE
아연가격이 당초 우상향에서 횡보에 무게중심을 두면서 고려아연의 2010년 예상실적을 하향 조정하였기 때문이다.,NEGATIVE
"4분기에 아연과 연의 평균가격이 각각 2,049달러, 2,250달러로 전분기에 비해 각각 24%, 29% 상승했고 은가격도 17.4달러로 23% 오른 것에 비하면 고려아연의 공표된 영업실적은 다소 부진하다.",NEGATIVE
"또한 고려아연은 금과 은의 판매량도 각각 720kg, 311톤으로 3분기에 비해 각각 6.5%, 9.3% 감소했다.",NEGATIVE
그러나 글로벌 경기 침체에 따른 물동량 감소로 하역부문 및 육상운송 부분에서 BEP 수준의 영업이익을 기록하고 있다는 점이 고려아연의 실적개선에 부담요인으로 작용하고 있음.,NEGATIVE
"목표주가 48,000 원으로 하향, 투자의견은 ‘매수’ 유지 설비투자 확대로 인한 추가적인 비용 상승을 감안하여 서울반도체의 연간 영업이익 전망치를 기존 대비 29.5% 하향한다.",NEGATIVE
"강원랜드의 고배당이 가능할 것으로 보는 이유는? 1) 올해 2%의 대출증가, 2) 50bp 가량의 순이자마진 개선, 3) 충당금 부담 전년대비 64% 감소할 것으로 예상하며 그럴 경우 1 조원 이상의 순이익이 기대된다.",POSITIVE
그리고 최근 정부정책의 다양한 변화는 새로운 먹거리를 찾고 있는 사교육 업체들에게 새로운 기회를 제공하기보다는 사업확장에 대한 불확실성을 높여주는 것으로 판단된다.,NEGATIVE
공교육과 사교육 시장을 아우르는 다양한 정책제시로 인해 사교육 시장에 대한 예측가능성이 낮아지고 일관된 사업방향을 유지하는 데에도 부정적인 영향을 주는 것으로 판단된다.,NEGATIVE
당초 가이던스와 비교하면 메가스터디의 매출액은 학원부문 부진과 영어부문의 spin-off로 인해 약 70억원이 부족했다.,NEGATIVE
"다만, 시장불확실성으로 인해 위험자산인 수익증권 판매의 회복에 장시간이 소요될 것으로 예상되어, 미래에셋증권의 수익개선에 대한 기대치는 낮춰야 할 것으로 판단된다.",NEGATIVE
"반면, 영업비용도 마케팅 비용, 지급수수료, 인터넷전화 단말기 비용 증가로 인해 늘어나면서 SK브로드밴드는 영업적자가 지속되는 모습을 보였다.",NEGATIVE
높은 인지도와 개발력에도 불후하고 중화권 업체 대비 저평가 위메이드는 현재 2010년 EPS 기준 8.1배에 거래되고 있어 중화권 업체들 평균 대비 30%이상 할인 되어 있는 상태이다.,POSITIVE
"CJ인터넷은 1) 고마진의 웹보드 매출 성장률이 전년의 마이너스 성장에서 본격적으로 회복 추세로 전환되기 어려울 것으로 전망되고, 2) 신규 게임 관련 모멘텀이 약화될 것으로 전망된다.",NEGATIVE
"‘09년 화학부문 영업이익율은 원가경쟁력 우위 및 영업력 강화로 경쟁사 대비 월등한 수준인 20%를 달성하였는데, 그 Gap은 점점 더 커지고 있다.",POSITIVE
물론 TDI/MDI의 업황 부진 및 장기파업 등의 영향은 피할 수 없다.,NEGATIVE
무림페이퍼 영업이익 악화의 주요 원인은 펄프 가격 인상으로 인한 원가 상승과 연말 인센티브 집행으로 인한 판관비 증가이다.,NEGATIVE
원가 부담 반영하여 2010 년 무림페이퍼의 수익예상 하향 조정,NEGATIVE
"무림페이퍼의 수익 예상을 하향하는 이유는 1) 펄프가격 강세 유지, 2) 인쇄용지 제품 가격 인상 가능성 높지 않음, 3) e-book 등 종이 수요를 대체할 만한 매체 등장이다.",NEGATIVE
펄프 가격 상승으로 인한 부담으로 채산성 악화로 무림페이퍼의 수익 추정을 조정했기 때문이다.,NEGATIVE
"엔씨소프트의 4분기 실적은 양적인 측면에서는 시장기대치를 충족시켰지만, 질적인 측면에서는 시장기대치를 하회한 것으로 판단된다.",NEGATIVE
신규게임 모멘텀 하반기부터 발생 전망 엔씨소프트의 1분기와 2분기 실적은 감소 추세가 지속될 것으로 전망된다.,NEGATIVE
특히 2분기는 계절적인 비수기와 아이온 매출 감소로 엔씨소프트의 어닝모멘텀이 크게 약화될 것으로 추정된다.,NEGATIVE
"엔씨소프트의 2010년 본사기준 연간 예상 매출액은 전년대비 7.7% 성장한 4,872억원, 영업이익 4.6% 증가한 2,087억원으로 전년에 비해 성장률이 대폭 둔화될 것으로 전망된다.",NEGATIVE
엔씨소프트의 당기순이익은 기존 추정치 대비 1.9% 낮은 수준인데 주된 요인은 인건비 추정치를 상향 조정하고 해외 자회사 실적을 보다 보수적으로 추정했기 때문이다.,NEGATIVE
"투자의견 Buy 유지, 목표주가는 10,600원으로 하향 최근 통신 환경은 LG텔레콤에게 불리한 상황이다.",NEGATIVE
"LG텔레콤에 유리하게 작용했던 비대칭 규제가 점차 사라지고 있으며, 급격히 성장하고 있는 스마트폰 시장에서 기술방식의 차이로 인해 단말기 소싱도 어렵기 때문이다.",NEGATIVE
KB금융의 4분기 순이익은 전분기 대비 89.7% 감소한 178억원으로 시장컨센서스와 우리 예상치를 크게 하회하는 저조한 실적을 기록했다.,NEGATIVE
KB금융은 마진 상승에 따른 이자이익 증가에도 불구하고 대손 상각비와 판관비가 예상치를 상회했다.,NEGATIVE
"건설, 조선 등 잠재부실 여신에 대한 선제적인 건전성 재분류와 빠른 경기회복으로 인해 대부분의 은행의 대손상각비가 가파르게 하락하고 있는 가운데 KB금융만 유독 높은 대손비용률을 유지하고 있다.",NEGATIVE
토목부문의 원가율이 상승한 것은 토목 준공현장에서의 손실에 대해 에스컬레이션 적용을 받지 못했기 때문이다.,NEGATIVE
"우리금융의 4분기 순이익은 전분기대비 67.6% 감소한 1,568억원으로 시장컨센서스와 우리 예상치를 하회했다.",NEGATIVE
최근 불안한 주가지수 흐름과 회전율 하락으로 증권업종에 대한 실적 개선 기대감이 낮아지고 있다.,NEGATIVE
KB금융이 3분기 순이익을 대규모 적자로 전환시킨 원인은 잔여 PF 및 금호관련 exposure에 대한 충당금 적립과 퇴직연금 도입에 따른 보상금 등 일회성 비용 때문이다.,NEGATIVE
우리투자증권의 실적 미달은 시장 거래대금 감소로 인하여 Brokerage 수수료 수익이 32% 감소하였고 시장 변동성 감소로 상품운용 및 ELS운용성과가 부진하였기 때문이다.,NEGATIVE
"3 월 스마트폰이 추가되고, 2 분기에는 본격적으로 스마트폰의 출시가 많아질 것으로 보여 신모델 출시와 더불어 시기상 SK텔레콤의 마케팅비용은 늘어날 가능성이 크다.",NEGATIVE
우리투자증권의 3분기 실적이 부실자산에 대한 처리와 일회성비용지출로 예상보다 적게 시현되었다.,NEGATIVE
브랜드 인지도와 자본력이 핵심자원인 퍼블리싱 사업의 특성 상 유동성 감소는 네오위즈게임즈의 신규사업 추진에 부정적인 요소로 작용한다.,NEGATIVE
"일부 원가율 및 판관비 항목 상향 조정으로 대림산업의 목표주가를 120,000원에서 113,000원으로 소폭 하향한다.",NEGATIVE
삼성증권의 주가가 상승탄력을 받기 위해서는 결국 본격적인 펀드 Recovery 가 나타나야할 것으로 판단된다.,NEUTRAL
"LED 산업에 대한 시장우려가 확대되고 있는데, 그 근거는 1)주요 장비인 Aixtron과 Veeco의 장비 생산량 확대에 따른 칩 공급과잉 우려 2)LED TV에 채용되는 LED Bar의 감소와 2칩에서 1칩으로 적용되어 최소 60%이상 감소할 것이라는 우려이다.",NEGATIVE
- 대형마트 업태의 성숙기 진입에 따라 이마트가 예전과 같은 높은 성장 추세를 유지하기 어려울 것으로 전망하고 있기 때문임.,NEGATIVE
"대형마트 가격할인으로 매출이 신장되고 있지만, 설기간 이후 중장기 추이를 확인할 필요가 있으며 신규출점 한계로 양적 성장이 어려워짐에 따라 신세계 주가평가에 적용되던 프리미엄이 점점 줄어들고 있기 때문임.",NEGATIVE
삼성증권은 최근 온라인 약정 점유율이 하락함에 따라 전체 약정점유율이 약 0.5%p 하락하였으며 최근 회복되고 있는 신종증권의 판매 수수료는 경쟁사대비 회복 속도가 더딘 것으로 판단된다.,NEGATIVE
또한 삼성증권의 금융상품 판매잔고는 전분기와 유사한 수준을 유지하였지만 채권형 상품의 비중증가로 수익증권 취급수수료는 주식형 수익증권의 NAV 증가에도 불구하고 감소하였다.,NEGATIVE
하지만 지분법이익 회복 지연과 기저효과가 경쟁사 대비 적기 때문에 삼성증권의 순이익증가율은 경쟁사 대비 낮은 수준에 그칠 것이다.,NEGATIVE
하지만 다음의 경상이익은 유형 자산폐기손실 등 일회성 비용 발생으로 전분기대비 소폭 감소했다.,NEGATIVE
그러나 두산중공업의 2010년 영업이익은 시장의 기대치(539십억원)를 하회할 전망인데 이는 화력발전BG에서 초기에 수주한 EPC Project의 학습 비용이 생각 보다 많이 발생하기 때문이다.,NEGATIVE
한솔제지의 2010년 1분기 영업이익률은 펄프가격 상승보다 더딘 제품가격 인상의 영향으로 전분기 대비 하락할 것으로 판단된다.,NEGATIVE
다음은 영업비용 증가로 수익성 개선이 제한적이다.,NEGATIVE
이를 통해 추산할 수 있는 다음의 영업이익 가이던스는 640억원~726억원으로 시장 기대치 771억원을 `10~20% 하회하는 수준으로 당분간 시장 기대치가 하향되는 모습을 보일 것으로 전망된다.,NEGATIVE
"금호그룹 손실(1,186억원)이 크지 않은 점을 감안하면, 기업은행의 경상적인 대손비용(2,182억원)은 타행 대비 높은 수준이다.",NEGATIVE
한국제지의 영업이익률은 7.1%로 펄프가격 상승 부담이 예상보다 크게 작용한 것으로 판단되며 1분기 실적도 기대했던 10%의 영업이익률을 기록하기에는 무리가 있을 것으로 예상된다.,NEGATIVE
"따라서, 출하와 제품가격은 비교적 좋은 상황이지만 펄프가격 상승세가 매우 빠르게 나타나고 있는 점이 한국제지 수익성 악화의 최대 요인으로 판단된다.",NEGATIVE
"경기 회복으로 PC, 핸드셋, PMP 등 IT 수요가 호조를 보이고 있음에도 불구하고, 텔레칩스는 매출액이 감소하였다.",NEGATIVE
"이는 스마트폰, PMP 등 동사 제품이 장착되는 모바일 기기는 성능이 개선되면서 AP(Application Processor)와 같은 고성능 칩이 필요한 반면, 텔레칩스는 AP 출시 지연으로 PMP 및 핸드셋 용 부문 매출이 감소하였기 때문이다.",NEGATIVE
"특히 휴대폰용 시장에서 스마트폰, 터치폰등 다양한 기능이 강화된 고사양의 Feature Phone 시장이 확대되는 상황에서 텔레칩스는 뮤직폰, 카메라폰 등 트렌드와 다소 거리가 있는 칩 위주의 포트폴리오를 유지하였던 점이 매출 부진의 주요 원인이다.",NEGATIVE
"신세계몰은 09년 순매출액 493억원으로 전년대비 +32.2% 성장하였지만, 쇼핑몰 경쟁 심화에 따른 가격경쟁과 광고판촉비 증가로 61억원의 적자를 시현하였다.",NEGATIVE
KPX화인케미칼은 과거 2008년 20%의 높은 영업이익률에도 불구 KIKO 관련 파생상품손실 발생으로 순이익(17억원)은 급감하였다.,NEGATIVE
"실적 전망 하향, 마진압박 효과로 올해 삼성카드의 실적은 전년에 비해 감소할 것으로 전망한다.",NEGATIVE
"중국의 PTA 증설 물량, 반덤핑 관세 규제, 원화강세에 따른 수출가격 경쟁력 악화 등 케이피케미칼의 실적 악화 요인들이 상존함.",NEGATIVE
STX팬오션의 4분기 연결기준 실적은 해외법인의 실적부진으로 당사 예상을 하회했다.,NEGATIVE
악재가 사라졌음에도 한솔제지의 주가 반등이 미약한 이유는 펄프가격 상승에 따른 수익성 악화가 우려되기 때문이다.,NEGATIVE
"부정적인 소비관련 매크로 변수에 대한 우려 때문에 최근 1개월과 3개월간 한섬의 절대주가는 각각 7.9%, 11.7% 하락했고, 동기간 KOSPI대비 각각 2.7%p, 12.8%p 초과 하락했다.",NEGATIVE
한화석화의 4분기 영업이익의 감소는 평균환율의 하락과 원재료인 에틸렌 등의 가격 강세에 따른 spread 축소가 원인으로 판단된다.,POSITIVE
"이 상품에는 카드사용액에 연동하는 통신요금할인 서비스 및 기존 SK 그룹의 멤버쉽 포인트(T 멤버쉽/OK 캐쉬백 탑재) 등을 사용, 적립할 수 있게끔 할 것이다.",NEUTRAL
LG전자는 약 25개 내외 스마트폰 모델 중 70% 수준을 구글 OS 적용할 것으로 추정된다.,NEUTRAL
KOSPI 대비 초과상승 불구 추가 상승여력 30% 이상 2월초 저점(2월 8일)대비 종합주가지수(KOSPI)는 +5% 상승한데 반해 호남석유의 주가상승률은 +19.4%로 크게 아웃퍼폼(Outperform)하였다.,POSITIVE
3 월 판매가격 하락 및 재고효과로 풍산은 Metal Loss 발생이 불가피해 보인다.,NEGATIVE
"한솔LCD의 실적은 2007년과 2008년 각각 고객 사 내 M/S 감소, 글로벌 경기 악화로 부진한 모습을 보였다.",NEGATIVE
KB금융은 전일 사외이사 후보추천위원회와 이사회를 열어 3명의 사외이사 후보를 최종 확정했다.,NEUTRAL
신임 회장이 선임될 경우 외환은행에 대한 인수 가능성이 재부각되면서 그동안 수면 아래로 가라앉았던 M&A 모멘텀이 되살아날 수 있을 전망이다.,NEUTRAL
따라서 타OEM 수주의 진행 속도 및 규모 여부가 향후 한라공조의 Re-Valuation을 좌우하는 핵심 요소가 될 것으로 판단된다.,NEUTRAL
"한라공조의 4분기 영업이익률은 3.3%를 기록했으며, 1)환율하락(3분기 평균환율 1,241원/달러→4분기 평균환율 1,169원/달러)에 따른 매출액 감소 영향과 2)알루미늄 가격 상승(+10%, LME기준) 등과 같은 원재료 가격 상승에 기인한 것으로 풀이된다.",NEGATIVE
"딜러 출고분 1,300 대중 단 한대에서 그와 같은 현상이 발생했으나, 현대차 측이 선제적 조치를 취한 것이 기사의 발단이 된 것으로 보인다.",NEUTRAL
금융위기 이전보다 이자자산이 늘어나 기초이익이 확대 금융위기가 불어닥친 2008년 3Q부터 은행들은 대출자산을 늘리지 않고 유지하는 정도에서 성장률을 맞춰가고 있다. 하지만 기업은행은 정부 정책에 동조하면서 이자자산을 계속 늘려왔다.,NEUTRAL
"우선 동아제약의 전문의약품 매출 비중은 57.8%(09년 기준 4,631억원)로 나머지 42%의 매출은 정부의 각종 규제에서 자유롭다고 할 수 있다.",NEUTRAL
"그리고 소빅스도 신제품 출시와 한계제품 철수로, 매출은 10% 감소하였다.",NEGATIVE
4분기 영업외 손실 규모는 125억원으로 자회사인 페르마에듀의 영업권 상각 잔여분 전액을 추가 계상하였으며 이에 따라 페르마에듀와 관련된 영업권 상각은 2009년에 종료되었다.,NEUTRAL
하나투어는 수탁금 대비 항공권 대매 수익 비율이 1.6%로 3.2%였던 평년에 비해 절반으로 하락했다.,NEGATIVE
우리금융은 현 PBR이 0.75배로 업종 평균을 크게 하회하고 있는데 이러한 저평가의 배경은 예보의 소수지분 매각 예정으로 인한 Overhang 우려 때문으로 추정된다.,NEGATIVE
우리금융 민영화를 위해서는 소수지분 처리가 선행되어야 하는데 과거의 매각 가격에 집착하다 보면 조기 민영화에 차질을 빚을 수 있기 때문이다.,NEUTRAL
하반기부터 TV 업체들간의 경쟁 심화로 TV용 부품의 수익성이 악화되고 신규 LED 공장의 감가상각비가 상반기 대비 85.7% 증가함에 따라 LG이노텍의 하반기 실적은 2009년처럼 상반기 대비 악화될 것으로 예상된다.,NEGATIVE
향후 셀트리온는 이 결과를 토대로 동물 독성시험 및 임상시험을 진행해 2011년 상반기까지 임상을 완료할 예정이다.,NEUTRAL
"매각 완료까지 수개월이 소요될 것으로 보이며, 인수후보로 KB 금융지주가 유력하기는 하나, 해외매각 가능성도 상당히 높은 것으로 판단된다.",NEUTRAL
"KB 금융의 경우 일련의 사건 이후 현재 조직 안정화가 진행 중인데다, 아무래도 지주회장 공석에 따른 강력하고 안정적인 리더십의 부재가 M&A 와 같은 특수한 상황에서 아쉬울 수밖에 없다.",NEGATIVE
"두번째로는 외환은행의 대주주 특성상 가장 중요한 요건은 결국 매각가격일 텐데, 이미 경제외적인 이유로 절호의 매각기회를 놓친 적이 있기 때문에 이번에는 외부입김이 최소화 될 것으로 보인다.",NEUTRAL
현대상사의 매출액은 환율하락에 따른 부정적인 효과로 전년비 소폭 감소가 불가피할 전망이다.,NEGATIVE
"2월에는 설을 전후하여 현대하이스코는 순천공장의 설비보수공사를 실시한 결과 생산, 판매가 전월에 비해 다소 감소했다.",NEGATIVE
"LG의 ‘10년 1분기 실적은 매출 4,070억원, 영업이익 3,765억원, 순이익 3,682억원으로 추정됨. LG가 향후 M&A에 참여하여 자금이 유출될 가능성은 극히 낮아 보임.",NEUTRAL
"하이닉스는 DRAM 가격의 상승에 따른 수익성 개선이 지속됨에도, 잠재적 오버행이슈에 따른 부담이 작용되었다.",NEGATIVE
"한국제지의 수익성이 악화된 주된 이유는 펄프가격 상승 때문으로, 2월달 펄프가격도 약 720달러로 지난해 4월 이후로 지속적인 상승세가 나타나고 있다.",NEGATIVE
그리고 제품가격 인상폭이 낮은 점과 타 사 대비 수출비중이 낮은 점도 한국제지의 마진율 하락을 심화시킨 것으로 판단된다.,NEGATIVE
"하이닉스 주가는 반도체 업황 호조와 이에 따른 실적 개선에도 불구하고, 채권단 지분 매각 이슈로 약세를 보였다.",NEGATIVE
"삼성전기는 10년 하반기에 LED 칩부문의 공급과잉 우려, 세트업체의 단가인하 압력이 예상된다.",NEGATIVE
"봉형강, 가격인상 환경 조성될 것 현대제철의 1분기 영업이익은 1,304억원으로, 전분기대비 31% 감소할 것으로 예상된다.",NEGATIVE
전세계적인 신종플루 사태가 진정된 상황에서 녹십자의 폭발적인 실적 역시 2010년 1분기로 일단락되었다고 할 수 있어 2011년 이후 실적 감소가 불가피해 보인다.,NEGATIVE
또한 파워로직스는 부실자회사 처분 및 기타채권에 대한 대손상각비 인식 등으로 영업외비용도 크게 발생하였다.,NEGATIVE
"4Q09 대규모 적자가 발생 하였으나, 차입금의존도 개선(45%→28%) 및 부실자산정리 완료로 재무구조가 크게 개선되어 현 시점은 파워로직스가 펀더멘털에 입각한 정당한 기업가치를 받을 시점이라고 판단된다.",NEUTRAL
"한국제지의 사업구조는 1) 백상지 생산 비중이 높아서 경쟁사 대비 펄프사용비중이 더 크고, 2) 펄프가격 상승에 따른 단가 인상이 수월한 수출 부문의 비중이 작다.",NEUTRAL
건물은 2011년말에 완공될 예정인데 풍산은 4개층을 사옥으로 사용하고 나머지 11개층은 임대할 계획이다.,NEUTRAL
금융위기 후 체질이 달라졌다: 재무 안정성 강화+주택 리스크 클린화 대림산업는 금융위기를 거치면서 유동성과 재무 안정성이 오히려 지속적으로 개선되었다.,POSITIVE
"또한 대림산업은 과거 2년간 주택관련 잠재 부실을 충실히 선반영해 왔으며, 미분양과 PF 지급보증에 대한 리스크도 상당부분 감소했다.",POSITIVE
2009년 낮은 정제 마진의 지속으로 SK에너지는 2Q09부터 연속 3분기 정유 사업 부문 적자를 기록하였음.,NEGATIVE
손해율이 높은 저축성 상품 비중이 낮아 메리츠화재의 손해율은 타사 대비 낮은 수준을 유지하고 있다.,POSITIVE
"메리츠화재의 장기보험 위험손해율(88.0%→91.3%→85.8%, 누적 83.9%)은 여전히 높은 수준에서 유지되고 있어 추가적인 수익성 개선을 제한하고 있다.",NEGATIVE
"또 세방의 과거 7년간 화물운송과 항만하역의 매출액 CAGR은 각각 12.7%, 5.5%을 기록하여 한국의 GDP증가율을 상회하고 있어 향후에도 GDP 성장률보다 높은 매출 증가세가 예상된다.",POSITIVE
"3. IFRS 도입 시 수혜 예상 세방은 1998년에 재평가한 토지(선릉역 3번출구 본사 23층빌딩-390평 토지를 포함하여 총 84,000평 규모) 재평가 시 장부가 증가가 예상된다.",POSITIVE
"카메라모듈 시장이 고화소급 시장의 성장 지연과 스펙 하락으로 파트론의 성장율, 마진율이 감소하고 있다.",NEGATIVE
포스코와 같이 원료의 대부분을 수입에 의존하는 경우 중기적으로 주가할인 요인이 발생했다.,NEGATIVE
"다음의 영업이익률 가이던스는 작년 18.2%의 영업이익률을 감안하면, 오버츄어로의 파트너 변경과 매출액 성장을 감안하면, 시장의 기존 기대치보다는 낮은 수준으로 판단된다.",NEGATIVE
동국제강의 1분기 영업이익은 전분기대비 감소가 예상된다. 이는 시장에서 이미 인지하고 있는 대로 철근과 후판 업황이 부진하기 때문이다.,NEGATIVE
후판은 생산자 우위의 시장에서 수요자 우위의 시장으로 전환되어 원재료인 슬래브 가격 상승분을 제품가격에 반영하기가 쉽지 않다고 판단된다.,NEGATIVE
휴맥스의 주가는 약세를 면치 못하고 있다. 원/유로와 원/달러 환율의 약세 및 주 매출처 중 하나인 유럽의 경기부진에 대한 우려 때문인 것으로 판단된다.,NEGATIVE
중장기적으로 대형 발전플랜트 EPC 업체로서의 입지를 확고히 해야 하는 현대중공업의 입장에서 라빅 발전소 건은 포기할 수 없는 기회 요인이다.,NEUTRAL
지난 09년 11월에 발생한 화재로 MLB 생산이 일부 가동 중단되면서 외부생산비중을 높여 대덕GDS은 추가적인 비용(1분기에 약 80억원 추정)이 발생하였다.,NEGATIVE
"일단, 지난 해부터 지속된 각 사업부의 비용절감 및 제품믹스 변경에 따른 이익률 개선이 지속되고 있는 점, 시가총액의 약 78%에 달하는 현금성 자산 및 매도유가증권, 5%대의 배당수익률을 고려하면 현재 대교의 주가는 충분한 저평가 구간으로 판단된다.",POSITIVE
"한화석화는 계절적 성수기인 2Q에 에틸렌 가격 안정속에 LDPE의 마진 회복세가 기대되나, 1Q 구입한 고가 에틸렌 영향으로 1Q 대비 영업이익이 소폭 감소할 것으로 보인다.",NEGATIVE
그러므로 무림P&P는 2011 년부터는 전혀 다른 매출 및 비용 구조를 가진 회사가 될 전망이다.,NEUTRAL
무림P&P의 수익성은 일관화공장 건설 및 가동 시점부터 수율이 정상화되는 2011 년 상반기에는 일시적으로 하락할 것으로 예상된다.,NEGATIVE
하나투어의 회계 방침상 3 월 말에 출발하여 4 월에 도착하는 일정은 4 월 실적으로 계상된다.,NEUTRAL
그러나 올해는 3 월에서 4 월로 이월되는 금액(Cut-off)이 이미 15 여억원인데다가 당시 하나투어 패키지 송출객인 30 만명에 육박하는 송출객을 기록할 것으로 예상되어 하나투어는 사상 최고 실적을 달성할 전망이다.,POSITIVE
1분기에 외주 비용 증가로 인해 대덕GDS의 영업이익률은 3%대에 그칠 것으로 예상된다.,NEGATIVE
"04년부터의 통계를 보면 SK텔레콤은 1Q에 가장 적은 마케팅비용을 지출하는데, 09년 4Q부터 이어진 스마트폰의 열풍에 의해 1Q10에도 마케팅비용을 많이 지출하여 영업이익은 전년동기대비 감소할 것으로 보인다.",NEGATIVE
SK네트웍스의 영업이익이 큰 폭으로 감소한 이유는 환율하락에 따른 마진 축소와 지난해 영업 양도한 네트워크 사업부문의 이익소멸 때문이다.,NEGATIVE
메모리 경기는 06년 하반기를 고점으로 2년 반 동안의 극심한 불황을 겪었다.,NEGATIVE
"스마트폰의 경쟁심화에 따른 무선분야 마케팅비의 증가추세가 이어지고 있고, 1Q09에는 합병준비로 인해 KT의 마케팅이 미비하여 영업이익이 높았기 때문에, KT의 영업이익은 상대적으로 감소할 것으로 전망된다.",NEGATIVE
"GS건설은 2008년 말 이래로 미분양과 PF 대출잔액이 꾸준히 감소했으며, 3Q08 이후 유동성 보강에 집중하면서 1.5조원에 달하는 풍부한 현금을 확보하고 있다.",POSITIVE
대덕GDS 매출감소의 이유를 살펴보면 1) 서머너즈워의 2차 대규모업데이트인 ‘이계의 틈’ 이후 컨텐츠가 대부분 소진되어 유저들의 결제 욕구가 감소되었고 2) 상반기 마케팅비 감소에 따라 기존의 신규유저 유입효과가 반감되었다.,NEGATIVE
"새론오토모티브의 실적이 예상치를 하회화는 배경으로서 1) 해외전략 고객 신모델용 카메라모듈이 공정상의 병목 현상으로 인해 출하가 지연됐고, 2) HDI 등 국내 주고객향 스마트폰 부품이 고전하고 있으며, 3) 원화 강세와 함께 환율 여건이 부정적으로 조성됐기 때문이다.",NEGATIVE
"새론오토모티브의 반기말 기준 재고가 증가한 것으로 보아 전방 수요 둔화로 수주 물량의 선적 지연이 있었던 것으로 판단되며, 원재료 가격상승에 따른 원가율이 증가했을 것으로 예상되기 때문이다.",NEGATIVE
"3분기 실적이 전년 동기의 낮은 기저로 개선되지만, 상반기 부진과 전년 4분기의 높은 기저, 그리고 부정적 환율 변화 등을 감안할 때 LS의 연간 실적은 전년 대비 부진할 전망이다.",NEGATIVE
"3Q16 실적 부진 우려로 하락한 주가. 삼성SDI의 주가는 기존 제품에 대한 재고 조정과 이에 따른 3Q16 실적 부진 우려로, 전 고점대비 -22% 하락했다.",NEGATIVE
"2분기 기준 91.7%였던 농심의 3분류 제품 시장점유율이 경쟁 심화로 3분기에 91.0%, 4분기에 90.4%로 소폭 감소할 것으로 예상된다.",NEGATIVE
"2) 코라오홀딩스 3Q16 매출 QoQ (-) 요인은 ① 뮤오리진 국내 매출 감소 전망(매출순위는 유지되고 있으나 매출은 감소 추이), ② 전민기적 중국 로열티 매출 감소 전망, ③ R2, 샷온라인, 메틴2 등 주요 PC게임 대부분 3Q16은 비수기로서 감소 전망 등이 있다.",NEGATIVE
"3) 3Q16 코라오홀딩스의 연결매출이 전분기 대비 3.8% 정도 감소할 것으로 추정하는 것은 기존게임의 매출 감소 규모가 샷온라인 모바일, 뮤오리진 Western 등 신작의 신규 매출기여 규모보다 클 것으로 예상하기 때문이다.",NEGATIVE
인터플렉스는 일시적인 매출 차질 및 올해 수주목표 달성의 불확실성이 제기되었다.,NEGATIVE
수리온 납품 중단에 따른 불확실성이 해소되기 전까지 인터플렉스에 대해 보수적인 접근 권고,NEGATIVE
"2분기 대비 미국 달러가 3% 하락, 영국 파운드가 12% 이상 하락, 유로도 3% 하락한 것이 LG의 수익성 악화의 주요 원인인 것으로 분석된다.",NEGATIVE
"3Q16 Preview: 영업이익률 4.4% 전망 LIG손해보험의 3분기 실적은 시장 기대치를 하회할 전망이다(영업이익 기준 -16%). 매출액/영업이익은 각각 1%/28% (YoY) 감소한 1.8조원/799억원(OPM 4.4%, -1.7%p (YoY))으로 예상한다.",NEGATIVE
"외형 감소에 따른 고정비 부담 상승과 고마진 엔진부품 수출의 감소로 Mix 악화, 신 공장 초기의 적자 등으로 제이콘텐트리의 영업이익률은 4.3%(-2.0%p (YoY))로 하락할 것이다.",NEGATIVE
"전사적 경영효율화 및 대규모 자산 감액에 따른 고정비 부담 축소, 중대형 전지의 규모의 경제 확대에 힘입어 제이콘텐트리의 영업 실적이 우상향해 갈 것이라는 예측에서 벗어나고 있다.",NEGATIVE
"과거 사례를 볼 때, 이 같은 파장은 두세 분기 이상 이어질 가능성이 높아 현대제철의 내년 실적 전망치도 매출 3.9%, 영업이익 4.3%, 순이익 7.0% 하향조정 한다.",NEGATIVE
또 중국 내 매장(약 200여개)의 대부분이 백화점과 쇼핑몰에 입점해있는데 최근 전자상거래 시장 확대로 오프라인 유통채널의 입지가 감소하고 있다는 점도 신세계의 실적에 악영향으로 작용할 전망이다.,NEGATIVE
티씨케이의 주가는 2016년 4월 대규모 증설 발표 후 가치를 반영하는 듯 했지만 현재는 2016년 4월27일 고점대비 20%-30% 낮은 가격에 거래되고 있다.,NEGATIVE
3Q16 Preview: 영업이익률 5.9% 전망 티씨케이의 3분기 실적은 노조 파업의 여파로 기대치에 미달할 것으로 보인다(영업이익 기준 -10%). 3분기 출하/판매대수는 각각 108.5만대/119.6만대로 전년 동기대비 -3%/+1% 변동하였다.,NEGATIVE
"현대차에 PER 배수를 다소 높게 준 이유는 1)경쟁 기업의 감소로 수주 마진이 개선되고 있으며, 2)LNG는 미래의 연료로 부각되고 있어 HRSG 수요는 해마다 늘어날 것으로 기대되고 있기 때문이다.",POSITIVE
LG전자 실적 악화의 주요 원인은 상대적으로 수익성이 높은 아이패드향 D-IC와 모바일향 TDDI 공급량이 세트 수요 둔화로 인해 큰 폭으로 감소하며 제품 믹스가 악화되었기 때문이다.,NEGATIVE
"또한, 2분기 말 기준 669명이었던 직원수가 3분기 들어 730명까지 확대되었고, 모바일 관련 RD 투자 비용이 증가한 점도 LG전자의 수익성 악화 주요 원인으로 작용했다.",NEGATIVE
"16년 4분기에도 전반적인 외형 성장이 제한될 것으로 예상하는 가운데 인력 충원, RD 투자 확대, 성과급 지급 등 비용 요인들이 증가하며 LG전자는 수익성 개선이 어려울 것으로 판단한다.",NEGATIVE
"매출액은 기대에 못 미쳤고, 대규모 리콜 비용이 발생했음에도 불구하고 LG전자의 영업이익이 시장 기대 수준을 상회했다는 것은 결국 상당히 적극적인 비용절감과 효율화의 덕분인 것으로 해석된다.",POSITIVE
"그러나, 1) 하반기부터 성장을 위한 비용이 증가하면서 전년 메르스 기저에도 영업이익 증가율은 32%에 불과하고, 2) 2017년에는 감익이 예상되며, 3) 마카오 대비 약 27% 할인 받는 상대적 매력에도 ‘16년/’17년 예상 P/E가 각각 20배/32배로 절대적인 밸류에이션이 낮지 않아 대한항공은 부진한 주가 흐름이 지속되고 있다.",NEGATIVE
"목표주가 하향, 그러나 낙폭 과대 구간 주고객사 하반기 신제품 효과에 따른 기대감이 사라지고, 실적 성장세가 둔화되어 삼성전자의 목표주가를 23,000원(17년 예상 EPS 기준 9배로 추정)으로 하향한다.",NEGATIVE
"판매 중단에 따른 영업이익 감소, 총 3.3조원 예상갤럭시노트7 판매 중단에 따른 삼성전자 전사 영업이익 감소 폭은 4Q16 6,800억원, 2017년 2조 6,335억원이 될 것으로 추정된다.",NEGATIVE
"갤럭시노트7 관련 직접비용 및 손실은 삼성전자 3Q16 실적에 모두 반영되었지만 4Q16 실적에 단종에 따른 기회손실, 이미지타격에 따른 다른 갤럭시시리즈 판매 영향 등 여진은 남아 있다.",NEGATIVE
"공중파 시청률 하락과 T커머스 확대 등으로 TV채널의 감소폭이 예상보다 컸고, 무수익 취급고 축소 정책 등으로 모바일 성장률까지 둔화되면서 CJ 외형성장률의 회복은 예상보다 늦어졌다.",NEGATIVE
"3분기 특수강 출하량 42.4만톤(-5.8% YoY), 평균판매단가 80.4만원(-8.8%) 예상3분기 주요 고객사의 파업 영향으로 현대제철의 특수강 출하량은 전년 동기 대비 5.8% 줄어든 42.2만톤을 기록할 전망이다.",NEGATIVE
"기초소재는 납사 하락에 따른 (-)lagging효과 600억원, 엔화/원화 강세에 따른 악영향 700억원 등이 반영되며 2Q 대비 약세를 보였다.",NEGATIVE
"삼원강재 목표주가 10만원으로 하향, 중국에 대한 꾸준한 관찰 필요: 3Q16 실적에 반영될 것으로 예상 되는 과징금을 포함해 국내 가치를 하향했고 중국 역시 실적 추정 및 Target PSR 하향을 반영했다.",NEGATIVE
"3Q16는 주요 거점지역(중국/유럽/북미)의 대행물량 감소 및 환율(파운드 약세) 영향 등이 맞물리며, 10년 연결실적 반영 이래 첫 역성장(YoY)임을 상기하자. 4Q16도 기대치에 못 미칠 ‘Organic Growth’(+2.6%YoY)는 코리아써키트 실적 개선에 부담 요인으로 작용할 전망이다.",NEGATIVE
"아쉬운 점은 신세계의 면세점과 방판 매출 성장이 전년 동기대비 둔화되었는데, 일시적 요인이 아닐 수 있어 기대치는 다소 낮추고 가는 것이 바람직할 것으로 판단된다.",NEGATIVE
"대한항공의 송객 수는 42% (YoY) 성장했지만, 1) 일본의 성장 폭이 높아 패키지 ASP가 약 17% 하락한 것으로 추정되며, 2) 면세점의 영업적자도 약 59억원으로 여전히 높기 때문이다.",NEGATIVE
"현대차는 매출액 증감률에 비해 영업이익 감소폭이 컸는데 이는 1) 국내공장에서 파업에 따른 생산차질로 가동률이 저하되면서 고정비 부담이 높아졌고, 2) 금융부문 수익성이 악화되었으며, 3) 판관비에서는 마케팅비(판촉 경쟁 심화), 경상연구비(신차 및 친환경차 관련) 등이 증가했기 때문이다.",NEGATIVE
"뒤돌아보자! 지난 2년간 LG전자의 실적 부진의 늪에 빠진 근본적인 이유가 뭔지...주가는 낮은 수준, 하지만 상대적인 매력도 낮다: 3Q16 실적을 반영하여 실적 조정 예정이다.",NEGATIVE
Action17년 상반기까지 부진 지속 전망: 2Q17까지 현대차의 실적은 내수 및 북미 지역 수요둔화와 그로 인한 경쟁 강도 상승으로 인해 부진이 지속될 것으로 전망한다.,NEGATIVE
"3Q 수요 공백에 따른 태양광 제품 가격들의 급락이 이어졌고, 중국 국경절 이후 셀/모듈 공장 가동으로 가격 반등(10/26, $13.6/kg)이 나타나고 있지만, 결국 수요 부진으로 GS건설의 상반기 수준의 가격 상승 rally가능성은 낮을 것으로 판단된다.",NEGATIVE
"한국가스공사의 4분기 영업이익은 최근 유가 반등에도 미얀마 가스전 이익 개선이 제한적이며, 암바토비 광구 추가 손실 가능성이 높아 전년대비 4.0% 감소한 800억원이 예상된다.",NEGATIVE
"와이솔은 영업외적으로는 LED 등으로부터 운휴자산상각비 472억원이 발생했는데, 이는 한계 사업에 대한 효율화 노력의 일환으로 해석할 수 있고, 향후 영업 실적 전망에 있어서는 긍정적일 것이다.",POSITIVE
기타 사업부는 6~7호선 테넌트 공실에 따른 손실과 신사업 부문 손실등으로 영업이익이 전년동기대비 47.5% 감소했다.,NEGATIVE
먼저 삼성전자 매출액의 전년동기 대비 하회 요인으로는 1)비우호적인 환율환경과 2)국내공장 파업으로 인한 내수시장 판매급감(YoY -11%) 3)신흥국 시장 부진 등이 있었던 것으로 해석된다.,NEGATIVE
"특히, 전체 단말 가입자의 견조한 증가세(QoQ +1.0%, YoY +3.4%)에도 불구하고 MVNO 포함 ARPU가 32,010원으로 QoQ -1.0%, YoY -3.4% 감소한 부분이 삼성전자 수익 감소의 주된 원인으로 보여진다.",NEGATIVE
"문제는 판관비가 예상 범위 내 통제되고 있을 뿐, 자산성장 및 NIM관리, 비이자수익 및 충당금 전입 등 모든 부분에서 대한항공의 경영계획을 크게 밑돌고 있다는 점이다.",NEGATIVE
"대림산업은 영업이익과 세전이익도 시장 기대치에 부합하지 못했는데 ① 해외원가율이 여전히 부진했고(원가율 103.7%), ② 아파트 단지 상가 미분양으로 인한 손실이 판관비에 300억원, 기타영업비용에 2400억원 발생했기 때문이다.",NEGATIVE
"3분기 대형건설사의 실적에서는 공통점을 발견할 수 있는데 ① 매출액이 시장기대치를 밑돌았고, 세전이익은 시장기대치를 하회했다는 점이다.",NEGATIVE
"2H16 실적모멘텀 하향세 기아차는 국내공장 조업차질, 해외시장 인센티브 상승 등 마진감소 영향, 신차효과 감소 등으로 인해 2016년 하반기 실적모멘텀은 상반기에 비해 약화될 전망이다.",NEGATIVE
"3Q 실적 부진, 매출 정체/자회사 적자가 실적 개선의 걸림돌 SKT는 2016년 3분기에 연결 영업이익 4,243억원(-14% YoY, +4% QoQ), 순이익 3,251억원(-15% YoY, +12% QoQ)으로 컨센서스(영업이익 4,236억원)에 부합하였지만 전년동기비 큰 폭의 이익 감소를 기록하였다.",NEGATIVE
"3분기 부진의 원인인 완성차 파업에 따른 국내 가동률 하락과 중국 사업의 부진, 그리고 신 공장 초기 적자 등은 현대차 주가에 지속적으로 반영되어 왔다.",NEGATIVE
"3Q16 Review: 영업이익률 3.7% 기록 세아베스틸의 3분기 실적은 시장 기대치를 하회했다(영업이익 기준 -22%). 매출액/영업이익은 각각 4%/43% (YoY) 감소한 1.74조원/640억원(OPM 3.7%, -2.5%p (YoY))을 기록했다.",NEGATIVE
"가동률 하락에 따른 고정비 부담 상승과 고마진 엔진부품 CKD의 감소로 Mix 악화, 그리고 신 공장의 초기 적자 등으로 세아베스틸의 영업이익률은 4.0%(-2.3%p (YoY))로 하락했다.",NEGATIVE
"세아베스틸의 주 고객군인 자동차 부품 가공 설비 수요가 정체되어 있고, 한국/중국에서 가격 경쟁도 심화 중이어서 당분간 현재의 부정적 환경이 이어질 것으로 보고 있다.",NEGATIVE
"지난해 3분기는 베링거잉겔하임에 기술이전 된 올무티닙의 계약금이 유입되면서 높은 실적을 기록했으나, 올해 상대적으로 기술료 유입이 부재하면서 유한양행은 전년대비 역성장을 나타낸 것으로 파악된다.",NEGATIVE
"다만, [애니팡3] 히트 수준이 예상에 못 미치고 있는 점을 감안하여 카카오게임즈의 4Q16 실적 전망치는 종전 전망치(매출 336억원, OP 115억원) 대비 매출은 13.7%, 영업이익은 18.3% 하향하였다.",NEGATIVE
"한화석화 실적 부진의 원인은 유가 하락(Dubai 6월 평균 $46.3→9월 $43.4)에 따른 (-)lagging 효과, 정제마진 부진, 정기보수 영향으로 정유 부문이 919억원의 영업이익을 시현하면서 당초 추정치를 하회했기 때문이다.",NEGATIVE
"올해 3분기 전반적으로 수출주에 부정적인 환율 효과가 지속되었고, 일부 공장 셧다운(PP)에 따른 물량 감소가 컸고, 대성하이텍은 NCC 규모 대비 폴리머 생산능력이 큰 가운데 외부 구입 모노머의 가격이 상승하였기 때문이다.",NEGATIVE
유한양행 금번 실적 부진의 주된 원인은 주력품목인 스티렌약가인하에 따른 영향으로 가격이 인하되면서 원가율이 급격하게 증가했고 3분기 엔화강세의 영향으로 일본에서 수입하는 원료가격이 높게 반영되면서 제조원가가 올라간 데 기인한다.,NEGATIVE
"웅진코웨이의 3분기 총계정수는 573만(렌탈 482만)으로 +0.1%(YoY), -2.0%(QoQ) 수준에 머물렀는데, 정수기 판매 부진으로 렌탈 판매량이 29만(15.3Q 34만, 16.1Q 35만, 2Q 39만)에 그쳤기 때문이다.",NEGATIVE
"신세계의 매출이 기대보다 부진했던 이유는 해외부문 매출 성장과 이익이 예상치를 하회했고, 추석선물세트 반품 환입분 약 100억원 반영, 면세점 매출도 전분기 대비 260억원 감소했기 때문이다.",NEGATIVE
"해외와 면세 실적 조정으로 4Q16, 17년 추정치 하향: 신세계의 4Q16E 매출 14,662억원(20%YoY), 영업이익 1,670억원(35%YoY), 17년 매출 57,955억원(+22%YoY), 영업이익 9,129억원(+18%YoY)으로 기존 추정치 대비 5% 하향 조정하였다.",NEGATIVE
"다만 원텍의 전분기비 이익률은 다소 축소될 것으로 전망되는데 이는 4분기 대덕단지내 R&D센터인 테크노돔 구축, 미국공장 생산가동 등에 따른 상각비 반영이 예상되기 때문이다.",NEGATIVE
"추가로, 최근 1년간 눈부신 볼륨성장을 보여왔던 미국과 유럽 역시 각각 산업수요 peak-out과 윈터타이어 판매증가 지연으로 한국타이어의 4Q16매출흐름은 3Q16대비 상대적으로 부진할 것으로 생각된다.",NEGATIVE
"4분기 실적은 개선될 것으로 보이나 더 강력한 모멘텀 필요… 3분기 실적 부진에 따라 영원무역홀딩스의 4분기 실적을 매출액 528억원(YoY -27%, QoQ +9%), 영업이익 115억원(YoY -20%, QoQ +15%)으로 하향 조정한다.",NEGATIVE
"스캇의 적자폭이 예상보다 크지 않았음에도 불구하고, OEM 매출이 부진하면서 인건비와 같은 고정비가 부각되었을 가능성이 있고, 전년대비 원/달러 환율 하락, 고객사들의 성수기 물량 납기를 맞추기 위한 초과근무 증가, 운송비 등 기타 비용이 증가하여 영원무역홀딩스의 이익 부진폭을 키운 것으로 보인다.",NEGATIVE
"아시아 의류OEM 대부분 실적 둔화: 영원무역홀딩스는 4Q16에도 OEM매출과 영업이익이 크게 개선되기는 어려울 것으로 보이는데 이유는 작년 실적 베이스가 높고, 환율효과도 소멸되며, 계절적 비수기에 해당하기 때문이다.",NEGATIVE
"영원무역홀딩스의 수익성 하락은 ①단납기 오더 증가에 의한 생산성 하락(전방 수요 불안 → 바이어 재고조정을 위한 반응 생산 확대 → OEM업체 단납기 오더 증가 → 리드타임 맞추기 위한 초과근무 증가로 인건비 상승, 생산러쉬에 따른 무형 비용 상승 등), ②마진 스퀴즈, ③부정적 환 효과(원달러 환율 YoY -4%) 등이 복합적으로 작용한 것으로 분석한다.",NEGATIVE
"웹젠의 3Q16 실적은 매출은 뮤오리진 매출 급감 등으로 전분기 대비 9.7% 감소한 반면, 영업비용은 뮤오리진 매출급감에 따른 지급수수료 감소에도 불구하고 뮤오리진 Western, 샷온라인 모바일 등 신작 마케팅에 따른 마케팅비 급증으로 전분기 대비 1.3% 감소에 그침에 따라 영업이익은 전분기 대비 32.3% 급감하게 된 것이다.",NEGATIVE
"우려감을 모두 반영한 주가: 아모레퍼시픽의 17년 영업이익을 9.6% 하향했고, 최근 국내 화장품 기업들의 밸류에이션이 3년 전 수준으로 회귀하는 추세임을 감안하여 FW12개월 기준 Target P/E 20배(로드샵 평균)로 하향 적용한 목표주가 3만원을 제시한다.",NEGATIVE
"매장수 증가(3분기 기준 743개, YoY +56여개)에 따른 지급수수료 부담은 아모레퍼시픽의 추가적인 수익성 저하 요인으로 작용했다(영업이익률 0.1%, YoY -1.4%p).",NEGATIVE
다만 모바일 부문 판촉 비용 지출과 계약이 확정되지 않은 채널의 송출수수료를 보수적 회계 처리함에 따라 네오위즈홀딩스의 영업이익은 전년동기대비 소폭 감소한 모습을 보였다.,NEGATIVE
"네오위즈홀딩스의 3Q16 매출이 전분기 대비 9.7% 감소한 것은 킹덤오브워, 마스커레이드 등 3Q16 론칭 신작은 흥행실패로서 매출기여는 미미했던 반면, 기존 주요게임의 해외매출이 컨텐츠업데이트 일정 지연 등으로 전분기 대비 대폭 감소했기 때문이다.",NEGATIVE
"컴투스홀딩스의 3Q16 매출이 전분기 대비 6.7% 감소한 것은 신작 출시는 없는 가운데 스포츠게임 비수기 영향으로 컴투스프로야구 등 스포츠 장르 매출이 감소했고, 주력게임인 서머너즈워 매출도 감소했기 때문이다.",NEGATIVE
컴투스홀딩스의 3Q16 영업이익이 전분기 대비 15.4% 감소한 것은 매출은 전분기 대비 6.7% 감소했음에도 영업비용은 서머너즈워 호문쿨루스 업데이트 후 북미/유럽 레벨업 마케팅 실시에 따른 마케팅비 증가 등으로 인해 전분기 대비 소폭 감소에 그쳤기 때문이다.,NEGATIVE
"다만 CJ CGV의 성장률은 3Q16보다 둔화될 것으로 보이는데 이유는 면세점에서의 기저효과 소멸, 중국 따이공들의 수요 둔화가 수출대행 부진으로 이어질 가능성을 배제할 수 없기 때문이다.",NEGATIVE
컴투스홀딩스는 서비스하고 있는 게임 중 자체개발 비중이 낮아 로열티 지급액과 마켓 지급수수료 등의 변동비 부담이 큰 만큼 3분기처럼 매출이 감소할 경우 이익감소가 두드러지게 보인다는 점도 부담스럽다.,NEGATIVE
"매출의 감소는 주력시장인 북미와 일본에서 ""포켓몬"" 등의 신규게임이 흥행했던 것과 무관하지 않은 것으로 판단되며, 여전히 신규 성장동력을 찾지 못하고 있다는 점도 컴투스홀딩스의 주가를 누르는 요인이 되고 있다.",NEGATIVE
"3분기 실적 및 길게 봐야 할 듯한 신규라인업 성과 등을 반영해 한섬의 이익추정치를 하향조정 했으며, 성장에 대한 판단 역시 긴 호흡으로 접근해야 한다는 점에서 프리미엄도 축소될 것으로 판단된다.",NEGATIVE
하지만 YG는 빅뱅 공백으로 인한 내년 실적 역성장이 주가에 지속 부담 요인으로 작용할 것으로 보임에 따라 현 시점에서 더 높은 밸류에이션을 적용 하기에는 무리가 있다고 판단된다.,NEGATIVE
YG는 로열티매출 역시 151억원(+352.9%YoY)을 기록해 추정치를 22억원 상회했으며 로열티매출의 대부분을 차지하고 있는 빅뱅 일본 팬미팅(27만명)의 원가율이 예상보다 더 낮았을 것으로 추정하고 있다.,POSITIVE
"매출 부진에 따른 생산법인 고정비 부담 가중, 오더 유치를 위한 벤더간의 경쟁 심화에서 기인한 ASP 하락이 원익머트리얼즈의 원가율 상승을 가져온 것으로 판단한다.",NEGATIVE
오리온은 단맛 감자 스낵 매출 감소와 이천공장 화재로 일부 스낵 제품 리뉴얼에 차질이 생기면서 매출 감소세가 이어졌고 이에 따른 고정비 증가의 영향으로 수익성도 악화됐다.,NEGATIVE
현대제철은 계절적 비수기 돌입과 연휴에 따른 조업일수 감소 영향으로 철근 판매량이 전분기 대비 4.7% 감소한 25.4만톤(YoY -4.7%)을 기록하며 가동률 하락에 따른 고정비 확대 효과가 예상보다 컸던 것으로 판단된다.,NEGATIVE
"CJ제일제당 올해 실적 감소의 주요 원인은 1) 지난 해 식품 광고/판촉비의 기저가 낮아서, 이익이 높은 편이었고, 2) 소재는 라이신 생산량 감소(유지보수)로 인해 고정비 비율이 증가한 영향으로 추산된다.",NEGATIVE
"CJ제일제당의 예상보다 부진한 실적은 1) 주요 고객사 및 전방산업 부진에 따라 I2B 매출 증가 제한적, 2) 환율 등 일회성 비용 발생, 3) 여름철 전기세 증가에 따른 원재료 비용 증가 때문이다.",NEGATIVE
"대상홀딩스는 작년 4분기에 실적 쇼크를 시현했는데, ① 전년 가공식품 부문은 ‘휘슬링쿡’ 런칭 및 사업부 통합으로 판관비 지출이 컸고, ② 11월, 12월 두 달 반영된 라이신 사업부가 적자를 시현했기 때문이다.",NEGATIVE
4Q16 연결실적 전망치 하향은 주력게임 대부분이 4Q16 들어 예상을 뛰어넘는 매출순위 하락세를 보이고 있어 카카오게임즈의 매출 전망치 하향이 불가피한 가운데 4Q16에는 애니팡3에 대한 공격적인 마케팅으로 마케팅비는 종전 전망치를 훨씬 초과할 것으로 예상되기 때문이다.,NEGATIVE
"카카오게임즈 2016년 이후 연간 실적 전망치 하향. 주력게임 감소세 구조적, 신작 기대감 부족 애니팡2, 상하이 애니팡, 애니팡 맞고, 애니팡 사천성, 애니팡 포커, 애니팡3 등 주력게임의 순위 하락 및 매출 감소세는 예상보다 강하게 진행되고 있을 뿐만 아니라 구조적인 현상이라 판단된다.",NEGATIVE
"전체적으로 원재료 비용부담의 감소에도 판가 하락과 외형 둔화, 그리고 1분기 가동을 시작한 미국 조지아 공장의 초기 적자 등으로 성신양회의 영업이익률은 전년 동기대비 0.7%p 하락한 4.7%를 기록할 전망이다.",NEGATIVE
"부문별 영업 현황: 3Q16 라이신 매출은 560억원, 영업이익은 30억원 가량 적자를 기록한 것으로 파악된다(누적기준 매출 1,500억원, 영업이익 BEP추정). 공정개선과 균주 안착을 위한 3주간의 가동중단과 원가 상승(원당, 전력비)으로 성신양회는 적자를 기록했다.",NEGATIVE
"S-Oil을 비롯한 나프타 및 콘덴세이트를 통합하지 못한, 즉 MX를 구입하는 PX 설비(PX Stand-alone Complex)는 현재 스프레드 상에서는 생산을 할수록 손실이 쌓이는 상황이었다.",NEGATIVE
"S-Oil은 전분기 대비 소폭 감익이 전망되는데, ① 라이신 판가가 유로화 약세 기인해 톤당 1,235불(QoQ -2.0%)로 예상되고, ② 시스테인 호환 생산 위한 심양 공장 가동 중단으로 판매량도 QoQ 소폭 감소할 것으로 판단되기 때문이다.",NEGATIVE
"강력한 투자요인이었던 면세점 실적 성장이 둔화되고, 전문점이나 백화점 등 내수 유통채널의 저성장 기조가 뚜렷해지면서 롯데쇼핑의 4Q16 국내 매출 성장은 7.1%YoY로 연중 가장 낮은 성장률을 기록할 것으로 전망된다.",NEGATIVE
"17년 OLED 사업부의 실적은 매출액 1.4조원(+49%YoY), 영업적자 3,110억원으로 16년 영업적자 3,800억원 대비 감소할 것이나, 감소폭은 기존 예상 대비 크지 않을 것으로 전망한다.",NEGATIVE
"그런가 하면 재료비 원가 부담으로 인해 듀얼 카메라가 채택되지 않을 가능성이 제기되고 있고, 이 경우 엠씨넥스 듀얼 카메라의 사업화속도가 늦춰질 것이다.",NEGATIVE
"하지만, 시장의 기대와 다르게 신세계는 지난주 면세점 사업이 탈락하면서 그 동안 면세점 사업 진행을 위해 투자해왔던 자산에 대한 손실 반영이 불가피할 전망이다.",NEGATIVE
"롯데쇼핑은 전년도 4분기 모바일 부문 고성장과 코리아블랙프라이데이 기저효과로 GPM은 25.6%(YoY +2.2%p)까지 상승할 것으로 예상되지만, 매출 저하에 따른 판관비 부담 증가로 영업이익률 개선을 기대하기 어렵게 되었다(OPM 2.6%, 전년도와 동일).",NEGATIVE
"비용구조 감안 시, 롯데쇼핑의 분기 손익분기점 매출은 최소 100억원 수준으로 추정되며, 실제 신규수주 이후 매출인식 시기가 늦춰지고 있어 신규수주 확보 노력이 중요한 시점이다.",NEUTRAL
"최근 셀트리온 주가 약세는 원달러 환율 상승, 바이오 우려, IT를 필두로 한 경기 민감주로의 시장 수급 변화와 정부의 물가 통제 발언 등 때문이다.",NEGATIVE
4Q16 Preview: 영업이익률 5.7% 전망 현대차의 4분기 실적은 미실현재고 비용/판매보증충당금/인센티브 증가 등으로 시장 기대치에 미달할 것으로 보인다(영업이익 기준 -10%). 4분기 출하/판매대수는 각각 138.2만대/130.3만대로 전년 동기대비 3%/1% 감소하였다.,NEGATIVE
"동성화인텍은 개소세 인하 종료로 인한 내수 부진으로 국내 출하가 6% (YoY) 감소했고(내수/수출 -17%/+3% (YoY)), 생산일수 감소로 인해 미국/체코/러시아 공장의 출하는 14%/5%/14% (YoY) 감소했다.",NEGATIVE
4Q16 Preview: 영업이익률 4.1% 전망 이노와이어리스의 4분기 실적은 판매보증충당금과 인센티브 증가로 시장 기대치에 미달할 것으로 보인다(영업이익 기준 -10%).,NEGATIVE
"Action주가는 바닥, 실적 추세 확인 필요: 한세실업의 4Q16~1Q17 실적이 생각보다 부진할 것으로 예상되어 분기실적 체크 전까지 보수적인 투자관점을 유지하는 것이 나을 것으로 판단된다.",NEGATIVE
"하나투어의 2016년을 되돌아보면 1) 매 분기 60~70억원 내외의 영업적자를 기록했던 면세점 2) 마크 호텔의 적자, 그리고 3) TV광고 시작에 따른 비용 증가로 실적 측면에서 상당히 어려운 한 해였다.",NEGATIVE
"하나투어 목표주가의 하향은 예상 대비 둔화된 국내 실적을 반영해 2017년 예상 EPS를 이전 추정 대비 하향 조정했고, 사드 등 대내외 불확실성 확대로 적용 multiple을 기존 36배에서 30배로 조정함에 따른 것이다.",NEGATIVE
"강원랜드의 실적은 기존 추정치(매출액 4,269억원, 영업이익 1,336억원)보다는 하회하는 것인데 이유는 우선 4Q16 기온이 평년보다 높아 방문객수 성장률이 당초 예상했던 +2.4%YoY를 하회하는 +1.2%YoY에 그칠 것으로 예상된다.",NEGATIVE
"영업이익률은 1.3%p (YoY) 하락할 전망인데, UHP 비중 상승에 따른 Mix 개선에도 불구하고 전년 동기대비 인건비/광고선전비 증가가 이어지고 천연/합성고무 등 주요 원재료들의 투입단가도 상승하면서 넥센타이어의 수익성에 부정적인 영향을 줄 것이다.",NEGATIVE
"강원랜드의 4분기 실적이 컨센서스를 크게 상회하더라도 주가 흐름은 부진할 것으로 예상하는데 1) 파라다이스 씨티가 개장하는 4월 이후부터는 카지노 산업 모두 감익 싸이클에 진입하며, 2) 복합리조트 계획이 부재한 상황에서 배당주로써의 매력이 부각되기 힘든 1분기이기 때문이다.",NEGATIVE
외형 감소로 인한 고정비 부담과 마진이 좋은 방산 부문의 비중 축소로 인한 Mix 악화로 영업이익률은 1.2%p (YoY) 하락하면서 2분기 이후의 한화시스템의 영업이익 감소추세가 이어질 것이다.,NEGATIVE
한화시스템 2016년 실적 부진의 가장 큰 원인은 저부가 자동차 부품(현가장치/에어백 등)의 매출 감소와 고부가 방산 비중의 축소에 따른 Mix 악화 때문이다.,NEGATIVE
"EXO의 앨범만 102만장 판매되었고, EDM 페스티벌과 SES 콘서트 등 총 26회의 국내외 공연이 반영되지만, 대규모 콘서트의 부재와 EDM 관련 적자가 SM의 실적에 부정적인 영향을 미친 것으로 추정된다.",NEGATIVE
SM은 신규IPO 직후 중국 시장 확장과 관련된 화장품 산업에 대한 불확실성 확대로 업종 전체적인 Valuation 조정이 심화된 상황을 맞이하며 과도한 주가 조정을 수반했다.,NEGATIVE
"Comment17~18년 예상 매출 감소: Yanbu Project의 계약 해지로 인해 삼성엔지니어링의 17~18년 예상 매출은 연간 4~5,000억원 감소할 것으로 전망된다.",NEGATIVE
1) 벨류에이션 적정성에 대한 부담으로 인해 BGF리테일은 15년 하반기 주가가 큰 폭으로 조정 받았었고 16년 2월과 9월에는 각각 2) 골프장 인수와 3) 대주주 지분 매각 등으로 주가는 큰 폭 하락하였다.,NEGATIVE
내수 소비 추가 악화로 신세계는 국내 성장성 잠식이 불가피해지는 시기이다. 2010년 이후 국내 소비 경기 악화가 장기화되는 과정이다.,NEGATIVE
"2017년 성장과 수익개선 여력 약화, 불확실성 확대 예상 현대차는 2017년 중대형차, SUV, RV 판매 강세를 통한 매출액 성장과 수익개선 효과가 전반적으로 약화될 전망이다.",NEGATIVE
"2Q17 까지도 스프레드 축소로 인한 마진 하락 한온시스템의 예상투입원가-판가 간 스프레드는 2Q17까지 축소될 것으로 예상되는데, 그 속도가 4Q16에 비해 빠를 것으로 예상된다.",NEGATIVE
한온시스템은 최근 전동식 컴퓨레셔 시장에 신규 경쟁자가 진입할 수 있다는 우려로 주가가 하락했다.,NEGATIVE
"그러나, 단기 실적 불확실성도 점증하고 있고 매출총량제, 전자카드제, 새만큼카지노, 그리고 일본 카지노 해금법안 통과 등 강원랜드의 장기적 성장성에 미치는 부정적 뉴스들도 너무 많다.",NEGATIVE
"테이블 가동률은 75~80%로 유지되고 있는 가운데 스키장 고객이 감소하고 있고, 연말 동안 지속되었던 촛불시위가 부정적으로 작용하면서 강원랜드는 방문객 수가 0.5% 증가에 그쳤을 것으로 추정된다.",NEGATIVE
"매출 측면에서 보면, 1) 매출총량제와 2) 신규 인력 증가에도 인건비 증가 제약 3) 스키장 고객 감소 4) 워터파크 개장 계획 연기(‘17년 11월 → ‘18년 6월)로 강원랜드의 매출 성장은 매우 제한적인 상황이다.",NEGATIVE
"실적 및 목표주가 하향 조정: 다소 더딘 컨설팅/SI의 매출 회복세, 비정상적으로 높았던 물류 BPO의 영업이익률 정상화를 감안하며 삼성에스디에스의 17년 영업이익을 14% 하향 조정한다.",NEGATIVE
"하나금융지주는 대규모 희망퇴직 프로그램 실시에 따른 2,200억원의 퇴직비용과, 연말 환율이 3Q16말 대비 크게 상승함에 따른 비화폐성 외화자산 환산손실 1,500억원 인식되었다.",NEGATIVE
"4Q16 Review: 영업이익률 0.3% 기록 하나금융지주의 4분기 실적은 일회성 비용으로 인해 기대치를 하회했다(영업이익 기준 -96%). 매출액/영업이익은 각각 5%/97% (YoY) 감소한 3,164억원/10억원(영업이익률 0.3%, -9.7%p (YoY))을 기록했다.",NEGATIVE
"Shock Absorber, Air Bag, 방산 부품의 부진으로 외형이 감소한 가운데, 외형 축소로 인한 고정비 부담 상승과 고마진 방산 매출의 축소로 인한 Mix 악화가 S&T모티브의 이익률에 부정적이었다.",NEGATIVE
"LG전자의 2016년 실적은 YoY 소폭 개선, but 당초 기대치 미달. 2017년 실적도 소폭 개선에 그칠 것으로 전망",NEGATIVE
"Action매서운 편견은 매서운 실적으로 깨야: 好실적에도 불구하고 때이른 피크 논쟁, 경쟁사의 신중한 시황 전망, 투자액 증가 등을 빌미로 LG디스플레이의 주가는 약세를 보였다.",NEGATIVE
"1Q17 비수기 거치지만, 17년 큰 폭 개선: 1Q17는 전체 실적을 견인하는 광학솔루션 매출액이 30%이상 QoQ 감소하면서 LG이노텍의 전사 영업이익도 629억원으로 하락할 전망이다.",NEGATIVE
"하지만 더페이스샵 등 중저가 라인에서의 실적 성장이 2H16에 이어 1H17에도 약할 것으로 예상하며, 과거실적 베이스 부담이 심화되면서 면세점 매출도 매분기 10% 내외 성장을 전망하여 LG생활건강의 17년 화장품 실적 가정을 다시 높이기는 부담스럽다.",NEGATIVE
"17 영업이익 1.7조원 전망, 분기 실적 하락 전환' LG디스플레이의 17년 실적은 분기별로는 지난 4Q16를 고점으로 하락세에 진입할 전망이다.",NEGATIVE
"LG디스플레이는 1Q17에 수요 비수기 진입에 따른 출하량 감소가 예상되는데, 2Q17부터는 'TV Set업체의 LCD패널 원가 부담'과 '중국의 LCD패널 공급 증가' 영향에 따른 TV 패널의 가격 하락이 예상되기 때문이다.",NEGATIVE
"지난 해 9개였던 서울 시내면세점은 2017년 말 13개로 늘어났고(2014년 6개), 더불어 중국 정부의 Package 관광객 수 통제에 대한 지침이 올해 4월까지 이어질 것이기 때문에 호텔신라의 영업 환경에 부담으로 작용할 전망이다.",NEGATIVE
판매성장에 어려움을 겪고 있는 미국법인은 인센티브 비용이 전년동기 대비 큰 폭으로 증가할 것으로 예상된다.(16만대 x $600 = 1천억원),NEGATIVE
"삼성엔지니어링은 경쟁사와는 달리 가이던스를 제시하지 않았다. 이유는 1)2건의 공사 취소(카자흐스탄 발전, 사우디 얀부 발전)로 인한 매출 산정 어려움, 2)수주 변동성에 따른 가이던스 미충족 우려 때문인 것으로 보인다.",NEGATIVE
"GS건설의 세전이익이 부진했던 것은 대규모 환차익이 발생했음에도 불구하고 ① 의정부 경전철 SPC 파산에 따른 손실처리(477억원), ② 용인 동백 스프링카운티자이와 판교 알파돔시티 관련 손실(454억원)이 기타영업비용에 반영되었기 때문이다.",NEGATIVE
"현대차의 실적 부진은 기말 환율 약세에 따른 판매보증비 (+110.6%YoY) 증가, 파업 시기에 생산된 국내 공장의 9월 수출 물량의 높은 매출 원가율, 내수 판매 부진 및 미국 시장 인센티브 증가 등이 원인이다.",NEGATIVE
Action신차사이클 하강 국면 대비: 17년 상반기까지 현대차의 실적은 내수 및 북미 지역 수요 둔화와 그로 인한 경쟁 강도 상승으로 인해 부진이 지속될 것으로 전망한다.,NEGATIVE
"탄소강 판매량 증가(918만톤: YoY +0.7%, QoQ +2.7%)에도 불구, 스프레드 축소(판가 +2만원/톤 vs. 원재료 투입단가 +4.5만원/톤)와 일회성비용(특별격려금 450억원 + 정비비 700억원)의 영향으로 POSCO의 영업이익은 시장컨센서스인 6,163억원을 크게 하회했다.",NEGATIVE
"해외 철강법인들의 이익감소(3Q16 +1,323억원 → 4Q16 +1,176억원)과 EC사업부문의 대규모 적자(3Q16 -274억원 → 4Q16 -3,922억원) 기록으로 POSCO는 연결기준 영업이익 또한 시장컨센서스 6,667억원을 크게 하회한 4,718억원(YoY +38.5%, QoQ -54.3%)에 그쳤다.",NEGATIVE
"삼성전자는 우호적인 환율 여건에도 불구하고, 갤럭시 노트7 단종에 따른 매출 공백 영향이 컸고, 자산 및 인적 자원 측면에서 체질 개선 비용이 지속됐다.",NEGATIVE
"기판 사업부 부진 탈출 해법 필요주가 측면에서는 당분간 갤럭시 S8 출시 효과가 기대되지만, 단기간에 선반영된 측면이 크고, 기판 사업부의 부진이 이어지고 있어 삼성전자의 주가 반등 폭이 제한적일 수 있다.",NEGATIVE
"What’s new: 4Q16 기계 재고소진 요인 등으로 컨센서스 대비 크게 하락 현대위아의 4Q16 영업실적은 컨센서스를 크게 하회(영업이익 기준 67.9% 하회)했고, 전년동기비로도 크게 감소했다.",NEGATIVE
11월 초까지 이어진 파업 장기화와 기말환율 급등으로 인해 각각 일회성 요인임에도 불구하고 기아차의 주가에는 상당한 수준의 타격이 있었다.,NEGATIVE
"내수 및 중국 내에서의 자동차 판매경쟁 심화 등을 반영하여 기아차의 2017년 EPS를 -4.8% 조정했고, 목표주가는 2017년 조정후 EPS인 35,563원에 Target P/E 9x를 반영하였다.",NEGATIVE
"4Q16 Review: 영업이익률 1.4% 기록 현대위아의 4분기 실적은 낮아진 시장 기대치마저 하회하면 부진했다(영업이익 기준 -68%). 매출액/영업이익은 각각 1%/78% (YoY) 감소한 2.06조원/280억원(OPM 1.4%, -4.7%p (YoY))을 기록했다.",NEGATIVE
"자동차부품 부문은 멕시코 공장의 가세에도 불구하고, 완성차 한국 공장의 출하 감소로 인한 모듈 매출의 감소와 중국향 엔진 CKD 물량의 감소, 그리고 수동 변속기 사업의 관계사 이관 등으로 매출액이 전년 수준인 1.82조원에 그쳤다.",NEGATIVE
신세계에서는 면세점 운영 전략의 변화로 적자폭 축소를 위한 노력을 지속해가고 있지만 시장 내 경쟁이 심화됨에 따라 올해도 부진을 완전히 면하기는 녹록하지 않을 것으로 판단된다.,NEGATIVE
"하지만 예상보다 면세점 적자 폭 축소가 더디게 이루어고 있는 점을 감안하여 올해 면세점 영업적자를 실적 추정치에 반영함에 따라 신세계의 목표주가는 90,000원으로 하향한다.",NEGATIVE
하지만 경영전략 변화 우려 지속으로 주가 상승 제한될 듯현재 KT 주가 상승의 가장 큰 걸림돌로는 안정적 경영을 유지시켜 줄만한 제도적 장치가 존재하지 않으며 만약 경영진이 교체될 경우 KT의 경영전략 변화 가능성이 커 투자자 입장에서 부담이 크다는 점을 들 수 있다.,NEGATIVE
"다만, 아시아나항공의 주가는 이를 다소 빠르게 반영하면서 ‘17년 기준 P/E 27배로 부담스러운 상황",NEGATIVE
"아시아나항공 별도 영업이익은 약 50억원을 기록한 것으로 추정되는데, 송출객수가 27% 증가하였지만 광고선전비 증가와 일본 여행수요의 고성장 지속으로 ASP가 14% 감소하면서 이익 레버리지가 발생하지 않고 있다.",NEGATIVE
"한진중공업 대규모 적자의 원인은 (1) 영도조선소가 방산 조선소로 전환하는 과정에서 향후 간접비 부담으로 인한 충당금 450억원, (2) 수빅조선소 수주 감소로 인한 충당금 500억원, (3) 다대포공장 매각으로 인한 차손 200억원, (4) 수빅조선소 유형자산에 대한 평가 손실 1,500억원 때문이다.",NEGATIVE
한국항공우주 영업이익이 시장 기대보다 부진한 이유는 수리온 지체배상금 관련 충당금이 373억원 설정되었기 때문.,NEGATIVE
한국항공우주 실적 악화의 주요 요인은 수리온 3차 양산 및 상륙기동헬기 수주 지연과 수익성 높은 완제기 수출의 매출감소 그리고 수리온 2차 양산분 지체비용 370억원 매출차감이 주요 요인이었다.,NEGATIVE
"S-Oil이 추정치 대비 실적이 부진했던 이유는 재고평가이익이 900억원 반영되면서 예상치 1,300억원을 하회했으며, RFCC 정기보수에 따른 프로필렌 판매물량 감소로 화학 실적이 부진했기 때문이다.",NEGATIVE
"Comment1Q 영업이익 4,068억원 예상, 17년 실적은 16년과 유사할 것: 1Q 영업이익은 4,068억원으로 16.11월 이후 유가 상승 효과가 제거되면서 정유 부문의 QoQ 감익이 예상된다.",NEGATIVE
"하지만 S-Oil의 현재 상황은 NCC 증설 부족에 따라 BD는 급등하고 있는 반면, 수요 부진/공급과잉의 영향으로 합성고무로의 가격 전가가 원활치 않은 상황이며, 천연고무와 BD 가격의 역전 현상이 심화되고 있는 국면이다.",NEGATIVE
Comment원가 상승과 투자주식 감액손 발생이 KCC 실적 부진의 원인인 것으로 추정: 상세 Data가 발표되지 않았기 때문에 실적 부진의 정확한 원인을 파악하기 어렵다.,NEGATIVE
"다만, 모바일향 전략 거래선의 출하량 감소 영향과 하반기 디스플레이 변화로 인해 관련 매출액은 축소될 것으로 전망되며 그에 따라 서울반도체의 이익률도 동반 하락할 것으로 추정한다.",NEGATIVE
"아모레퍼시픽은 2017년 가이던스로 매출과 영업이익 각각 YoY 10% 성장률을 제시했는데, 전년도 치약 일회성 비용 기저효과에도 불구하고 수익성을 낮게 제시한 이유도 국내 소비의 불확실성 때문이다.",NEGATIVE
"4Q15부터 실적에 반영된 도입신약 바라크루드(821억원)가 외형 성장에 기여하고, 국내외사업 전부문 고르게 성장하면서 역대 최대 매출을 달성했으나 R&D비용 증가(+140억원YoY)로 인해 녹십자의 영업이익 실적은 저조했다.",NEGATIVE
"일회성? 대상 실적에 대한 17년 추정치 하향: ① 12월 합병된 F&F(종가집김치)의 판촉여직원 인건비 증가(60억원), ② F&F 및 신제품 판촉증가, ③ 김치부문 계절적 비수기와 장류 부문 실적 부진 등 때문이다.",NEGATIVE
"키움증권의 수탁수수료수익은 730억원으로 전년 대비 21.7% 감소했는데, 일평균 거래대금이 전년 대비 10.3% 감소했기 때문이며, 거래대금 감소폭 보다 수탁수수료수익 감소 폭이 큰 이유는 개인매매비중과 회전율 감소에 기인한다.",NEGATIVE
"반면, SK네트웍스의 세전이익은 171억원 적자를 기록하였는데, 이는 자원개발 관련 자산 손상 인식 영향으로 판단된다.",NEGATIVE
"SK네트웍스는 순이익 역시 813억원 적자를 기록하였는데, 이는 중단사업(패션 및 면세) 관련 손실 영향으로 판단된다.",NEGATIVE
고려아연은 보수적인 가이던스 제시 이유로 1) SPOT TC 하락에 따른 BASE TC 하락 영향에 대한 우려 2) 아연과 연의 출하량 감소로 2017년 실적 하락이 나타날 수 있는 주요 원인으로 파악된다.,NEGATIVE
"국내외로부터 수주기대감은 유효하지만 수주 순연으로 LIG넥스원의 17년은 매출 성장성 둔화가 아쉬운 모습: 16년 신규수주가 7,600억원으로 마감되면서, 16년말기준 수주잔고는 약 4.6조원으로 전년동기대비 1.1조원 감소하였다.",NEGATIVE
Action17년 ADAS 중국 모두 둔화: 글로벌 자동차 수요의 증가 둔화로 만도의 17년 매출 성장은 16년 대비 부진할 수 밖에 없는 상황이다.,NEGATIVE
"Comment계약금 분할인식 효과로 17년 실적하락 일부 상쇄: 사노피 계약금 반납에 따른 매출취소와 함께 제넨텍 기술수출 계약금 8천만달러가 4Q16에 일시 반영될 것으로 가정했으나, 30개월 동안 분할인식하기로 결정됨에 따라 한미약품의 4Q16 실적은 추정치를 크게 하회했다.",NEGATIVE
"지레 짐작하지 말라: 우리는 수급불균형이 쉽게 해소되지 않을 것을 전제하면서도 ‘비수기’임을 감안하여 한미약품의 1Q17 영업이익을 4Q16 대비 소폭 하락한 8,056억원으로 추정하고 있다.",NEGATIVE
"다만 타이트한 아연수급과 ’17년 벤치마크 T/C 하락 전망을 감안한 ’16년대비 감소하는 판매량 가이던스(아연 -6.9%, 은 -7.1%)를 적용하여 ’17년 고려아연의 별도기준 영업이익으로 7,649억원을 제시한다.",NEGATIVE
"1) 특수강 판매량 증가(45.9만톤: YoY +5.1%, QoQ +2.6%)와 2) 그에 따른 고정비 절감 효과에도 불구, 3) 기대치를 하회한 특수강 스프레드 개선(판매가 +1.7만원 vs. 철스크랩 가격 +1.4만원)의 영향으로 세아베스틸의 영업이익은 컨센서스를 하회한 것으로 판단된다.",NEGATIVE
"출시 지연에 대한 우려는 상존 후행적인 투자 바람직 부진했던 3분기실적 및 비용증가, 경쟁이 심화되고 있는 시장상황 등을 반영하여 게임빌의 2017년 이익추정치를 33% 하향조정했다.",NEGATIVE
"다만 2015년 4분기 6천억원 상당의 해외사업 관련 영업권상각에도 불구하고 금번 4분기에도 영업외 일회성 비용 2,188억원(손상차손 GS마트 833억원, 하이마트 397억원, 슈퍼와 중국마트 735억원, 가습기살균제 관련 잡손실 200억원) 반영으로 롯데쇼핑의 당기순이익은 190억원에 그치며 순이익은 기대치를 하회했다.",NEGATIVE
"다만 HMR 신제품 출시에 따른 전략성 경비 집행, 소재부문에서 원당 가격 상승에 대한 제품 판가 전이가 지연 및 유지 시장의 경쟁 심화로 롯데푸드의 수익성이 부진했다.",NEGATIVE
현대미포조선은 17년에는 매출 감소세가 확연해 보이고 가시적인 수주량 증대 가능성도 불확실한 상황: 상선분야선박 건조를 위주로 사업을 가져감에 따라 업황 침체기에 보다 큰 타격을 입게 된다.,NEGATIVE
"다만 영업외에서 인도네시아 법인 지분 추가 취득을 위한 차입금 증가에 따른 이자비용 증가, 인도네시아 법인 파생거래손실(30억원), 인도네시아 법인 연결 편입에 따른 공정가치 평가손실(88억원), 터키 법인 영업외손익(79억원) 등이 반영되며 한세실업의 당기순이익은 -131억원으로 적자를 기록했다.",NEGATIVE
"부가세 환급 제외시, 매출은 예상보다 부진하고 영업이익은 예상 수준: 롯데하이마트의 4Q16 매출은 예상보다 부진했고, 경기 침체에 따른 영향과 3Q16 에너지 등급효율 시행에 따른 여파가 있었다.",NEGATIVE
"2017년 조선, 해양부문 실적 급감 불가피 – 반면 하반기 수주회복 기대 현대중공업의 상선과 해양플랜트 수주는 2016년에 약 $43억에 그쳤고 수주잔고는 $228억이나, 연평균 매출액기준 수주잔고는 1년 이하이다.",NEGATIVE
"신동 판매량 증가(5.0만톤: YoY +15.1%, QoQ +1.5%)와 70억원의 메탈관련이익에도 불구, 수익성 높은 방산 수출 둔화와 내수의 제품 Mix 악화에 따른 수익성 하락의 영향으로 풍산의 영업이익의 경우 시장컨센서스인 538억원은 하회하는 다소 부진한 실적을 기록했다.",NEGATIVE
"한섬의 수익성 둔화(OPM 10.8%, YoY -2.8%p)는 ①전개 중단 수입 브랜드 할인 판매에 따른 원가율 상승, ②신규 브랜드(래트바이티, 폼 등) 론칭에 따른 비용 상승, ③촛불 집회 영향 받은 백화점 채널 매출 둔화로 비용 부담 가중에서 기인한 것으로 판단한다.",NEGATIVE
2015년말 갑작스런 자본확충 충격으로 인해 은행평균보다 20% 이상 프리미엄을 받던 BNK금융지주의 주식이 20% 이상 할인으로 떨어지더니 좀처럼 이 난국에서 벗어나지 못하고 있다.,NEGATIVE
"주력서비스인 모바일게임의 부진이 지속되고 있고, 기타 부문의 성수기효과를 제외하면 구조적인 매출증가에 대한 힌트는 여전히 찾을 수 없다는 점에서 NHN엔터테인먼트의 주가를 견인하기에는 어려울 것으로 판단된다.",NEGATIVE
"인터파크의 거래총액은 8,618억원(+4%) 증가율은 7개 분기 분기 만에 한 자릿수로 하락했으며, 투어 부문 역시 프로모션이 진행된 2분기(25%) 이후 13%로 점진적인 하향이 이뤄지고 있다.",NEGATIVE
인건비 증가 등의 영향으로 수익성은 소폭 낮아졌으며 영업 외에서 자회사 관련 비용 396억원과 기부금 111억원 등이 반영되며 한온시스템의 순이익은 전년대비 -31.5% 감소했다.,NEGATIVE
중국 내 고객사들의 높은 볼륨 성장에도 불구하고 2H16에 중국 법인의 매출 성장 둔화 는 위안화 약세를 고려해도 우려할 수 밖에 없다.,NEGATIVE
기존 수주나 추가적인 M&A를 통해 경쟁사들을 압도하는 매출 성장이 없다면 한온시스템의 글로벌 공조 부문 M/S는 지속적으로 감소할 수 밖에 없는 상황이다.,NEGATIVE
"시장에서 이미 알고있는 일회적 이익이 많이 있음에도 한온시스템에서는 가치가 낮은 부동산을 매각해 일부 손실이 발생할 수 있으며, 하반기로 예상되는 ERP시스템 오픈 이후 감가상각과 기타 전산시스템 투자 등 1천억원에 가까운 경비가 발생할 것이라고 밝혔다.",NEGATIVE
평년보다 따듯했던 날씨 등의 영향으로 방문객수가 0.5%YoY 감소함에 따라 매출성장이 크지 않은 가운데 성과급 지급 및 추가적인 인센티브 지급으로 인건비가 854억원(+11.6%YoY)으로 당초 예상했던 771억원대비 크게 증가하면서 강원랜드는 기대를 하회하는 영업이익을 발표했다.,NEGATIVE
"다만 전체 매출액과 영업이익의 각각 84.9%, 85.0%를 차지하고 있는 중국과 국내 제과 시장의 업황 부진이 올해도 이어질 것으로 예상되는바 오리온의 목표주가를 930,000원으로 하향한다.",NEGATIVE
"워크아웃 기간 동안 수익성이 높을 수 있는 사업(주택, 개발, 민자SOC)을 수주하는데 제약이 있었기 때문에 금호산업의 원가율은 경쟁사 대비 높을 수 밖에 없었다.",NEGATIVE
"상반기보단 하반기: 1Q17에도 수주 상황은 전분기 대비 크게 달라지지 않는 것으로 보여 OEM 매출은 7% 역성장 할 것으로 예상되며, 영원무역은 영업이익률도 작년동기 수준을 유지하기 어려울 것으로 예상된다.",NEGATIVE
"수주 경쟁 심화에 따른 판가 인하 압박(마진 스퀴즈), 매출 부진에 따른 고정비 부담 가중이 한세실업의 수익성 하락에 주 요인으로 작용한 것으로 보인다.",NEGATIVE
"한세실업은 본업인 OEM부문 전방 수요 위축에 따른 매출 정체와 마진 스퀴즈로 실적 불확실성이 존재하는 가운데, 트럼프 美 대통령의 보호무역정책 기조 등이 투자심리에 부정적으로 작용할 것으로 예상되기 때문이다.",NEGATIVE
"또한 SK하이닉스는 주가 하락과 동시에 DRAM의 공급 과잉 재진입, 고정가격 하락, 3D NAND 경쟁력 부재 등의 우려가 나타나며, 매도 심리가 더욱 심화된 것으로 보인다.",NEGATIVE
"육일씨엔에쓰의 2016년 실적은 매출액 433억원 (-45.5% YoY), 영업이익 -99억원 (적자전환)의 부진한 실적을 기록했는데, 이는 국내 주력거래선의 플래그십 신모델의 부진과 3D 커버글라스 대규모 투자를 진행하는 과정에서의 수율 확보 실패, 불용재고 정리 영향일 것으로 추정된다.",NEGATIVE
"‘16년말 RBC비율은 158.3%로 전년말 대비 12.9%p 하락했는데 금리 상승에 따른 매도가능증권 평가익 감소와RBC제도 강화 영향에 기인한 결과다‘17년 가이던스 순익 4,050억원(YoY +1.3%) 제시‘ 현대해상은 17년 가이던스 순익 증가율은 ‘16년 대비 대폭 둔화된 1.3%를 제시했다.",NEGATIVE
"물론 전년 1회성요인을 제거시 약 11% 증가율이긴 하나, 차보험 손해율 개선 1.4%p 관련 경쟁 격화 우려가 상존함을 감안시 현대해상의 이익 개선 모멘텀 둔화는 불가피보인다.",NEGATIVE
"현대해상의 현 주가는 ‘17년 예상 P/E 6배, P/B 0.81배로 ROE 레벨 대비 저평가되었으나 올 상반기 이후 손해율 모멘텀 둔화와 자본여력 부담을 고려시 중장기 ROE 하락 방향성이 불가피해 보인다.",NEGATIVE
"삼성생명 실적의 컨센서스 대비 하회는 12월 303억원 적자에 주로 기인하는데, 12월 절판에 따른 추가상각 발생, 전 보종에 걸친 IBNR 관련 손해액 증대, 성과급 지출 등이 반영된 결과다.",NEGATIVE
YG플러스의 적자 중 약 90%를 차지하는 화장품 사업부가 사드 영향 과 대표이사 교체 등으로 턴어라운드에 다소 시일이 걸릴 것으로 판단해 2017년 예상 영업이익을 -42억원으로 하향(기존 -4억원)했기 때문이다.,NEGATIVE
"16년 이자비용이 전년대비 100억원 감소하면서 수익성 개선세를 유지할 수 있었으나, 코오롱글로벌은 4분기에 SOC 지분 감액 손실, 소송 관련 충당금 설정 등으로 인해 연간 세전이익은 43억원에 그쳤다.",NEGATIVE
"두산중공업의 BW발행에 따른 단기 주가 희석요인 발생을 고려하여 일단은 보수적은 접근을 권고: 5,000억원의 BW발행은 각각 보통주기준으로 17.7%, RCPS를 고려하면 15.7% 주가 희석요인이다.",NEGATIVE
라떼 Type 신제품을 통해 커피 사업 적자 축소 기대 그럼에도 불구하고 여전히 흥국에프엔비는 대리점 사태 이전의 영업이익 및 ROE 레벨로 회복되지 못한 상황이다.,NEGATIVE
"흥국에프엔비는 2013년 12월에 약 1,800억원을 투자하여, 나주에 커피 공장을 완공하였으나, 대리점 사태 이후 흥국에프엔비 제품의 점유율이 크게 하락하며 큰 어려움을 겪었다.",NEGATIVE
"다만, 흥국에프엔비의 수익성 개선 속도에 대한 기대감 낮춰야 어려운 사업환경으로 과일농축액 등 기존 주력 제품의 판매가 부진하다.",NEGATIVE
"4Q 당초 예상보다 크게 부진, 사실상 빅베스 때문 다산네트웍스는 지난 4Q에 연결 매출액 805억원(-17% YoY, +89% QoQ), 영업이익 -28억원(적전 YoY, 적축 QoQ), 순이익 -102억원(적전 YoY, 적확 QoQ)으로 어닝 쇼크를 기록하였다.",NEGATIVE
한라홀딩스는 금번 실적 컨퍼런스를 통해 2017년 가이던스로 매출액 1.1조원 및 OPM +20bp를 발표했다.,NEUTRAL
"연우의 매출 감소는 1) 전년 대비 영업일수가 하루 적고, 2) 국내 ODM 및 미주향 매출 증가에도 불구하고, 전체 매출의 35%를 차지하고 있는 메이저 바이어 업체들의 주문 축소 때문이다.",NEGATIVE
"라인의 영업이익률은 8.5%(YoY -2.4%p) 수준에 머물 것으로 예상되는데, 신공장 가동에 의한 감가상각비 증가(연간 약 +40억원)와 임직원 증가(2016년 말 기준 1,520명, YoY +100명)로 인한 고정비 증가 때문이다.",NEGATIVE
"고객사의 상반기 주력 모델 출시 시점 지연 및 원/달러 환율강세, 연결 자회사 실적 감소 영향으로 코리아써키트의 실적은 당초 추정치를 하회할 것으로 예상",NEGATIVE
"오로라는 2015년 시장의 중국 진출에 대한 어긋난 기대와 유럽 디플레 우려, 실적 관련 일회성 이슈 등으로 주가 과열국면과 수급 악화를 모두 겪었다.",NEGATIVE
"한국콜마의 영업이익률 감소는 제약 부문 신공장 가동에 따른 감가상각비 증가(YoY +15억원 추정), 사업규모 확대에 따른 인건비 증가(YoY +100명), 중국/북미 등 저마진 사업 지역 매출 비중 상승 때문이다.",NEGATIVE
"게임빌의 매출 전망치 미달은 애프터펄스 안드로이드 플랫폼 글로벌 론칭 일정 연기에 따른 것이며, 영업이익 전망치 미달은 매출 전망치 미달에다 전분기 대비 마케팅비 감소폭이 별이되어라 3주년 기념 이벤트 등으로 예상보다는 덜할 것으로 추정함에 따른 것이다.",NEGATIVE
인터파크는 16년에 투어 부문의 전략 실패와 도서/쇼핑부문의 실적 악화로 투자자들의 신뢰를 상당히 잃었다.,NEGATIVE
"전반적인 내수 채널이 중국인 관광객 소비 부재를 피해가기는 어려운 것으로 보여 아모레퍼시픽의 1Q17 국내 매출은 낮은 한자릿수 내에서 역신장 할 것으로 예상하며, 이익 기여가 높았던 유통채널의 부진으로 국내 영업이익 개선도 제한적일 것으로 전망한다.",NEGATIVE
"우선 면세점은 1Q17보다는 2Q17로 갈수록 매출의 역신장폭이 커질 것으로 판단되며, 백화점과 방판도 중국인 소비에 영향을 받았던 주요 채널로서 전년도 실적에 대한 베이스 부담이 심화되면서 아모레퍼시픽의 성장률은 한자릿수 중반대로 둔화될 것으로 예상된다.",NEGATIVE
"이익 기여가 높았던 유통채널의 부진으로 화장품 부문의 이익 개선이 어려울 수 있으며, 국내의 중국인 수요가 빠져나가면서 내수 시장 침체가 두드러져 보일 수 있다.",NEGATIVE
"원재료 투입단가는 천연/합성 고무가격이 전년 동기대비 10%/24% 급등하는 등 크게 상승하고, 이에 따라 판가-원가 Spread가 축소되면서 한국타이어의 수익성에 부정적 영향을 줄 것이다.",NEGATIVE
"반면, 2분기에도 유로화 약세의 영향이 지속되고, 원재료 투입단가의 상승이 예정되어 있으며, 테네시 공장의 본격적인 가동으로 감가상각비 반영도 시작될 것인 바 한국타이어의 전년 동기대비 마진 하락폭은 1분기보다 확대될 전망이다.",NEGATIVE
"현재 LG디스플레이 주가는 실적 개선보다는 향후 예상되는 단가하락에 대한 우려와 P10 투자 방향, 모바일 AMOLED 진행 상황에 대한 우려를 보다 많이 반영하고 있다고 판단한다.",NEGATIVE
"1분기 실적은 시장 기대치를 하회할 것으로 보이는데, 완성차의 중국/멕시코 출하가 예상보다 부진하면서 현대위아의 해외 공장의 턴어라운드도 지연되고 있고, 기계 부문에서는 수주 감소로 인한 매출화 부진이 장기화되고 있기 때문이다.",NEGATIVE
"이에 따라 1Q17 내수 라면 매출은, 판가 인상에도 불구하고, 시장 규모 감소에 따른 판매량 하락으로 인해, 농심은 전년동기 대비 역성장할 것으로 추산된다.",NEGATIVE
글로벌 기술이전에 한 걸음 더 가까이…작년 말 한미약품의 LAPS-Insulin이 반환되고 OPKO사의 성인 임상 3상이 유효성 미흡으로 중단되면서 시장에서는 지속형 기술 전반에 불신의 시선을 거두지 않았고 그로 인해 한미약품의 주가는 올해 초 급속히 하락하기 시작했다.,NEGATIVE
1Q17 Preview: 영업이익률 4.2% 전망 기아차의 1분기 실적은 판매부진과 인센티브 증가로 시장 기대치에 미달할 것으로 보인다(영업이익 기준 -8%). 1분기 출하/판매대수는 각각 65.9만대/64.0만대로 전년 동기대비 7%/6% 감소하였다.,NEGATIVE
"기아차의 내수 출하는 시장수요 부진과 전년 동기의 높은 기저로 5% (YoY) 감소하고, 수출 출하는 전년 동기 수준에 그치면서 국내 공장의 출하는 2% (YoY) 감소하였다.",NEGATIVE
"완성차 전체 생산 물량이 2.8% (YoY) 감소한 가운데, 현대모비스가 비중이 큰 해외 공장 물량은 3.6% (YoY) 감소하면서 단순모듈 매출액이 2% (YoY) 감소할 것이다.",NEGATIVE
IM부문은 노트7 발화 사고 영향으로 팔 수 있는 최신 프리미엄 스마트폰 모델이 부재한 가운데 비수기 영향이 반영되어 영업이익이 전 분기 대비 감소했다.,NEGATIVE
"신흥국 수요/환율이 개선되면서 부진했던 해외 법인의 수익성은 개선 중이나, 주요 고객사의 생산 증가율이 낮고 원재료가 하락에 따른 가격 인하 리스크가 LG이노텍의 단기 성장을 제한하고 있다.",NEGATIVE
북미 거래선의 물량이 가장 적은 분기로 특히 10주년 모델에 대한 기대감으로 소비가 이연될 가능성도 높아 LG이노텍의 실적은 예년대비 감소폭이 클 가능성이 높다는 판단이다.,NEGATIVE
"1) 공격적인 가격인상 정책에 따른 봉형강류 스프레드 확대(QoQ +2.5만원/톤)에도 불구, 2) 비수기에 따른 철강 판매량 감소(QoQ -9.1%) 및 3) 자동차강판가격 인상합의 실패에 따른 판재류 스프레드 축소(QoQ -3.5만원/톤)의 영향으로 현대제철의 영업이익의 경우 시장컨센서스인 2,866억원을 소폭 하회하는 실적을 기록할 전망이다.",NEGATIVE
리니지1의 매출은 드래곤 보물상자 매출 선인식에 따른 기저효과와 리니지M 출시에 따른 일부 유저 이탈로 인해 전분기 대비 42% 감소한 686억원을 예상한다.,NEGATIVE
삼성중공업은 최근 불거진 드릴쉽 인도 불확실성과 지난 1월에 15억달러 신규수주 이후 수주 소식 부재 등으로 주가가 올해 고점대비 17% 하락하였다.,NEGATIVE
"1분기 국내 관람객수 증가율 5.7%, 박스오피스 증가율 8.3%로 매출은 전년동기대비 6.6% 증가한 2,176억원을 기록할 것으로 예상되나 최근 경쟁심화의 영향으로 비용이 증가할 것으로 보여 CJ CGV의 영업이익은 전년동기대비 12.7% 감소한 88억원을 기록할 전망이다.",NEGATIVE
"다만, 전년도 높은 베이스, 국내와 미국 공장 증설 및 가동에 따른 감가상각비와 인건비 등 고정비 증가로 기아차의 영업이익률은 12.5%(YoY -3.6%p)까지 하락하면서 감익할 것으로 추정된다.",NEGATIVE
"캐스텍코리아의 영업이익 감소는 기대했던 베트남 공장의 매출 증가가 지연되는 가운데, 비중이 큰 유럽/중국 매출액(합산 비중 50%)이 유로/위안화 환율 약세(1분기 -7%/-9% (YoY))로 부정적인 영향이 있고, 북미향 수출 물량의 감소와 판가 하락도 전망되기 때문이다.",NEGATIVE
중국 로컬 완성차로의 납품 증가중국 내 반한 감정에 따른 영향으로 한국 완성차의 출하가 급감하고 있어 상신브레이크의 무석 법인도 부정적인 영향이 있을 수 밖에 없다.,NEGATIVE
최근 판재류 부문 실적 감소는 자동차 강판 가격 협상 지연으로 인해 판재류 스프레드가 감소한 점이 주요 원인으로 파악된다.,NEGATIVE
"S-Oil의 영업이익 부진의 이유는 환율 하락에 따른 (-)효과가 예상보다 큰 900억원(정유-730억원/화학-120억원/윤활기유-50억원)이 반영되었고, 선입선출법을 사용하는 특성상 환율 급락/2월 이후 유가 하락이 동반되면서 정유 부진이 크게 나타났기 때문으로 판단된다.",NEGATIVE
"S-Oil의 부진은 작년 정제마진 급락을 경험한 업체들의 무리한 가동률 상승이 자제되고, 중국의 석유제품 수출 쿼터 제한으로 순수출이 추가적으로 늘어나지 않음에 따른 결과라 판단한다.",NEGATIVE
"Comment2Q 영업이익 7,094억 단기 실적 둔화 예상: 16년말 이후 나타난 re-stocking 효과 진정/인플레이션 기대감 약화/단기 급등한 재고 부담 등이 나타나며 롯데케미칼의 전반적인 화학 제품 spread가 하락하고 있다.",NEGATIVE
"롯데케미칼은 자회사 연결효과를 제외한 순수 OEM 매출이 7%YoY 역성장 했을 것으로 예상되어 작년 하반기 실적 추세를 유지했을 것으로 보이는데, 여기에 원/달러 평균환율도 전년동기대비 3.9% 하락해 환율효과를 기대하기 어렵다.",NEGATIVE
"오리온의 실적 부진은 1) 중국의 한한령에 따른 판매 부진, 재고 반품, 가동률 하락, 2) 원/위안화 하락(YoY 8.8% 하락), 3) 17년 이른 춘절(17년 1월말)로 인한 매출 감소(약 300억원이 16년 4Q에 발생 추정) 때문으로 본다.",NEGATIVE
아모레퍼시픽의 실적 둔화에는 국내 채널을 중심으로 전체적인 매출 둔화에 이어 1)해외 사업 역시 중국의 30%대 성장에도 불구하고 수익성이 높은 싱가폴의 매출 비중 축소와 홍콩 부진이 영향을 미쳤다.,NEGATIVE
"면세점 부문은 올해 2분기 사드 이슈에 따른 중국인 입국자수 모니터링이 필요하지만, 올해 1분기 상황으로 미루어 보았을 때 연간 손실 축소의 가능성은 커진 상황으로 판단한다.",NEGATIVE
"아모레G는 2Q17 매출 17,471억원(+1.6%YoY), 영업이익 3,002억원(-3.1%YoY)을 예상하여 실적 부진 흐름을 이어갈 것으로 예상하며, 국내외로 비용 통제를 통한 이익률 보전 여부가 중요한 시점이다.",NEGATIVE
"중국인 인바운드 감소에 따른 내수 채널 부진으로 국내 매출은 2% 남짓 성장하는데 그쳤고, 고정비 부담이 증가하면서 아모레퍼시픽의 영업이익률은 전년동기 대비 3.5%p 감소했다.",NEGATIVE
"아모레퍼시픽은 전문점 채널 부진이 심화되고, 면세점을 제외한 백화점이나 방판 매출이 낮은 한자릿수 내에서 역성장 했는데 채널 믹스 변화가 ASP 하락으로 이어져 마진 감소가 심했던 것으로 판단된다.",NEGATIVE
Comment2Q17 지나면서 분기 실적 바닥 확인할 것: 사드 갈등이 극대화 된 3월 중순 이후부터는 면세점까지도 영업 부진을 겪고 있는 것으로 추정되어 아모레퍼시픽은 2Q17 실적 개선을 기대하기 어렵다.,NEGATIVE
아모레퍼시픽은 3월 이후 중국 인바운드 시장의 급격한 악화가 면세 채널의 효율성 저하와 국내 오프라인 채널의 트래픽 감소로 연계되어 원가와 판매관리비의 부담을 높였던 것으로 분석한다.,NEGATIVE
연말연초 설비유지 보수 및 제품교체로 인한 1Q17의 공장가동률은 4Q16 대비 80% 수준이기 때문에 삼성바이오로직스의 2Q17의 매출 감소에 따른 영업적자는 100억원 수준에 달할 것으로 전망된다.,NEGATIVE
"보수적인 가이던스(17년 별도기준 영업이익률 11.8%)와 낮아진 벤치마크 아연 제련수수료 (3월 30일 발간 보고서 ‘아연 TC 협상 타결, 우려 완화 기대’ 참고) 영향에 따른 감익 우려로 고려아연 주가는 연초 이후 고점대비 20% 하락하며 약세를 보이고 있다.",NEGATIVE
"SK텔레콤의 가입자 순증 규모가 지난해 1분기보다 19.1% 줄었고, 신규는 2% 증가에 불과했으며, 주목할 만한 스마트폰이 없었음에도 마케팅비용이 전년동기대비 6%나 증가한 것은 단말기당 지원금을 많이 지급했기 때문으로 본다.",NEGATIVE
Action여전히 어려운 내수 및 북미 시장: 17년 상반기까지 현대차의 실적은 내수 및 북미 지역 수요둔화와 그로 인한 경쟁 강도 상승으로 인해 부진이 지속될 것으로 전망한다.,NEGATIVE
고객사의 라인 가동 일부 지연으로 인한 단기적인 판매 부진과 시장 선점을 위한 선제적인 판가 인하가 매출 부진으로 이어졌으며 지난해 4분기 증설분에 대한 고정비 부담 증가가 SK머티리얼즈의 수익성 악화로 이어진 것으로 판단된다.,NEGATIVE
"Comment2Q17는 보릿 고개, LG이노텍은 대형 IT업체 중 분기 역성장 우려되는 업체 중 하나: 해외 전략 고객의 주문감소로 2Q17는 당초 예상보다 더 부진할 전망이다.",NEGATIVE
"Action컨센서스 하향 추세 이어질 듯, LG이노텍 17년 영업이익 16% 하향 조정: Valuation 부담이 있는 마당에 2Q17 실적 부진과 추가로 이어질 수 있는 컨센서스 하향 분위기는 주가의 조정 빌미를 제공할 것이다.",NEGATIVE
"SK머티리얼즈의 매출에서 65%를 차지하는 NF3(삼불화질소)의 가격 하락폭이 예상보다 컸고, 글로벌 반도체 및 디스플레이 업체들의 공정전환 등에 의해 수요가 강하지 않은 것으로 파악된다.",NEGATIVE
"또한 16년 11월에 완공된 NF3의 추가 1,000톤의 감가상각비 반영 등으로 인해 원가 부담이 확대된 것도 SK머티리얼즈의 수익성 악화에 영향을 미친 것으로 추정된다.",NEGATIVE
"NAVER의 마케팅비는 1Q16 - 3Q16 3개 분기 동안 매 분기 600억원대가 지속되다가 4Q16에는 1,013억원으로 급증했었는데 이는 파파고 TV광고, 라인 게임 광고 등에 따른 것이었다.",NEGATIVE
자동차강판 가격 협상 관련 불확실성 지속동사의 자동차용 강판에 대한 영업이익 의존도가 60% 이상인 만큼 자동차강판 가격 협상지연으로 최근 현대제철의 주가는 조정을 받았다.,NEGATIVE
"핵심 해외영업지역 중 유럽을 제외한 중국과 북미 매출이 전년동기대비 각각 21%, 51% 큰 폭 감소하며 제일기획의 해외 영업총이익은 7% 역신장한 1,591억원에 그쳤다.",NEGATIVE
"Comment2Q 감익은 불가피: 중국발 re-stocking 효과 진정/인플레이션 기대감 약화/단기 급등한 재고 부담 등으로 롯데케미칼의 전반적인 화학 제품 spread가 하락하고 있으며, 당초 기대했던 반등의 시기가 지연되고 있다.",NEGATIVE
"동부화재 및 손보업종을 둘러싼 우려는 1) 자동차보험의 경쟁 격화 가능성, 2) RBC 강화에 따른 자본적정성의 부담으로 압축된다.",NEGATIVE
"현대위아 영업이익 부진은 1) 중국 누우엔진 가동률 추가하락, 2) 멕시코 가동 정상 지연, 3) 디젤엔진 가동 전 비용 인식, 기계는 부진 지속으로 BEP 이하 매출 수준 기록함에 기인합니다.",NEGATIVE
기대 이상의 영업 성과에도 불구하고 코웨이의 순이익이 컨센서스를 하회한 이유는 해외 법인의 렌탈 판매분에 관한 채권에서 약 160억원 규모의 외화환산손실이 발생했기 때문이다.,NEGATIVE
"중국의 해외여행 규제 정책으로 인한 트래픽 감소분은 유통상들의 매입 규모 확대로 상쇄되었지만, 동시에 수수료와 프로모션 비용 부담이 높아져 국내 면세사업 영업이익률은 2.7%로하락했다(1Q16 5.2%). 호텔/레저 사업은 서울 호텔 비수기 진입과 경기 악화로 인한 연회,식음료 사업 위축으로 호텔신라는 75억원의 적자를 기록했다.",NEGATIVE
모듈부문에서 중국 등 완성차 물량감소 및 위안화 약세 등 환율 효과로 매출과 영업이익이 전년동기비 각각 2.2%/27.6% 감소하면서 모듈부문 영업이익률이 3.3%로 전년동기비 1.2%p 하락했다.,NEGATIVE
"• 2분기에도 중국판매 부진 등을 감안할 때 수익성 악화 기조 이어질 듯 2분기 현대모비스의 매출액과 영업이익은 각각 9조7,014억원(-1.5% yoy), 6,432억원(-18.0% yoy), 영업이익률은 6.6%(-1.4%p yoy)로 전망된다.",NEGATIVE
"한국전력 실적 부진의 이유는 매출 연결 조정 증가(시운전 관련 비용)/전기가격 인하 따른 악영향의 폭이 예상치를 상회하면서 매출액이 추정치 대비 약 0.7조원 하회했으며, 격납고 부식/예방정비 증가로 원전 가동률의 반등 폭이 낮아지면서 구입 전력비 상승폭이 추정치 대비 컸기 때문이다.",NEGATIVE
"1Q Review: OPM 6.0%(-0.4p YoY) 하나투어의 1분기 영업수익/영업이익은 각각 1,713억원(+15% YoY)/ 103억원(+7%)으로 전년 세금 추징과 관련한 1회성 비용에도 불구하고 이익 개선 폭은 미미했으며, 컨센서스(128억원)도 하회했다.",NEGATIVE
"1분기 해외 출국자수 및 하나투어의 송출객수가 각각 19%/18% (YoY) 증가하면서 본업은 개선되었지만, 면세점의 재고자산 및 매장 면적 감축(기존 B`1~6층 → 1~4층)으로 면세점 관련 적자가 약 90억원 이상 발생된 것이 실적 하회의 주요 원인이다.",NEGATIVE
"Comment일회성 제외시 부진: 현대홈쇼핑은 취급고 성장률이 예상보다 부진하고 렌탈부문의 영업실적도 적자폭이 확대되고 있다(1Q16 -32억원 → 1Q17 -49억원). 특히, 영업이익은 예상치를 상회했지만 부가세 환급으로 인한 일회성 이익(79억원)을 제외할 경우 큰 폭의 실적 개선은 없었다고 판단한다.",NEGATIVE
"CL부문(3자물류 및 해운항만)에서 일회성 비용 발생, 택배 부문 물량 증가에 따른 비용 투입, M&A 기업 인수 관련 인력 투입 등 CJ대한통운은 전사업부에서 영업이익 부진 요인이 작용하였다.",NEGATIVE
"국내부문은 매출이 YoY 15% 성장했음에도 불구하고, GPM 하락(13.5%, YoY -2.4%p 추정)과 인건비와 연구개발비 등 고정비 증가(YoY +40억원 내외)로 영업이익이 YoY 29% 감소했다.",NEGATIVE
"코스맥스는 1분기 실적발표 컨퍼런스 콜에서 2017년 국내 사업 가이던스를 매출 15~20%, 영업이익률을 4`~5% 수준으로 발표했다.",NEUTRAL
이마트는 내수 및 중국 인바운드 저하로 원브랜드샵을 중심으로 구내 생산 수요가 위축되고 있는 반면 신규 투자 증가로 고정비 부담이 커졌기 때문으로 해석된다.,NEGATIVE
"게임빌의 1Q17 매출이 전분기 대비 25.7% 대폭 감소한 것은 신작 론칭이 전혀 없는 가운데 스포츠 장르 기존 게임은 비수기 영향으로, RPG 장르 기존 게임은 노후화 영향으로 전분기 대비 대폭 감소했기 때문이다.",NEGATIVE
"국내 사드 영향 있는지 주시할 필요: 3월 중순 이후 중국인 인바운드가 급감하면서 국내 일부 브랜드숍들이 영업에 어려움을 겪는 것으로 보여, 제품 소모 주기를 고려해볼 때 한국콜마의 5월 이후 실적이 불안하다.",NEGATIVE
"국내 마트 역시 기존점 성장률이 -5.1%로 경쟁사 대비 부진하며, 매우 저조한 수익성을 기록하고 있다(국내 마트 영업이익 72.7%YoY감소). 특단의 조치가 없다면 국내 주력 사업에서의 경쟁자 대비 부진한 영업상황이 빠르게 개선되지 못할 것이다.",NEGATIVE
"작년 말 하이트와 맥스 등 맥주 출고가를 평균 6.3% 인상했지만, 리뉴얼 제품 출시에 따른 물량 조절 및 수입맥주의 영향으로 판매량이 감소해 하이트진로의 매출 성장이 제한됐다.",NEGATIVE
"쇼박스의 목표주가 하향은 국내시장 경쟁격화 및 경쟁사 대비 해외 프로젝트 전개 시점이 늦어지는 점을 반영하여, 타겟 멀티플을 기존 미드싸이클 중단에서 하단으로 10% 하향한 점에 기인한다.",NEGATIVE
16년 3분기까지 고수익성을 유지했던 양 사업부의 이익이 감소한 것은 LCD패널 및 원자재 가격의 상승과 연말 성수기를 위한 마케팅 비용이 반영되었기 때문이다.,NEGATIVE
2017년의 매출 감소 전망이 반영되면서 세진 중공업의 주가는 최근 하락세를 보여왔으며 올해 실적 대비 PER 배수는 9.1배 수준으로 낮지 않은 상황이다.,NEGATIVE
2018년 상반기까지 잔고를 갖고 있다는 것을 고려하면 현대미포조선은 내년 상반기중에 선박 수주를 늘리면 2018년 영업실적은 어느 정도 무난하게 달성하게 될 것이다.,NEUTRAL
2018년도 강남 신규 면세점 오픈과 인천점 철수에 따른 추가적인 이익 저하 가능성까지 감안하면 신세계의 현재 주가 12MF PER 10.3배도 결코 낮은 편은 아니다.,NEGATIVE
"MC 사업부는 V20 및 보급형 신모델 매출 확대로 적자폭이 줄어들겠지만, 사업 구조 개선 활동 마무리를 위한 비용이 반영되면서 개선폭이 제한적일 것이다.",NEUTRAL
SK네트웍스가 가지고 있던 중국 부실 재고에 대한 비용 부담 우려는 1Q17에 상당량 해소된 것으로 보이지만 브랜드가 안정적으로 자리잡기까지는 지속해서 재고 관련 비용 발생 여부를 체크해봐야 한다.,NEUTRAL
"그 이유는 1) 내수 시장의 수요 둔화와 현대차의 판매 부진 지속, 2) 북미 수요 둔화와 경쟁 격화로 인한 인센티브 등 비용 증가가 지속될 전망이기 때문이다.",NEGATIVE
네이버 역시 1조를 상회하는 분기매출을 고려할 때 다소 성장이 둔화되고 있는 것으로 보일 수 있으나 건강한 체질을 기반으로 견조한 성장을 지속할 것이다.,POSITIVE
"다만 현대기아차의 부정적인 영업환경 및 최근 조정 중인 석탄 가격 등을 고려할 때, 그 인상폭에 대해서는 종전 기대감보다 낮아질 가능성도 존재하고 있음을 염두에 둘 필요가 있다.",NEGATIVE
롯데쇼핑은 지난 2년 가까이 중국과 국내 할인점을 중심으로 집중적인 구조조정을 진행함에 따라 악성 자산에 대한 폐기손실을 상당부분 반영하여 순이익의 정상화시점에 있다.,POSITIVE
"새론오토모티브는 특정 고객에 대한 의존도가 상대적으로 낮은 편이고, RE 매출이 많아 안정적 매출 시현이 가능하며, 14% 중반의 높은 수익성을 기록하고 있다 등의 사업적인 매력이 충분하다.",POSITIVE
"아시아 의류OEM 대부분 실적 둔화: 4Q16에도 OEM매출과 영업이익이 크게 개선되기는 어려울 것으로 보이는데 이유는 작년 실적 베이스가 높고, 환율효과도 소멸되며, 계절적 비수기에 해당하기 때문이다.",NEGATIVE
이런 상황에서 황창규 회장이 사임할 경우 KT 경영 전략 변화에 따른 수익성 저하 우려가 표면 위로 부상할 공산이 크고 투자 심리가 위축될 수 있어 부정적이다.,NEGATIVE
"자진 상장폐지를 위해 자기주식을 매입하고 있으며 확보한 자기주식은 58.43%이고, 한국타이어월드와이어의 지분 31.13%를 감안하면 총 89.56%를 확보하였지만, 상장폐지를 위해 필요한 지분 95%에는 미달한다.",NEUTRAL
"전체적으로 원재료 비용부담의 감소에도 판가 하락과 외형 둔화, 그리고 1분기 가동을 시작한 미국 조지아 공장의 초기 적자 등으로 영업이익률은 전년 동기대비 0.7%p 하락한 4.7%를 기록할 전망이다.",NEGATIVE
"중국 매출 비중이 높거나 사업상 연관이 높은 업체들의 주가가 연일 하락세를 면치 못하고 있고, 2016년 매출의 대부분이 중국향이었던 씨아이에스의 최근 주가 하락도 이와 무관하지 않아 보인다.",NEGATIVE
"참고로, 16년 4분기 기준 LG디스플레이의 전체 TV 패널 생산량 중 43인치/49인치/55인치 TV 패널이 차지하는 비중은 각각 32%/21%/20% 수준을 기록할 것으로 추정된다.",NEUTRAL
최근 국정감사에 이목이 집중되면서 다소 모멘텀이 약해지고 있지만 정기국회 회기 내에 안건이 다루어질 가능성이 높아 다시 한 번 관심을 끌 것으로 예상된다.,NEUTRAL
"추가 공사비를 제외하면 플랜트 원가율은 96.6%, 86.3%로 추정되며, 결국 저수익 프로젝트가 준공되어야 GS건설의 본격적인 실적 개선을 기대할 수 있다는 점에는 변화가 없다.",NEUTRAL
"클리오에 대한 2017년 전망치는 기존 수준을 유지하며 목표주가는 기존 2017년F 지배주주 기준 EPS 2,185원에 Target P/E 17배(2017년 IBK커버리지 기준 화장품 평균 P/E 20.5배)에서 2017F Forward EPS 2,244원에 Target P/E 17.5배를 적용했다.",NEUTRAL
특히 상대적으로 많은 금융비용과 지난 11년 이후 기타 손익이 (+)였던 분기가 단 4차례에 불과할 정도로 일회성 비용이 빈번하게 발생하고 있는 점은 대우건설 실적의 안정성을 훼손하고 있다고 판단된다.,NEGATIVE
"하나금융투자의 기존 추정치(영업이익 23억원)와의 차이는 환율하락, 원재료 벤젠 가격 상승에 기인하며, 락탐 스프레드 기준 20$ 가량에 해당하는 이익 규모이므로 업종의 사이클 특성을 감안했을 때 유의미한 수준은 아니라는 판단이다.",NEUTRAL
한편 롯데케미칼의 1분기 실적은 일회성 요인 때문이기는 하나 높아진 기대치를 소폭 하회하였고 2분기에 대한 우려도 있어 단기적으로 걱정이 커지는 국면으로 판단된다.,NEGATIVE
"한편 합작사(CNOOC & LG Petrochemicals Co.,Ltd.)는 공동 운영의 한계 및 부타디엔/SM/AN 등 원재료 비통합 영향으로 국내 공장 및 닝보 공장 대비 가동률이 저하되면서 2011년 1월 5일 설립 이후 당기순손실을 지속하였다.",NEGATIVE
"한화건설은 향후 사우디 Marafiq, Yanbu 2 프로젝트 손실 가능성이 잠재한다.",NEGATIVE
리스크 해소 필요: 강원랜드의 실적이 꾸준히 성장하고 있지만 여러 리스크 요인이 해소되기 전까지는 과거와 같은 높은 밸류에이션(11~15년 평균 P/E 18.6배)을 부여하기 힘들다는 판단이다.,NEUTRAL
LGU＋ 1분기 영업익 1천706억원…마케팅 비용 감소,NEUTRAL
집주인 매입임대주택 사업 23일부터 상시 접수,NEUTRAL
창원 39사단 유니시티 1순위 청약에 20만명 몰려,NEUTRAL
셀트리온헬스케어 987억원 규모 자기주식 취득,NEUTRAL
삼강엠앤티 243억원 규모 해양구조물 공급계약,POSITIVE
테라젠이텍스 200억원 전환사채 발행 결정,NEUTRAL
그래픽 제조업 평균 가동률 추이,NEUTRAL
안심대출 주택수 산정때 지방 노후·소형 단독주택 뺀다,NEUTRAL
KT 지난해 흑자 전환…3년 만에 1조원대 영업익,POSITIVE
코디 53억원 3자배정 유상증자 결정,NEUTRAL
경동나비엔 4분기 영업익 98억원…6% 감소,NEGATIVE
현대건설남동발전 해외발전사업 양해각서,NEUTRAL
증시 부진에도 자사주 공시 약발…남용은 경계해야,NEGATIVE
차기 금융투자협회장 후보 등록 마감…4명 도전장,NEUTRAL
3분기 ELS 발행액 17조9천752억원…전분기보다 35.3% 감소,NEGATIVE
수도권 분양물량 풍성…견본주택 10곳 오픈,NEUTRAL
대림씨엔에스 2분기 영업익 159억원…1.3% 감소,NEGATIVE
하나금융 3분기 순익 8천360억원…전분기 대비 27% 상향,POSITIVE
비에이치아이 작년 연결 영업손실 423억원…적자전환,NEGATIVE
SK이노베이션 2분기 영업익 1조1천195억원…12% 상향,POSITIVE
금감원 홈페이지서 즉시연금 분쟁조정 신청받는다,NEUTRAL
SK머티리얼즈 2분기 영업익 408억원…7.7% 증가,POSITIVE
분양심사 늦어지는 나인원 한남 하루 이자비용만 1억8천만원,NEUTRAL
현대상선 2분기 영업손실 2천543억원…적자 지속종합,NEGATIVE
현대차증권 2분기 영업이익 414억원…232% 증가,POSITIVE
키움증권 3분기 영업익 795억원…83% 증가,POSITIVE
우리들제약 타법인 증권 취득 목적 50억원 편성,NEUTRAL
NH투자증권 25·26일 100세시대 아카데미,NEUTRAL
SK네트웍스 작년 영업익 1천382억원…3% 감소,NEGATIVE
2달러에서 140달러까지…롤러코스터 유가의 역사,POSITIVE
국내 주식형 펀드서 14거래일째 자금 순유출,NEGATIVE
KB금융 작년 연결 영업익 4조160억원…139% 상승,POSITIVE
작년 국내 RD 투자 66조원 GDP 대비 주요국 1위,POSITIVE
경영난 현대차 극단처방…수익 낸 직원에 최대 1억원 준다,NEGATIVE
이통 3사 일괄 요금인하 부담 커…단말기 비용 고려해야,NEGATIVE
현대차증권 미중 무역전쟁 쉽게 사그라들지 않을 것,NEUTRAL
미코 호실적 소식에 강세,POSITIVE
SH홀딩스 감자 결정 소식에 급락,NEGATIVE
GS건설 전환사채 발행 검토 중,NEUTRAL
에스티팜 2분기 연결 영업익 193억원…38% 감소,NEGATIVE
KT 1등 고객 서비스 수상 기념 감사 이벤트 진행,NEUTRAL
월 4천900원에 무제한 VOD 스트리밍 왓챠플레이 출시,POSITIVE
금리 오른다는데…숙박음식점업 비은행 대출 3년새 2배로,NEGATIVE
HDC현대EP 3분기 영업익 32억원…77% 감소,NEGATIVE
대한유화 작년 영업익 2천713억원…288.15% 상향,POSITIVE
현대EP 1분기 영업익 77억원…25.2% 감소,NEGATIVE
잠금화면 캐시슬라이드 작년 기부액 1억5천만원 돌파,NEUTRAL
코스피 소폭 상승…2080선 회복,POSITIVE
5G 가입자 상용화 6개월 만에 346만명…SKT 점유율 44%,POSITIVE
국내은행 부실채권·연체율 상승추세…건전성 유의해야,NEGATIVE
미래아이앤지 국내 공공기관 입찰참가 6개월 제한,NEGATIVE
SC제일은행 3분기 순익 1천42억…작년 동기보다 93% 상승,POSITIVE
삼성 미국서 갤럭시탭S3 예약판매,NEUTRAL
금융지주 순이익 11조6천억원…총자산 2천조원 넘어,POSITIVE
이란 저농축 우라늄 생산속도 4배로 증가…3.67% 농도는 유지,POSITIVE
정읍 내장산리조트 부지 추가 분양…내달 8월 22일 신청,NEUTRAL
한화투자 비대면계좌에 5년간 모바일 수수료 무료,NEUTRAL
모델하우스 온 예비청약자들 중도금대출 가능한가요,NEUTRAL
피앤이솔루션 중국 업체와 2차전지 충방전장비 공급 계약,POSITIVE
한국GM 운명의 1주일…신차 배정·7천억원 채무 상환시한 겹쳐,NEGATIVE
한국 국부펀드 투자성향 너무 소극적…수익률 낮다,NEGATIVE
네이버 세계 최대 프랑스 스타트업 육성센터에 전용공간 열어,NEUTRAL
9억 넘는 주택 보유자 대상 전세보증 내주부터 제한,NEGATIVE
SKC에코솔루션즈 페인트 대체할 친환경 필름 출시,POSITIVE
애플 스마트폰 1위 되찾았지만…다음 성장동력은,POSITIVE
상호금융 상반기 순익 1조8천억원…작년보다 48% 늘어,POSITIVE
내년부터 변액보험 펀드수익률 급변동시 수시 문자안내,NEUTRAL
삼부토건 매각 주간사로 안진·신한금투·지평 선정,NEUTRAL
국내 주식형 펀드 닷새째 자금 순유입,POSITIVE
농협은행 무계좌 해외송금서비스 출시 기념 이벤트,NEUTRAL
라이트론 120억원 광모듈 공급계약,POSITIVE
트위터 2분기 연속 흑자행진…회생 청신호,POSITIVE
해운 위기 용선료 인하·합병으로 해결될 문제 아냐,NEGATIVE
조선 3사 해양플랜트 악몽 되풀이되나…하반기 인도 몰려,NEGATIVE
키움증권 채권 예약 시스템 오픈,NEUTRAL
뚝뚝 떨어지는 국제유가…국내 기름값은 2주뒤 본격 하락,NEGATIVE
당정 공기업 군 복무기간 임금 반영 의무화 추진,NEUTRAL
공시지가 열람은 부동산공시가격알리미에서..,NEUTRAL
한진해운 런던 사옥 667억원에 처분한다,NEUTRAL
증시신상품 신영자산운용 신영베테랑증권자투자신탁 펀드,NEUTRAL
예스티 30억원 자사주 취득 신탁계약,NEUTRAL
위클리 스마트 미니멀 라이프에 딱…LG워치 스타일 써보니,NEUTRAL
작년 주식 1인당 보유종목수 4.27개,NEUTRAL
내 신용정보 통합조회에 재무컨설팅까지…신산업 뜬다,NEUTRAL
건설주 중동 수주 기대감에 동반 상승,POSITIVE
삼성중공업 1분기 영업손실 333억원…적자지속,NEGATIVE
LGU 스마트 업무환경 위한 중소기업전용 상품 3종 출시,POSITIVE
금투협 ISA 세제혜택보다 수수료 부담 크다는 주장은 잘못,NEUTRAL
국내 주식형 펀드에 엿새째 자금 순유입,POSITIVE
골드퍼시픽 관리종목 해제,NEUTRAL
코스피 이틀 연속 하락…외인 매도에 2280선 흔들,NEGATIVE
부영 설 앞두고 협력사에 공사·물품대금 715억원 조기지급,NEUTRAL
강남 재건축 아파트값 4개월 만에 하락 전환,NEGATIVE
KT 갤럭시S10 5G 가입 1만명 돌파…데이터 완전무제한 효과,POSITIVE
아프리카TV 3분기 매출 247억원…작년 동기 대비 22% 상승,POSITIVE
미국 3월 소비자물가 0.4% 상승…에너지값 오름세 반영,NEGATIVE
펀드슈퍼마켓 고객 투자자산 1조4천억원 돌파,POSITIVE
민경욱 17조원 투입 13개 고속도로 예측대비 이용률 58% 불과,NEGATIVE
코스피 1870선 후퇴…외인 사실상 33일째 팔자,NEGATIVE
코스피 외인·기관 매도에 약세…장중 2170대 후퇴,NEGATIVE
16일 63컨벤션센터서 한아세안 핀테크 콘퍼런스,NEUTRAL
리켐 50억원 규모 3자 배정 유상증자 결정,NEUTRAL
우리은행 주택금융공사와 도시재생 발굴·지원 업무협약,NEUTRAL
현대기아차 노후차량 특별 무상점검…출고 8년 초과 대상,NEUTRAL
네이버 푸드윈도 1년 새 거래액 3배 넘게 성장,POSITIVE
삼성전자 3분기 스마트폰 점유율 21%로 세계 1위,POSITIVE
피치 사우디 신용등급  강등…추가 피격 위험,NEGATIVE
신한금융 상반기 순익 1조9천144억원…작년 대비 6.6% 상승,POSITIVE
11월 첫 주에도 분양 열기 계속…19곳 청약,POSITIVE
3월 중국인 관광객 11.8% 상승…1년만에 다시 늘어,POSITIVE
LG 세탁기 누적판매 1억5천만대…쌓으면 지구 3바퀴,POSITIVE
KT 지난해 흑자 전환…3년 만에 1조원대 영업이익종합,POSITIVE
SKT 5G 요금제 인가 재신청…5만원대 요금 포함,NEUTRAL
광주은행 세계수영대회 개최 기념 외화 정기예금 출시,NEUTRAL
샤오미 홍미노트5 오늘부터 예약판매…16일 정식 출시,NEUTRAL
국민연금 이재용 등기이사 선임안 전문 회부 검토,NEUTRAL
8월 펀드 설정액 1조3천700억원 감소,NEGATIVE
㈜동부 미래에셋생명 개인정보체계 고도화사업 수주,POSITIVE
아모레퍼시픽 52주 신저가 경신,NEGATIVE
DSR 작년 영업이익 128억원…44% 증가,POSITIVE
올해 세계 IT 지출 2.7% 증가…투자 불확실성 증가,POSITIVE
전 세계 베어 마켓 전환 가속화,NEGATIVE
작년 오피스텔 시장 10조원 유입…10년 만에 최대,POSITIVE
현대엔지니어링 동반성장위원회 출범…상생경영 본격화,NEUTRAL
현대상선 해운동맹 확정 아니다…9월전 가입 마무리,NEUTRAL
금투협 소·부·장 투자 1천억원 펀드 11월 출시,POSITIVE
정운천 전북 제 3 금융중심지 신속 추진,POSITIVE
바이로메드 유전자치료제 성공 기대에 강세,POSITIVE
국민연금은 거수기…주총 반대의견 10건당 1건,NEUTRAL
금융사 연체가산금리 최대 3%P로 인하…이달말부터 시행,POSITIVE
페이스북 성장호조…순익 124% 매출 52% 사용자 17% 증가,POSITIVE
하나은행 계좌 없이 조회·승인하는 신용대출 출시,POSITIVE
KT 마이런 부산 행사서 5G 서비스 시연,NEUTRAL
송파구 아파트 전월세 전환율 첫 3%대로 하락,NEGATIVE
아마존 알렉사 덕에 3년 후에는 11조 원 추가 매출 가능,POSITIVE
코스피 혼조세…2310선 전후 보합권 등락,NEGATIVE
우리은행 투자숙려제도·고객 철회제도 도입 검토,NEUTRAL
위기의 야후…직원 15% 감원 발표 전망,NEGATIVE
우리카드 중소기업 특화 법인카드 출시,NEUTRAL
국토부 강남·동탄 등지서 분양권 불법전매 2차 점검,NEUTRAL
더캐피탈그룹컴퍼니스 SK하이닉스 지분 7.85% 보유,NEUTRAL
해지환급금 없는 종신보험 설계 신중하게 해야,NEUTRAL
롯데손해보험 작년 영업익 1천11억원…182% 증가,POSITIVE
한미약품 주당 0.02주 무상증자 결정,NEUTRAL
올해 설 차례상 비용 17만6천원…작년보다 1.8％ 올라 소비자 부담 증가,NEGATIVE
KCGI 한진칼에 감사·이사 새로 뽑고 보수 줄이자 제안,NEGATIVE
아시아나 3만 마일리지로 갤럭시S8 21만원 할인,NEUTRAL
미래부 개도국 기후변화 대응 위해 10억 기부,NEUTRAL
LG CNS 말레이시아 버스정보시스템 구축사업 수주,POSITIVE
잠실5단지 50층 재건축 제동에 매매시장도 급랭,NEGATIVE
확대되는 삼성증권 팻핑거 사태,NEGATIVE
HDC아이콘트롤스 3분기 영업익 44억원…1.7% 증가,POSITIVE
미래에셋대우증권 창업추진위 첫 회의,NEUTRAL
부산 코오롱하늘채 1순위에 13만여명 몰려,NEUTRAL
금감원 금융사 챗봇 개인정보보호 미흡…보호장치 마련하라,NEUTRAL
한화시스템한화SC 통합 법인 한화시스템 출범,NEUTRAL
두산인프라코어 두산밥캣 주식 2천323만주 양도 결정,NEUTRAL
상아2차 아파트 676가구로 재건축…35층 높이,POSITIVE
성남 재개발 1만여가구 이주…주변 부동산 들썩,POSITIVE
사물인터넷 사업 쑥쑥…기업 총매출 7조2천억 23% 급증,POSITIVE
중국 진출 한국기업들 무역전쟁 영향 우려…대비 서둘러,NEGATIVE
한은 지난해 RP금리 변동성 크게 확대…자금수급 불균형 영향,NEUTRAL
이주열 금리인하 효과 높이려면 적극재정·구조개혁 필요,NEUTRAL
에스앤씨엔진그룹 작년 영업익 432억원…35% 상승,POSITIVE
아이폰 작년 4분기 국내시장 점유율 28% 사상 최고,POSITIVE
부도 송인서적 매각 전제로 법정관리 신청한다,NEGATIVE
신한카드 알뜰소비 여성 겨냥한 신용카드 출시,NEUTRAL
울산 작년 주택 인허가 7대 도시 중 유일 감소,NEGATIVE
명성티엔에스 공모가 2만원 확정…희망가 상단 초과,POSITIVE
루트로닉 3분기 영업손실 46억원…적자지속,NEGATIVE
STC 178억원 배열회수보일러 공급계약,POSITIVE
모바일내비 T맵 독주 속 카카오·KT·네이버 2위 다툼,POSITIVE
서울시 원룸 200가구 추가 매입해 공공임대주택 확대,NEUTRAL
대 일본 수입의존도 90% 이상 품목,NEUTRAL
공포심리에 추락하는 증시…섣부른 매매보다 관망,NEGATIVE
신한금투 11월 코스피 1900∼2150 예상…최악은 1850,NEGATIVE
성도이엔지 114억원 규모 공장 신축공사 수주,POSITIVE
꿀 품고 돌아온 해태제과 27일부터 공모주 청약,POSITIVE
쿠쿠홀딩스 주당 4천100원 현금배당 결정,NEUTRAL
이란 내년 원유 수출액 68% 감소…하루 100만배럴 수출,NEGATIVE
위메이드 1분기 연결 영업익 5억원…흑자전환,POSITIVE
지갑 못여는 한국 고령층…평균소비성향 미국의 ⅔수준,NEGATIVE
카드사 내년 이익 소폭 증가 예상…장기적 하락세는 불가피,NEGATIVE
피치 포스코 신용등급 BBB로 한 단계 올려,POSITIVE
증권사 1분기 호실적 잇따라…2분기도 호조세,POSITIVE
대한건설협회 건설 70주년 비전 2030 선포,NEUTRAL
카카오 1분기 영업익 104억원…작년동기비 73% 감소,NEGATIVE
삼성SDS 1분기 연결 영업익 1천245억원…5% 하락,NEGATIVE
11월에 해태제과식품 등 2억181만주 보호예수 풀려,NEUTRAL
거래소 총수익지수 산출 대상 24일부터 확대,POSITIVE
척추 임플란트 개발 엘앤케이바이오메드 30일 코스닥 입성,POSITIVE
KB증권 모바일 스탁론 서비스 개설,NEUTRAL
금통위서 또 나온 인상 소수의견…연내 금리 인상론 아직 유효,NEUTRAL
주상복합 아파트도 중소형이 대세…상반기 물량 80% 차지,POSITIVE
SKT 24세이하 전용 0플랜 가입자 두 달 만에 30만 돌파,POSITIVE
GS홈쇼핑 글로벌 홈쇼핑 스타 협력사 선정,POSITIVE
한국GM 연구법인 분리 급물살 타나…연내 설립 주총 가능성도,POSITIVE
이베이코리아 스마일카드 출시 1년만에 회원수 42만명 돌파,POSITIVE
핸즈코퍼레이션 상장 첫날 급락…공모가 하회,NEGATIVE
박정림 KB증권 사장 제로금리 시대 투자 더 공격적으로,NEUTRAL
인크로스 4분기 실적 기대감에 강세,POSITIVE
CJ헬로비전 LTE 최저가 유심요금제 출시,POSITIVE
SKT 최대 36GB 무료 클라우드 출시…타사 이용자에도 개방,POSITIVE
코스피 외인·기관 매도에 하락…장중 2070대 후퇴종합,NEGATIVE
LGU＋ 작년 유무선 매출 증가…영업익 6천323억,POSITIVE
브렉시트 후폭풍에 한국 금융시장 다시 살얼음판,NEGATIVE
삼성자산운용 한국형TDF 수탁고 3천억원 돌파,POSITIVE
LG화학 전기차 배터리 수주 36조…2020년 매출 7조,POSITIVE
소니 바닷물 방수되는 블루투스 이어폰 출시,POSITIVE
기업 대출 꾸준히 증가…작년 11월 통화량 6.8% 늘어,NEGATIVE
SC제일은행 1분기 순익 760억…12.5% 감소,NEGATIVE
한국4호스팩 의료기기업체 비올 합병,POSITIVE
카카오 차별화 실패 서비스들 잇따라 종료,NEGATIVE
두바이유 가격 반등…배럴당 44.65달러,POSITIVE
나노융합 2020사업에 올해 202억 지원,POSITIVE
시중은행 기업대출 중 부동산담보가 절반 넘었다,NEUTRAL
DMS 576억원 규모 디스플레이 패널 제조 장비 공급 계약,POSITIVE
이통 3사 모처럼 동시에 본업 살았다…하반기 전망은 먹구름,NEGATIVE
작년 4분기 상가 83개 분양…전분기 대비 48 상승,POSITIVE
나노스 작년 영업손실 164억원…적자전환,NEGATIVE
업계 3위 대우건설 호반건설 품에 안기나,POSITIVE
NH투자 두산인프라코어 두산밥캣 상장하면 1조원 현금 유입,POSITIVE
미래에셋운용 국내 최초 미국 부동산 공모펀드 출시,POSITIVE
인니 작년 경제성장률 5.17%…전년보다 다소 개선,POSITIVE
이주열 2기 한은 기준금리 연 1.50%로 또 동결,NEUTRAL
하나금투 BGF리테일 골프장 인수 부담 제한적,POSITIVE
특징주 엔씨소프트 호실적 전망에 강세,POSITIVE
SKT T렌탈 인기…고객 4명 중 1명 할부구매 대신 선택,POSITIVE
특징주 이노션 블록딜 여파로 약세,NEGATIVE
모바일게임 음양사 출시 열흘만에 매출액이 계약금 넘어,POSITIVE
김동연 일자리중심 예산 편성…법정시한 내 처리 중요,NEUTRAL
한국 미국과 금리역전에도…3월 외국인자금 11억3천만달러 유입,POSITIVE
국내 VR·AR 시장 급속 팽창…2020년 6조원 예상 5배↑,POSITIVE
부동산 가격도 심리따라 움직여…정책 일관성 필요,NEGATIVE
STC 599억원 규모 플랜트 기자재 공급 계약,POSITIVE
코스맥스 1분기 영업익 104억원…10.6% 증가,POSITIVE
추석 연휴 맞아 쉬어가는 분양시장,NEGATIVE
올해 서울서 거래된 전월세 임대 절반 이상이 월세,NEGATIVE
한화손해보험 펀더멘털 개선세 지속,POSITIVE
STX 불법드론 잡는 안티드론 실증사업 진출,POSITIVE
롯데제과 인도 회사 인수에 상승,POSITIVE
사우디 아람코 주식거래 이틀째도 상한가…시총 2조달러 돌파,POSITIVE
이마트 2분기 영업손실 299억원…창사 후 첫 적자종합,NEGATIVE
동양생명 저금리에 수익 악화 불가피…목표가 하락,NEGATIVE
KB증권 미중 무역분쟁 여파 한국 경제에 내년 1분기 극대화,NEGATIVE
5년간 정부 세수 작년 예상보다 60조 상승…내년 재정 적극역할,POSITIVE
삼화페인트공업 작년 영업익 316억원…30.8% 하락,NEGATIVE
한전 2분기부터 실적 개선 전망…목표주가 상향,POSITIVE
파인텍 삼성디스플레이톈진과 29억원 제조장비 공급계약,POSITIVE
증권주 증시 상승 흐름 재개에 동반 강세,POSITIVE
신일제약  중국 파스시장 성장수혜 기대에 강세,POSITIVE
코스피 하락 출발…외인·개인 매도에 장중 2050선 내줘,NEGATIVE
KPX생명과학 작년 영업손실 20억원…적자전환,NEGATIVE
SK텔레콤 2017년형 갤럭시 A7 출시,POSITIVE
대웅제약 대미 신약 수출 증가 예상…목표가 상향,POSITIVE
코스피 상승 출발…장중 2130선 회복,POSITIVE
삼성 갤럭시 폴드 출시 연기…갤노트7 사태 재연 우려했나,NEGATIVE
코오롱글로벌 773억원 도로 건설 공사 수주,POSITIVE
세종시 견본주택 오픈 끝 없는 줄,POSITIVE
한국 신흥시장 31개국 중 국가리스크 두 번째로 낮아,POSITIVE
전기차 매진 선언한 VW 7천명 감원키로,NEGATIVE
네패스 1분기 영업익 100억원…286.57% 증가,POSITIVE
보유세 인상 추진에 관망세 짙어진 서울 아파트 시장,NEGATIVE
부산주공 자사주 처분 소식에 약세,NEGATIVE
국내 주식형펀드 14일 연속 자금 순유입,POSITIVE
원화 값 초강세 외국인 바이 코리아 발목 잡나,POSITIVE
공무원연금공단 올해 주식투자로 735억원 손실,NEGATIVE
수도권 아파트 이사수요 줄면서 전세가 상승폭 둔화,NEGATIVE
농협은행 퇴직연금 로보어드바이저 출시,POSITIVE
기업은행  자산건전성 개선 지속…목표가 상향,POSITIVE
가계 대출 급증 4년 후에 채무상환 부담 가장 크다,NEGATIVE
현대증권 매각 우선협상대상자 29일 발표,NEUTRAL
상반기 상장사 53곳 상호변경…작년보다 8.6% 감소,NEUTRAL
지난해 주식시장 반대매매 2.3조원…7년 만의 최대,NEGATIVE
피피아이 등 6개사 KOTC 시장 거래종목 신규지정,POSITIVE
법원 송인서적 회생계획안 인가…인터파크가 50억원에 인수,NEUTRAL
친환경농산물 시장 5년내 2조5천억원대로 키운다,POSITIVE
코스피 하락 출발 후 반등…장중 2210선 회복,POSITIVE
환율 뛰자 기업들 달러 매도…7월 외화예금 석달 만에 감소,NEGATIVE
금감원 빅데이터 기반 성장률 예측모형 구축,NEUTRAL
딜라이브 인수금융 채무조정협상 금주 타결 어려울 듯,NEGATIVE
LG디스플레이 3분기 영업익 5천860억…전분기 대비 27% 감소,NEGATIVE
NH농협금융지주 직원 11명 청년이사로 위촉,NEUTRAL
회계사 올 하반기 경기 상반기보다 부정적,NEGATIVE
서민 울리는 브레이크 없는 지역주택조합,NEGATIVE
코스피 엿새 만에 올라 2460선 회복…코스닥 이틀째 상승,POSITIVE
LG 프리미엄 정수기·냉장고 등 주방가전 신제품 공개,POSITIVE
에스엔텍 45억원 규모 2차전지 제조장비 공급계약,POSITIVE
농협하나로마트 간편식 PB 판매액 100억 돌파,POSITIVE
세계증시 닷새동안 5천조원 날아가…2011년 8월이후 최악,NEGATIVE
국내 부동산 대체투자 활기…공모펀드·리츠 봄바람,POSITIVE
농협 허식 부회장 여성 농업인 단체장과 필승코리아 펀드 가입,NEUTRAL
BC카드 빨간 날 휴일엔 1＋1 혜택,NEUTRAL
신세계 과도 하락으로 매수 기회,NEGATIVE
서울 아파트값 8개월 만에 상승…전세도 36주 만에 올라,POSITIVE
전망 쏟아지는 악재…주택시장 위축될 듯,NEGATIVE
롯데케미칼 2분기 실적 부진…목표가 하향,NEGATIVE
SOil 1조3천억원 규모 경유·납사 공급 계약,POSITIVE
NH투자증권 100세시대 행복리포트 51호 발간,NEUTRAL
이통사 업셀링 정책 먹혔다…고가요금제로 실적 선방,POSITIVE
금융위 금융권 자본규제 개편 태스크포스 회의 개최,NEUTRAL
한국 작년 수출 5천739억달러 사상최대,POSITIVE
한글과컴퓨터 291억원 규모 종속회사 주식 처분,NEUTRAL
이마트 1분기 부진힌 실적…목표가 하향,NEGATIVE
메이저리그 FA 3억 달러 시대…44년 만에 돌파,NEUTRAL
보유세 개편 앞두고 숨죽인 부동산 시장,NEGATIVE
한전KPS 3분기 영업익 162억원…49.7% 감소,NEGATIVE
두산밥캣 상장이 효자…최선호 지주회사,POSITIVE
오스테오닉 22일 코스닥 상장,POSITIVE
현대미포조선 2천억원 석유화학제품 운반선 6척 수주,POSITIVE
매년 16%씩 커지는 여행자보험시장…보장·설명의무 강화해야,POSITIVE
우리금융 이사회서 국제자산신탁 인수 결의,POSITIVE
한국거래소 MA 매도기업 설명회,NEUTRAL
LS니꼬동제련 작년 영업익 1천239억원…41.3% 하락,NEGATIVE
삼성디스플레이 사장 교체…권오현 부회장이 겸직,NEUTRAL
주택금융공사 부사장에 김민호 전 한은 부총재보,NEUTRAL
한국IDC 작년 한국 소프트웨어 시장규모 4조원 첫 돌파,POSITIVE
부산항만공사 일본서 배후단지 투자유치 마케팅,NEUTRAL
자영업자 경영컨설팅 연계 지원 체계 구축 관련 MOU 체결,NEUTRAL
대신증권 4분기 실적부담 제한적…비중확대 기회로,POSITIVE
무차입 공매도 골드만삭스에 과태료 75억원…사상최대,NEGATIVE
한국전력 이틀째 사상 최고가 행진,POSITIVE
돈 잘버는 아마존 밋밋한 매출에도 최대 순익,POSITIVE
코스피 기관 매수에 2220대 진입…넉달여 만의 최고,POSITIVE
이탈리아 중앙은행 총재 재정지출 확대 경제 문제 해결책 아냐,NEUTRAL
네이버 작년 4분기 영업익 2천133억원…전년 대비 26.7% 하락,NEGATIVE
한은 별관신축 기술협의 완료…2022년 완공 목표,NEUTRAL
은성수 조선 기자재 업체 적극 지원…경쟁력 제고 돕겠다,NEUTRAL
인사 잡음 신한지주 52주 신저가,NEGATIVE
실리콘밸리 엔젤투자 90%는 실패 그래도 계속한다,NEGATIVE
신흥 물류시장 개척…현대글로비스 해외조사단 파견,POSITIVE
전월세 보증금 등 금융기관 보관…안심거래 상품 나온다,NEUTRAL
유엔 대북수해지원금 추가 편성…총액 48억원,NEUTRAL
예탁원 엔화·유로화·일본국채도 적격담보 인정,NEUTRAL
삼성전자 스마트폰 3분기 국내 점유율 1워,POSITIVE
유영민 통신공사업체 임금인상·정규직화 필요…업계 난색,NEGATIVE
앞으로 6년간 국내 모바일 트래픽 10배 급증 예상,POSITIVE
KT 28GHz 기업전용 5G 네트워크 개발 성공,POSITIVE
금감원 보험 국제기준 워크숍…감독체계 개편안 소개,NEUTRAL
손병두 신임 금융위 부위원장…정통 금융정책통,NEUTRAL
KT 5G 네트워크 기반 자율주행 시장 진출,POSITIVE
현대중공업 1분기 영업손실 1천238억원…적자전환,NEGATIVE
추위도 이긴 분양 열기,POSITIVE
1발에 3천500만원…폭죽값 인상에 부산불꽃축제 울상,NEGATIVE
조이시티 작년 실적 부진에 하락,NEGATIVE
두바이유 3달러 넘게 하락…배럴당 26달러대,NEGATIVE
삼성페이 국내 가입자수 1천만명 돌파,POSITIVE
한국은행 산은 지원에 신중…정당성 검토 필요,NEUTRAL
우리금융 그룹통합 자금세탁방지 정책 도입,NEUTRAL
KB증권 종합소득세 신고대행 서비스 제공,NEUTRAL
코스닥 급락 충격 딛고 3.85% 반등…장중 사이드카 발동,NEGATIVE
미국 주택건설 경기 둔화…2월 착공 8.7% 감소,NEGATIVE
금투협 하반기 증시 대전망 콘서트 세미나,NEUTRAL
광동제약 70억원 규모 자사주 취득 결정,NEUTRAL
투교협 건설 부동산 분석·전망 수요강좌,NEUTRAL
디지털 콘텐츠 사고파는 네이버 OGQ마켓 개점,POSITIVE
지와이커머스 종속회사 회생절차 개시 신청,NEGATIVE
오리온 올해도 두자릿수 이익 성장 기대,POSITIVE
지난해 서울 아파트값 8% 올라…12년 만에 최대 상승,POSITIVE
한은 종부세 개편 집값·건설투자 영향 크지 않을 듯,NEUTRAL
삼성증권 1분기 영업이익 1천496억원…17% 감소,NEGATIVE
BGF리테일 편의점 도시락 매출로 실적개선,POSITIVE
삼성중공업 자구안에 유상증자 포함…그룹지원 가능성 열어둬,NEGATIVE
은행주 담합 의혹에 하루만에 약세,NEGATIVE
코스닥벤처펀드 설정액 2조4천억원 넘어…증가세는 둔화,NEGATIVE
두산 수소 연료전지 활성화 수혜…목표가 상향,POSITIVE
핀테크 산업 규제 혁신…세계적 유니콘 키울 환경 만든다,POSITIVE
키움증권 글로벌 투자전략 특집방송,NEUTRAL
삼성중공업 에너지절감장치 글로벌 선박에 속속 탑재,POSITIVE
키움증권 온라인 주식거래 고객 경품 이벤트,NEUTRAL
삼성전자 자유시점 영상 전송 성공,NEUTRAL
코스피 상승 출발…2060대 후반 강보합,POSITIVE
포스코 주당 1천500원 분기배당 결정,NEUTRAL
롯데정밀화학 올해 전 사업부 영업익 증가,POSITIVE
중앙오션 70억원 규모 전환사채 발행 결정,NEUTRAL
중도금 대출규제에도 분주한 분양시장,POSITIVE
페이코 청구서 서울시 지방세 고지·납부 서비스 시작,POSITIVE
삼성SDI 2분기 영업이익 1천573억원…2.94% 증가,POSITIVE
하이즈항공 161억원 B78710 조립 계약,POSITIVE
우리은행 3분기 영업이익 5천950억원…13.94% 감소,NEGATIVE
NH농협금융 부문장 경영협약 체결,NEUTRAL
과기부 10기가 인터넷 활성화 사업 공모,NEUTRAL
작년 국내은행 해외점포 순익 8억700만 달러…23.9% 늘어,POSITIVE
UAE 외국 투자자 6천800명에 첫 영주권 부여…33조원 유치,POSITIVE
저금리전셋값 급등 영향 아파트 거래 시가총액 증가,POSITIVE
하반기 경제 중도금 대출 규제 분양시장 냉각 우려,NEGATIVE
삼성바이오로직스 공모가 13만6천원 확정,NEUTRAL
공인 정보보호 인증 1개로 통합한다…기업 부담 줄 듯,POSITIVE
삼성SDS 3분기 연결영업익 1천706억원…41.9% 증가,POSITIVE
상반기 월세거래 아파트 비중 40.5%…전년비 3.6%p 상승,POSITIVE
알서포트 주당 10원 결산배당 결정,NEUTRAL
아이씨디 117억원 규모 AMOLED 제조장비 공급 계약,POSITIVE
현대글로비스 자동차 화물선 전도 사고에 약세,NEGATIVE
DB금융투자 금융소득종합과세 등 무료 신고대행,NEUTRAL
MBK 자금조달 기대감에 급등,POSITIVE
중기청 대·중소기업 구매상담회 개최,NEUTRAL
KT 데이터온 요금제 한 달 만에 가입자 50만 돌파,POSITIVE
삼성전기 MLCC 업황 회복 지연…목표주가 하향,NEGATIVE
코스피 2%대 하락 출발…2170대로 밀려나,NEGATIVE
KB금융 계열사 대표 재정비…KB증권 대표 후보에 박정림·김성현,NEUTRAL
가상화폐거래소 빗썸 매각 사실상 무산…잔금 납입 어렵다,NEGATIVE
에이치엘비 신약 기대감에 시총 5위 진입,POSITIVE
광주 아파트 청약 경쟁률 주춤,NEGATIVE
한전산업 476억원 규모 검침용역 계약,POSITIVE
KB국민카드 모바일 채팅으로 카드발급 심사하고 한도 증액,NEUTRAL
한화투자증권 타사 주식 입고 시 현금 지급 이벤트,NEUTRAL
모두투어 1분기 영업익 105억원…10.31% 감소,NEGATIVE
KB금융 은행·증권 복합점포 56개로 확대,POSITIVE
서울 아파트 반짝 거래 늘었지만 여전히 역대 최저,NEGATIVE
호텔신라 기대 이상 실적에 이틀째 올라,POSITIVE
리라화 하락 진정세…원달러 환율 3거래일 만에 하락 마감,POSITIVE
아이씨디 작년 호실적 소식에 오름세,POSITIVE
KTG 1월 영업이익 701억원…37% 감소,NEGATIVE
현정은 회장 현대엘리베이터 작년 연봉 27억원,NEUTRAL
국내 주식형 펀드서 엿새째 자금 순유출,NEGATIVE
과학기술심의 4년 뒤 연구개발특구 기업들 매출 100조 목표,NEUTRAL
28종 부동산 민원 온나라부동산포털서 한 번에 처리,NEUTRAL
주주들이 사외이사후보 추천해주세요…신한지주 두번째 공모,NEUTRAL
미세먼지 덕에… LG전자 신가전으로 1분기 실적 선방 기대,POSITIVE
한은 경제성장률 작년 3.1% 추정…올해 3.0% 전망,NEUTRAL
10대그룹 상장사 토지가액 73조…현대차 최고 땅부자,POSITIVE
LG생활건강 1분기 실적 호조…목표주가 상향,POSITIVE
구글·페이스북·아마존 독과점 해소 못 하면 미경제 위기,NEGATIVE
한샘 중장기 실적 성장 기대…목표주가 상향,POSITIVE
롯데하이마트 온·오프라인 동시세일 실시,NEUTRAL
대우건설 올해 3만1천여가구 분양…7년 연속 1위,POSITIVE
금호석유 2분기 호실적…주가 우상향 전망,POSITIVE
허창수 GS 회장 상반기 보수 53억원…작년보다 3억원 늘어,NEUTRAL
수수료 0% 배달의민족 바로결제 주문 85% 증가,POSITIVE
이스트소프트 서초동 사옥 매각 철회,NEUTRAL
지니언스 작년 4분기 영업익 27억원…15% 감소,NEGATIVE
오성엘에스티 무상감자·유상증자 소식에 신저가,NEGATIVE
코스피 사흘째 상승…기관 매수에 2090선 회복종합,POSITIVE
롯데렌탈 상반기 영업익 575억원…역대 최대,POSITIVE
투교협 수요강좌 100세 쇼크에 대비하라,NEUTRAL
김동연 SOC 예산 감축 후 문제 생기면 보완대책 마련,NEUTRAL
네이처리퍼블릭 오너 리스크에 상장 일정 발목,NEGATIVE
대한유화 실적개선 전망…목표가 37만원,POSITIVE
코스피 기관·외인 매수에 상승…장중 2070선 탈환,POSITIVE
한일 롯데제과 5대 메가브랜드로 해외 공동진출,POSITIVE
카카오택시 1천원 유료호출만으론 수요 해결 불가,NEUTRAL
작년 ICT업계 연봉킹은 황창규 KT 회장…24억3천600만원,NEUTRAL
동화기업 2분기 영업익 256억원 8.6% 감소,NEGATIVE
LG디스플레이 올해 1분기 영업적자 예상,NEGATIVE
합병 취소 에이치엘비생명과학 급락,NEGATIVE
동부건설 508억원 동두천 아파트 신축공사 수주,POSITIVE
피엘에이 공급계약 해지 소식에 약세,NEGATIVE
투교협 2019년 세계 경제 전망과 투자전략 수요강좌,NEUTRAL
KT 요금제 명칭에 부가세 포함 금액 표기,NEUTRAL
금투협 해외 ETF 교육과정 개설,NEUTRAL
금융위 초대 금융소비자국장에 최준우 국장,NEUTRAL
롯데건설 서비스부문 임원인사…하석주 롯데건설 대표 승진종합,NEUTRAL
롯데백화점 초코파이 하우스 팝업 행사,NEUTRAL
내일 파업이라고요 국민은행 고지없어 몰랐던 고객 화들짝,NEGATIVE
조선빅3 릴레이 수주 낭보…불황터널 벗어나나,POSITIVE
리니지M 사용자 1인당 월 20만8천원 지출,NEUTRAL
신성에프에이 작년 영업익 93억원…192% 증가,POSITIVE
코엔텍 최대주주 변경 주식양수도 계약,NEUTRAL
두산테크포럼 개최…계열사간 연구성과 공유,NEUTRAL
동양생명 2분기 깜짝실적…목표주가 상향,POSITIVE
SOil 1조2천억원 경유·납사·항공유 공급계약,POSITIVE
HDC현대산업개발 HDC 외 9인으로 최대주주 변경,NEUTRAL
정보통신기술진흥센터 ICT 기술 개발에 625억 지원,NEUTRAL
카카오 수익성 둔화 분석에 하락세,NEGATIVE
돌아온 기관 매수세…코스피 장중 2480선 회복,POSITIVE
바이오헬스 투자 강화…7개 기술 분야 10대 분야로 개편,POSITIVE
아이폰8 예약판매 초반 열기 전작보다 못해…70% 수준,NEGATIVE
가짜에 속지 마라…금융시장 대붕괴 위기 온다,NEGATIVE
현대증권 작년 영업익 2천971억…648.5% 증가,POSITIVE
창원 마산합포 부영 아파트 4천298가구 분양,NEUTRAL
빙그레 폭염에 빙과 수요 증가…매수,POSITIVE
안전자산 금값 역대 최고가…KRX금시장 거래량 최대,POSITIVE
미국산 쇠고기 수입액 사상 첫 10억 달러 돌파,POSITIVE
KT 차기 회장 후보군 9명으로 압축…오늘 중 명단 공개,NEUTRAL
국토부 공공지원민간임대 2천채 공급 민간제안사업 공모,NEUTRAL
영국 스타 셰프 방송 등 부업으로 배당 77억원…본업 식당은 파산,NEGATIVE
조달청 해외조달시장 진출 유망기업 19곳 지정,NEUTRAL
경북 아파트값 2주간 0.04% 하락,NEGATIVE
삼성전자 프리미엄 AP 엑시노스 9 양산,POSITIVE
이수화학 500억원 전환사채 발행 결정,NEUTRAL
금감원장 혁신분야로 과감하게 자금 공급해야,NEUTRAL
금호석유 합성고무 시황 부진…투자의견 부정적,NEGATIVE
우리은행 직원성과 평가지표서 비이자이익 없앤다,NEUTRAL
새로운 디지털 경제를 그리다,NEUTRAL
SH공사 말레이시아 주택공사와 공공주택 분야 협력,POSITIVE
임대료 시세의 80% 서울시 첫 사회주택 연말 입주,NEUTRAL
코스메카코리아 2분기 실적회복…목표가 상향,POSITIVE
국내 주식형 펀드 나흘 만에 자금 순유출,NEGATIVE
영국 국립병원 개선에 특별예산 2조6천억 편성키로,NEUTRAL
신세계 호실적에 주가도 매력적,POSITIVE
CJ제일제당 주당 3천원 현금배당 결정,NEUTRAL
LGU 5G 체험단 유플레이어스 2천명 운영,NEUTRAL
스마일게이트 스타트업 투자 위해 40억 규모 펀드 개설,NEUTRAL
국내 주식형 펀드서 11거래일째 자금 순유출,NEGATIVE
코트라 초호화 투자유치 행사…실제 계약은 초라,NEGATIVE
텔콘 보통주 1주당 1주 무상증자 결정,NEUTRAL
정부 한국형 주거비부담지수 분기별 발표 검토,NEUTRAL
AI·로봇 등 4차 산업혁명 분야 RD 투자 50% 늘린다,POSITIVE
종근당바이오 작년 영업익 80억원…흑자전환,POSITIVE
다가온 서울 신규면세점 입찰…경쟁 본격화,NEUTRAL
메가엠디 자회사 합병에 급등,POSITIVE
에프엔비 4분기 영업적자 12억원…적자 확대,NEGATIVE
웅진에너지 430억원 규모 제3자배정 증자 결정,NEUTRAL
삼성중공업 올해 수주 전무…보수적 접근해야,NEGATIVE
내년 코스피 전망치,NEUTRAL
삼성SDS 자사주 매입 고려 안 한다 발표에 약세,NEGATIVE
두바이유 가격 반등…40달러대 턱걸이,POSITIVE
테스 1분기 영업이익 103억원…177% 증가,POSITIVE
NH투자증권 발행어음 미래 신규 수익에 긍정적,POSITIVE
엔터메이트에 주가급락 조회공시 요구,NEGATIVE
정부 알뜰폰 13%까지 확대…25% 싼 데이터요금제 출시,NEUTRAL
중앙오션 11억원 규모 조선 블록 공급계약,POSITIVE
국고채 금리 일제히 하락…3년물 연 2.082%,NEGATIVE
정부 한국GM 정상화에 7.7조 투입…회생안 최종합의,NEUTRAL
롯데정밀화학 1분기 영업손실 212억…적자폭 확대,NEGATIVE
김동연 환시개입 순거래 공개 견지…총액 공개 안할듯,NEUTRAL
미원상사 1주당 1천원 분기배당,NEUTRAL
코오롱글로벌 1천68억원 규모 주택 신축공사 수주,NEUTRAL
금리 우대 부동산 전자계약 서울 전역으로 확대,POSITIVE
바이오 창업 활성화한다…1천135억 펀드 새로 조성,POSITIVE
삼성증권 판매 10위권 달러채권 올해 수익률 10% 넘어,POSITIVE
현대중공업 유상증자 청약률 108%…1조2천350억원 조달 성공,POSITIVE
한미반도체 74억원 반도체 제조장비 공급계약,POSITIVE
서울 아파트 주간 전셋값 상승폭 2년 만에 최저,NEGATIVE
2분기 세계 스마트워치 판매 1천230만대…44% 고성장,POSITIVE
북한 작년 GDP 1.1% 감소 추정…5년만에 마이너스 성장,NEGATIVE
아이폰8 첫날 10만대 개통 추정…전작의 60∼70%,NEGATIVE
KEB하나은행 부스 둘러보는 최종구 금융위원장,NEUTRAL
2017 증시 대외변수가 관건…투자매력 1순위 IT주,POSITIVE
대한제분 작년 영업익 362억원…18.1% 감소,NEGATIVE
한미반도체 주당 250원 현금배당 계획,NEUTRAL
대출금리 산정 변화 은행 이익에 영향 제한적,NEUTRAL
코스피 기관 팔자에 약세…코스닥 8일만에 숨고르기,NEUTRAL
코스피 기관 팔자에 약세…코스닥 9일만에 숨고르기,NEGATIVE
화웨이 Y6 출시 보름 만에 판매 1만대 돌파,POSITIVE
LG상사 2분기 영업익 544억원…39% 증가,POSITIVE
올해 대형주 매력 부각…외국인 순매수,POSITIVE
에너전트 204억원 ESS 솔루션 공급계약에 급등,POSITIVE
금융사 제재도 재판처럼…2일부터 대심제,NEUTRAL
국내 최대 복합단지 청주 지웰시티 마지막 분양,NEUTRAL
우리금융지주 회장은행장 겸직…새 회장에 손태승 행장 내정,NEUTRAL
은성수 DLF사태 사실확인 우선…불완전판매시 손실보상해야,NEUTRAL
제3인터넷은행 2020년 출범,NEUTRAL
관리종목 해제 대우조선해양 강세,POSITIVE
강원랜드 실적 부진에 급락,NEGATIVE
라면 수출 질주…올해 4억달러 첫 돌파 확실시,POSITIVE
NHN엔터 2분기 영업익 99억원…4.1% 하락,NEGATIVE
해운사 정부지원책 밝혀야 해운동맹 협상서 유리,NEUTRAL
인크로스 성장 전망 밝아…목표가 6만원,POSITIVE
미래에셋대우 All Ways 해외주식 이벤트,NEUTRAL
GS리테일 실적 기대 못 미쳐…목표가 하향,NEGATIVE
중소기업 경기전망지수 3개월째 하락…최대애로는 인건비 상승,NEGATIVE
휠라코리아 4분기부터 성장세 둔화 전망…목표가 하향,NEGATIVE
집계약 했는데 대출 막히나요…규제 첫날 은행 문의 이어져,NEUTRAL
한국운용 벨기에 정부기관 건물 투자 펀드 출시,NEUTRAL
문화누리카드 2월1일부터 전국 발급…164만명 7만원 혜택,NEUTRAL
크라운제과 인적분할·지주사 전환 결정에 급등,POSITIVE
윤호중 일본 수출규제로 한일 항공노선 운항 최대 34% 축소 전망,NEGATIVE
코스피 2220대 강보합 마감,POSITIVE
삼정KPMG 12일 IPO 성공전략 세미나,NEUTRAL
SK증권 최고 6% 수익추구 ELB 등 2종 공모,NEUTRAL
원익 모멘티브 인수 검토중이지만 결정된 사항 없어,NEUTRAL
금투협 금투업계 특화 비즈니스 영어교육,NEUTRAL
금투협 NPL 가치평가 교육 과정,NEUTRAL
삼양홀딩스 보통주 1주에 1천500원 현금배당 결정,NEUTRAL
부동산부터 상속 전략까지 KB금융 자산관리 자문센터 열어,NEUTRAL
KB금융 연봉 약 1억3천만원…은행·보험·카드업계 1위,NEUTRAL
은행주 저가 매수세에 동반 상승,POSITIVE
NHN엔터 3분기 영업이익 23억원…흑자전환,POSITIVE
SKT AI 누구로 스타벅스 커피 주문한다…연내 서비스 개발,NEUTRAL
하나투어 올해 사상 최대 이익 기대,POSITIVE
KT 수능 수험생에 6개월간 데이터 무제한 요금제 할인,NEUTRAL
정부 잇단 규제에도…작년 은행 주택대출 15조 이상 늘어,NEUTRAL
키움증권 대학생 주식 모의투자대회 시상식,NEUTRAL
LH 영종하늘도시 공동주택용지 등 20필지 분양,NEUTRAL
네이버 CEO 아름다운 바통 터치,NEUTRAL
코스피 외국인·기관 동반 매수에 장중 1980선 회복,POSITIVE
LS산전 신사업 성장에 실적 증가…목표가 상향,POSITIVE
드라기 인플레율 기대 못 미쳐…추가 부양조치 시사,NEUTRAL
삼호 1천551억원 주택재건축정비사업 계약,POSITIVE
라인 공모가 범위 결정 28일로 하루 연기,NEUTRAL
대림산업 9천100억원 규모 주택재개발 공사 수주,POSITIVE
김경협 작년 자영업자 폐업률 11%…2005년 이래 최저,POSITIVE
NHN 기업 클라우드 시장 본격 공략…미국과 일본도 진출,POSITIVE
스냅 IPO 후 첫 실적 발표 최악…주가 22% 폭락,NEGATIVE
삼성 스마트폰 애플·중국 3사 사이 샌드위치…세계 1위 내줘,NEGATIVE
LG 자회사 MA 추진에 성장동력 확보,POSITIVE
디씨엠 작년 영업익 166억원…14.8% 하향,NEGATIVE
SK텔레콤 4분기 실적 기대이하…목표가 하향,NEGATIVE
CJ CGV 3분기 실적 부진…목표가 하향,NEGATIVE
청년가구 소득·자산증가 둔화세…주거소비 취약,NEGATIVE
원달러 환율 소폭 상승…금융시장 불확실성 여전,NEGATIVE
주식 매도 삼성증권 직원 16명 잘못된 선택에 수억원 물어낼 듯,NEGATIVE
남북경협주 북한 미사일 발사에 동반 하락,NEGATIVE
2016 경제 반복된 정경유착 논란…해체 기로 전경련,NEGATIVE
현대로템 4분기 실적 저조…목표주가 하향,NEGATIVE
국내 주식형 펀드 8일 만에 자금 순유출,NEGATIVE
4대 은행 글로벌 순익 올해 사상 첫 1조원 돌파 전망,POSITIVE
아이엔지생명 MA 모멘텀 둔화…목표가 하향,NEGATIVE
올해 3분기 북미 교역액 작년 대비 97% 감소,NEGATIVE
코스피 장중 2060대 뒷걸음…코스닥은 700선 내줘,NEGATIVE
국제유가 공급증가 전망에 급락…WTI 40달러대 턱걸이,NEGATIVE
모두투어 1분기 영업이익 91억원…3.53% 감소,NEGATIVE
바이오로직스 상장 재료에도 삼성물산 주가 약세,NEGATIVE
현대산업 깜짝 실적 기대,POSITIVE
아프리카TV 2분기 영업익 61억원…43% 증가,POSITIVE
CJ CGV 3분기 실적 우려에 신저가 행진,NEGATIVE
한국타이어 1분기 영업익 1천844억원…20.6% 감소,NEGATIVE
증권가 올해 삼성전자 연 매출 200조·영업익 30조원 재돌파,POSITIVE
한국특수형강 작년 영업손실 197억원…적자전환,NEGATIVE
대한항공 항공우주사업 성장 둔화…목표가 하향,NEGATIVE
코스맥스 유상증자로 단기적 주가하락 불가피,NEGATIVE
2016 경제 떨어진 활력…아직도 먼 소득 3만달러,NEGATIVE
셀코리아 본격화되나…외국인 엿새째 코스피 팔자 행진,NEGATIVE
이마트 3분기 호실적에 급등,POSITIVE
삼성전자 2분기 부진…목표가 하향,NEGATIVE
저유가 못버티고…글로벌 석유회사 파산 도미노,NEGATIVE
현대증권 올해 주식 기대치 낮춰야,NEGATIVE
브렉시트 우려 탓…닛산 영국 투자계획 철회 움직임,NEGATIVE
백기사 델타항공 지분 매입에 한진칼 약세,NEGATIVE
국내 주식형 펀드서 18거래일째 자금 순유출,NEGATIVE
에스원 2분기 영업익 445억원…11% 감소,NEGATIVE
금호산업 저평가 요인 해소…주가 상승 기대,POSITIVE
코오롱플라스틱 1분기 영업익 34억원…16% 감소,NEGATIVE
NH투자증권 4분기 실적 부진…목표가 하향,NEGATIVE
LG화학 연매출 20조원 수성…수익성 대폭 개선,POSITIVE
롯데하이마트 작년 영업익 1천602억원…11% 상향,POSITIVE
쑥쑥 크던 ETN 올들어 주춤…하루 거래대금 11% 감소,NEGATIVE
대구 아파트 전세가율 대도시 중 유일하게 하락세,NEGATIVE
불확실한 미래 한진칼 대차거래 1위…공매도 40배 급증,NEGATIVE
삼성전자 엿새 만에 약세 전환,NEGATIVE
코오롱플라스틱 3분기 영업익 79억원 56.9% 상승,POSITIVE
SKT 1분기 매출·영업익 동반 감소…전망치 하회,NEGATIVE
두산솔루스 분할상장 나흘째 상한가,POSITIVE
포스코 업황 우려 지나쳐…매수,POSITIVE
KTG 주가·배당 매력 두드러져,POSITIVE
소재부품 상반기 수출 1천218억달러…전년 대비 9.2% 감소,NEGATIVE
재건축 규제 신규 분양시장에 긍정적,POSITIVE
두산 연료전지·소재사업 분할에 강세,POSITIVE
중국 기업 골든센츄리 상장 첫날 약세,NEGATIVE
GS건설 2분기도 호실적…목표가 상향,POSITIVE
대림산업 2분기 호실적…목표주가 상향,POSITIVE
거래소 휴온스 분할 재상장 승인,POSITIVE
삼화콘덴서 MLCC 호황…목표가 상향,POSITIVE
화웨이 1분기 영업익 3배 뛰었지만…미국 제재로 전망 흐림,NEGATIVE
현대제철 2분기 실적 부진…목표주가 하향,NEGATIVE
아시아나항공 실적개선…목표가 상향,POSITIVE
메디아나 2분기 사상 최대 실적 예상,POSITIVE
LG생명과학 1분기 실적 기대 이상,POSITIVE
나이스신평과 한신평 현대로템 신용등급 하향,NEGATIVE
경동나비엔 3분기 실적 실망에 급락,NEGATIVE
삼성 갤노트10 국내 사전판매량 130만대…전작 대비 2배 증가,POSITIVE
작년 신용조회사 순익 28% 증가…기술신용평가 수익 덕분,POSITIVE
국내 주식형 펀드 하루만에 자금 순유입,POSITIVE
삼성전기 2분기 실적 기대 이하…목표가 하향,NEGATIVE
세운메디칼 2분기 영업익 38억원…14% 증가,POSITIVE
파인텍 흑자전환 소식에 강세,POSITIVE
코스피 사상 최고치 코스닥 15년9개월만에 910 돌파,POSITIVE
SK이노베이션 2분기 연결 영업익 8천516억원…103% 증가,POSITIVE
국내 주식형 펀드서 6거래일째 자금 순유출,NEGATIVE
아이리버 작년 영업익 3억…79.7% 감소,NEGATIVE
네이버 1분기 영업익 2천568억원 …32.1% 증가,POSITIVE
LG전자 가전마진 개선…실적 전망치 상향,POSITIVE
국내 클라우드SW 시장 2천억원…작년 35.1% 급증,POSITIVE
경남제약 작년 영업익 40억원…24.5% 감소,NEGATIVE
리드코프 2분기 영업익 110억원…5.76% 줄어,NEGATIVE
화신테크 작년 영업손실 74억원…적자확대,NEGATIVE
GS리테일 저평가 영역 진입…오름세,POSITIVE
대우조선 5조 회계사기·21조 사기대출…검찰 경영비리 수사,NEGATIVE
삼성 1분기 국내 스마트폰 시장 점유율 60%대 회복,POSITIVE
경남에너지 상장폐지 결정,NEGATIVE
코스피 닷새 만에 하락…2190대로 후퇴,NEGATIVE
애경산업 1분기 영업익 230억원…5% 증가,POSITIVE
포스코케미칼 2차전지가 성장 견인…매수,POSITIVE
삼성SDS 3분기 영업익 1천923억원…12.7% 상승,POSITIVE
아모레퍼시픽 신고점 경신 임박…목표가 상향,POSITIVE
CJ제일제당 저평가 매력 돋보여,POSITIVE
MMF 순자산 3월 한달간 13조 넘게 줄어,NEGATIVE
위안화 역내서 2011년 4월 이후 최저치로 개장,NEGATIVE
롯데 사상 첫 총수 부재 예상못해 충격…주요 사업 멈추나,NEGATIVE
한미약품 기술수출 신약 임상중단에 급락,NEGATIVE
인스타그램만 나홀로 성장…국내 이용률 15%P 급증,POSITIVE
SK증권 민앤지 가입자 증가 추세…실적 호조 기대,POSITIVE
유한양행 매출 신장 기대감에 상승,POSITIVE
코스피 대내외 리스크에 이틀째 장중 2000선 붕괴,NEGATIVE
6·19대책 효과 끝났나…서울 아파트값 오름폭 확대,POSITIVE
제주항공 1분기 호실적 기대감에 신고가,POSITIVE
코리안리는 숨겨진 남북 경협 수혜주,POSITIVE
9·13대책 영향 서울 주택가격 상승폭 절반 이하로 줄어,NEGATIVE
1분기 실적 전망 하락 코스피 하락 압력 증가,NEGATIVE
케이티스카이라이프 1분기 영업익 18% 감소,NEGATIVE
9월 증시 하루 8.5조원 거래…올해 들어 가장 저조,NEGATIVE
솔브레인 3분기 연결 영업이익 249억원…7.5% 감소,NEGATIVE
삼성 스마트폰 작년 영업익 12조 육박…3년만에 최대,POSITIVE
LG 스마트폰 부진의 늪…4분기 적자 폭 커져,NEGATIVE
농심 2분기 실적 기대 이하…목표가 하향,NEGATIVE
유비쿼스홀딩스 작년 연결 영업익 16억원…94% 감소,NEGATIVE
롯데하이마트 과매도 국면…실적도 회복 예상,POSITIVE
신세계인터내셔날 화장품 실적개선…목표가 상향,POSITIVE
기업은행 3분기 순익 3천819억원…작년 동기 대비 27% 감소,NEGATIVE
얼어붙은 세종시 부동산 시장,NEGATIVE
삼성전기 2분기 영업이익 152억원…84% 감소,NEGATIVE
원전 역할 감소세 뚜렷…세계 원전비중 21년새 17.5%에서 10.3%로 감소,NEGATIVE
BMW 끝나지 않은 불 자동차 오명…판매지장 불가피,NEGATIVE
엔씨소프트 올해도 안정성장…목표가 상향,POSITIVE
유바이오로직스 1분기 영업익 48억원…133.7% 증가,POSITIVE
작년 실적 호조에 은행주 콧노래,POSITIVE
자산운용사 1분기 순익 2천197억원…전분기의 4.7배,POSITIVE
한세실업 환율여건·주문량 양호…목표가 상향,POSITIVE
국내 주식형 펀드서 8거래일째 자금 순유출,NEGATIVE
외국인 한국채권 순매수 전환…자금 이탈 진정,POSITIVE
셀트리온 작년 영업익 5천174억 사상 최대…1년새 2배,POSITIVE
위험자산 기대 수준 과해…잠시 관망할 필요,NEGATIVE
유럽증시 4거래일 만에 반등…프랑스 1.59% 상승,POSITIVE
엔터테인먼트 업종 악재 줄이어…투자의견 부정적,NEGATIVE
대신증권 실적발표 기업 4분기 순익 전망치 32% 하회,NEGATIVE
로엔 올해도 성장세 지속…매수 추천,POSITIVE
대진침대 현금자산 바닥…라돈침대 배상액 많아야 18만원,NEGATIVE
현대상선 3분기 영업손실 2천303억원…적자 지속,NEGATIVE
셀트리온 3형제 외국계 보고서 충격에 하락 지속,NEGATIVE
포스코 원가 상승 부담 지속…목표주가 하향,NEGATIVE
GS홈쇼핑 영업익 증가세 지속…목표가 상향,POSITIVE
정유업종 1분기 깜짝 실적 가시화,POSITIVE
코스피 브렉시트 우려 완화에 7일만에 찔끔 상승,POSITIVE
키움운용 키움 히어로즈 펀드 판매,NEUTRAL
씨에스윈드 작년 영업익 352억원…흑자전환,POSITIVE
연휴·대선 끝나니 서울 아파트값 상승폭 커져,NEUTRAL
김동연 최저임금 인간다운 삶 위한 것…장관들 한 목소리종합2보,NEUTRAL
한화투자 美 장단기 금리차 축소 경기침체 전조는 아냐,NEUTRAL
KTB증권 기준금리 인하 건설업에 긍정적,POSITIVE
시중은행 주택담보대출 변동금리 4.9% 육박,NEUTRAL
태광 작년 영업익 45억원…22.7% 증가,POSITIVE
링카 암호화폐·신용카드 자유롭게 결제 디앱 PG 개발,NEUTRAL
LG유플러스 드론사업 진출…클라우드 관제시스템 사업화,NEUTRAL
뇌관으로 떠오른 누리과정 예산…올해 예산전쟁 전망은,NEUTRAL
현대硏 경기 침체국면 진입…급격한 불황 가능성 우려,NEGATIVE
특징주 삼성엔지니어링 대규모 수주에 강세,POSITIVE
LGU 조직개편 통해 디지털 전환 컨트롤타워 신설,NEUTRAL
에버코어 대표 한국 대기업들 해외 MA 늘릴 것,NEUTRAL
전경련 외국기업은 투자 혜택 받는데…국내기업 역차별 말아야,NEUTRAL
석유·광물공사 구조조정에도 재무상태 악화…특단 대책 시급,NEGATIVE
팩트체크 11억원 아파트 종부세가 2400cc 자동차세보다 작다,NEUTRAL
스마트콘텐츠 중소기업에 올해 61억원 지원,NEUTRAL
아시아 통화 강세에 연동…원달러 환율 5.6원 하락,POSITIVE
5월 ICT 수출 역대 최대…작년 대비 17.4% 증가,POSITIVE
특징주 1분기 실적부진 한샘…신저가 직행,NEGATIVE
벼랑끝 한국 조선…그래도 지금은 세계 14위 독식,NEGATIVE
이해찬 포용적성장으로 4만달러시대…새시대 대전환 필요종합,NEUTRAL
은행·카드사 일본서 빌린 돈 17조…당국 만기 점검 착수종합,NEUTRAL
씨에스윈드 최대 4천300억원 규모 풍력타워 공급계약,NEUTRAL
저축은행 체크카드도 페이북 QR결제…48개사 참여,NEUTRAL
KEB하나은행㈜대한상인 업무협약 체결,NEUTRAL
보험사 해외채권 투자 확대…보유액 200조원 돌파할 듯,NEUTRAL
연말정산 대표 금융상품 개인형 퇴직연금 15조원 돌파,NEUTRAL
삼성전자 프리미엄 태블릿 갤럭시탭S4 출시,NEUTRAL
삼성 중국 5G시장 공략…노트10 이어 4분기 플립폰도 출시,NEUTRAL
국회 지방재정특위 2018년까지 지방소비세율 16%로 인상,NEUTRAL
현대오토에버 28일 코스피시장 신규상장,NEUTRAL
웅진씽크빅 1분기 영업익 55억원…22.6% 감소,NEGATIVE
브렉시트 우려 속 영국 1분기 GDP 부진…0.4% 증가,NEGATIVE
모베이스 작년 연결 영업익 201억원…53%하락,NEGATIVE
갤럭시S8 1대 팔면 얼마 남을까…원가는 34만9천원,NEUTRAL
NH투자 美장단기 금리차 역전 경기침체로 보기 어려워,NEUTRAL
부동산캘린더 비수기 잊은 분양시장…내주 9곳 청약,POSITIVE
삼성증권 투자자피해 보상 착수…사고시간·금액이 쟁점,NEUTRAL
국내 주식형 펀드 나흘 만에 자금 순유입,POSITIVE
한낮 카풀 놓고 서울시스타트업계 충돌…위법성 논란종합,NEUTRAL
현대로템 방글라데시에 2천712억원 규모 기관차 공급계약,NEUTRAL
그래픽 수출 주력품목 13개 중 9개 수출 줄었다,NEUTRAL
카카오게임 음양사 예약 100만 돌파,POSITIVE
한국투자 상반기 주식시장 화두는 기업 구조조정,NEUTRAL
국고채 금리 20년 이상물 빼고는 소폭 하락,NEGATIVE
한진해운 컨테이너선 1척 추가 하역…가압류 선박도 1척 추가,NEUTRAL
제주은행 500억원 규모 코코본드 발행 결정,NEUTRAL
특징주 파라텍 최대주주 지분매각 추진에 급등,POSITIVE
코스피 기관 사자에 찔끔 상승…2357.88,POSITIVE
은행 연체율 0.36%…2014년 통계개편후 최저,POSITIVE
집값 더 내린다 서울 아파트 시장 매매 대신 전세로,NEGATIVE
코스닥 오늘은 너무 올라서 사이드카,POSITIVE
한국GM 전략 중형 SUV 이쿼녹스 출시,NEUTRAL
조배숙 일자리 지키기 추경이면 긍정적…일자리 만들기는 안돼,NEUTRAL
애플 가로수길 개장 이틀 앞두고 내부 공개…경계 허물어,NEUTRAL
HSD엔진 295억원 규모 선박용 엔진 공급 계약,NEUTRAL
부동산캘린더 1월 마지막 주 분양시장 한산…6곳서 청약,NEUTRAL
황창규 회장 시장에서 싸우는 방식 달라졌다,NEUTRAL
한국MS 오픈소스 시장 19조원 규모…개발 생태계 활성화,POSITIVE
아시아나항공 1분기 영업이익 587억원…23.7%하락,NEGATIVE
서울·광주·대구는 전국 평균보다 높게 상승…공동주택 공시가,POSITIVE
코스피 사흘째 상승…한달 만에 2100선 마감종합,POSITIVE
대신증권 파트론 4분기도 실적 부진…목표주가하락,NEGATIVE
KDI 경기둔화 공식화…내수부진으로 전반적 경기 다소 둔화,NEGATIVE
SK텔레콤 글로벌 IT업체들과 5G 공동 협력방안 논의,NEUTRAL
방한 유커 63% 급감했다…올해 400만명 이상 감소 전망,NEGATIVE
회계 개혁 간담회 참석한 손병두 금융위 부위원장,NEUTRAL
알뜰폰 평생 반값…대용량 데이터 요금 출혈 경쟁,NEUTRAL
NH투자증권 보통주 1주당 500원 현금배당 결정,NEUTRAL
특징주 고배당주 배당락 효과에 줄줄이 급락종합,NEGATIVE
지난달 한국 찾은 외국인 관광객 110만명…전년보다 15.6%상승,POSITIVE
하나금투 미중 무역협상 3분기 스몰딜 타결 유력,NEUTRAL
삼성전자 올해 임금 2.9% 올리기로,NEUTRAL
코스닥 16년만에 900선 돌파…1000선 도달 가능할까,POSITIVE
두바이유 가격 이틀째 하락…배럴당 44달러 선으로,NEGATIVE
대우조선 1조원 걸린 소난골 인도 또 지연…올해 넘길 듯,NEGATIVE
중소기업계 대기업 임금인상 협력업체에 부담,NEGATIVE
특징주 삼성전자 사상 최대실적·배당 발표 후 반등,POSITIVE
한국쉘석유 주당 1만8천원 현금배당 결정,NEUTRAL
아모레퍼시픽 말레이시아 생산법인 설립에 1천100억 출자,NEUTRAL
한일진공 美 생명과학업체 지분 1.99% 취득,NEUTRAL
네이버 내년이면 창사 20주년…첫 경영백서로 심기일전,NEUTRAL
특징주 애경유화 외국인 매수에 사상 최고가,POSITIVE
다우키움그룹 인터넷전문은행 재도전 않기로,NEUTRAL
로엔엔터 드라마시장 진출…도깨비 제작사와 공동 투자,NEUTRAL
게시판 유진투자 내 보유주식 기 살리기 이벤트,NEUTRAL
한국거래소 2018 글로벌 ETP 컨퍼런스 개최,NEUTRAL
미중 협상 불확실성에 원달러 환율 2.7원 반등 마감,POSITIVE
아람코 IPO 블록버스터급은 아냐…기업가치 2천조원,NEGATIVE
ETF 순자산 총액 21조원 돌파,POSITIVE
NHN엔터 2분기 영업익 4.1% 감소한 99억원…매출 2천249억종합2보,NEGATIVE
게시판 쌍용차 2019 영업 마에스트로 워크숍,NEUTRAL
KT 차기 회장 이번 주 윤곽 나온다…26일 후보 9명 심층면접종합,NEUTRAL
금감원 금융아카데미 심화과정 신청 접수,NEUTRAL
고동진 갤럭시S9 판매 좋다…노트9 전작보다 잘 팔릴 것,POSITIVE
뉴욕증시 거래량 감소 속 소폭 하락 출발,NEGATIVE
코스피 이탈렉시트 우려 완화에 반등…2420선 회복,POSITIVE
한국증시 작년 시총 증가율 38%로 세계 3위,POSITIVE
LG V30 내일 국내 출시…이통사 카드할인·경품행사 풍성종합,NEUTRAL
유비케어 30억원 규모 자사주 취득 신탁계약,NEUTRAL
미래에셋대우 8년 연속 DJSI 월드 기업에 선정,POSITIVE
스타벅스 안호이저부시와 손잡고 즉석차茶 시장 진출,POSITIVE
서울 아파트 전셋값 상승 전환…이사철 수요 움직이나,POSITIVE
기업은행 지정대리인 위탁 고객 서비스 출시,NEUTRAL
쌍용자동차 2018 영업 마에스트로 워크숍,NEUTRAL
삼성전자TF 압수수색…분식회계·증거인멸 윗선 추적,NEGATIVE
대한건설협회 정기총회 혁신성장 주도해 건설산업 활력 제고,NEUTRAL
서울시 역세권 청년주택 권역별 15∼25일 설명회,NEUTRAL
부도 송인서적 24일 법원에 기업회생절차 신청한다,NEGATIVE
스포티지 유럽서 통했다…39년만에 월간 최다 판매,NEUTRAL
농협금융 중국·동남아 보험시장 진출 추진,POSITIVE
삼성 스마트폰 위기…내년 세계점유율 10%대 하락,NEGATIVE
LG유플러스 협력사 제안의 날 개최…아이디어 9건 채택,NEUTRAL
한국거래소 개인 파생상품 시장 진입 요건 완화 추진,NEUTRAL
노무라 韓성장률 2.4%→1.8% 전망 하향…금리 인하할 듯,NEGATIVE
한은 소비 등 내수 개선…완만한 성장세 이어갈 것,POSITIVE
디딤돌 대출에도 모기지신용보증 지원,NEUTRAL
케이뱅크 자본금 4천775억원으로 증자…대출 중단 없이 영업,NEUTRAL
박정원 두산 회장 상반기 보수 17억원…작년의 2배,NEUTRAL
대부업 최고금리 24%로 인하…서울시 불법대출 집중 단속,NEUTRAL
포티스 100억원 출자…신기술사업금융업체 설립,NEUTRAL
한국선재 작년 영업익 28억…50.24% 감소,NEGATIVE
수은 등 10개 공공기관 카드사 지원받아 직원 해외여행,NEUTRAL
제7차 창조경제 민관협의회 성과 창출 방안 논의,NEUTRAL
증시 시가총액 2천조 시대…10년7개월 만에 두 배,POSITIVE
이재갑 내년 최저임금에 우려 있을 것…근로장려세제 등 강구,NEGATIVE
SK텔레콤 휴가철 트래픽 대책수립,NEUTRAL
금융위 최은영 의혹 규명에 강제조사권 발동할까,NEUTRAL
신한금투 작년 1위 PB 직원 선정…고객 수익률 10.6%,NEUTRAL
태광실업 베트남에 세 번째 신발공장 착공,NEUTRAL
게시판 NH투자증권 23일 100세시대 아카데미 1월 강좌,NEUTRAL
우체국 알뜰폰 40대 이상이 많이 산다…수도권 판매량이 절반,NEUTRAL
올릭스 18일 코스닥 신규 상장,NEUTRAL
삼성전자 임원 인사…멈춰선 경영 시계 다시 움직이나종합,NEUTRAL
은행 주택담보 생활자금·무주택자 고가주택대출 취급 중단,NEUTRAL
상승 마감한 코스피,POSITIVE
신한은행장 올해는 디지털 영업의 원년,NEUTRAL
화천기계 2분기 영업익 4억원…242.7% 증가,POSITIVE
키움증권 호텔신라 면세점 매출 증가…목표주가상승,POSITIVE
구글 작년 국내 매출 최대 5조원 육박 추정,NEUTRAL
캠코 제주도 주차장 등 47억원 규모 국유부동산 공매·대부,NEUTRAL
미래에셋대우 연금자산 10조원 돌파,NEUTRAL
작년 외국은행 국내지점 순익 6천807억원…10.6%하락,NEGATIVE
통신3사 유심칩 독점유통으로 1천173억 과다 이익,NEUTRAL
애플 앱스토어에 이통사 소액결제 도입…추가 수수료 없어,NEUTRAL
알뜰폰 자급제로 활로 찾기…파격 요금제·단말 확대,NEUTRAL
코스피·코스닥 나란히 올 들어 최고치 마감,POSITIVE
30대 그룹 협력사 현금결제 늘리고 대금지급 앞당겨,NEUTRAL
증시신상품 KB자산운용 KB달러표시아시아채권펀드,NEUTRAL
호주 가구 평균 자산 100만 달러 첫 돌파…양극화 현상 심각,NEGATIVE
게시판 한화투자 큐리지널서 재무 정보 제공,NEUTRAL
이에스에이 120억원 규모 3자배정 유상증자 결정,NEUTRAL
건설 체감경기 회복세…CBSI 4개월만에 상승 전환,POSITIVE
이대훈 농협은행장 중국·호주 진출 추진 현지출장,NEUTRAL
우리·농협은행 독립유공자 후손들에게 후원금 전달,NEUTRAL
그래픽 삼성바이오로직스 회계처리기준 위반 주요 일지,NEUTRAL
한국기업 단기차입금 비중 42%…주요 41개국 중 5번째,NEUTRAL
더존비즈온 작년 영업이익 290억원…41%상승,POSITIVE
LG G7 씽큐 전작보다 싸졌다…출고가 89만8천700원,NEUTRAL
BNK금융그룹 지역경제 살리기 나선다,NEUTRAL
황창규 KT 회장 핵심사업 성장 돌파구 찾을 수 있다,NEUTRAL
미래에셋대우 작년 영업익 5천116억원…18.5% 감소,NEGATIVE
한일단조 주당 100원 현금배당 결정,NEUTRAL
세받는 단독·다가구도 주택연금…월세·연금 동시에 받는다,NEUTRAL
금융꿀팁 외화보험은 환테크 상품…잘못하면 낭패본다,NEUTRAL
CJ ENM 2분기 영업익 968억원…22.3% 증가종합2보,POSITIVE
연체 예상되면 신용대출119로…2년간 35만명 지원,NEUTRAL
카카오페이지 15일 거래액 10억 넘어…하루 최고 기록,POSITIVE
이주열 대내외 여건 만만치 않아…경제 낙관 어려워,NEUTRAL
카카오 2분기 최대 매출에도 투자 부담에 수익성 털썩종합2보,NEUTRAL
OBS 스타트업·중기 일자리 창출 업무협약,NEUTRAL
미래에셋운용 미래에셋평생소득TIF 설정액 1천억원 돌파,POSITIVE
게시판 NH투자증권 100세시대 행복리포트 49호,NEUTRAL
증시신상품 키움증권 연 7.6% 수익추구 ELS,NEUTRAL
재건축의 힘…강남구 아파트값 3.3㎡ 3천300만원,NEUTRAL
미중 긴장완화 분위기에 원달러 환율 6.6원하락…나흘만에 하락,NEGATIVE
코스피 외인·기관 팔자에 하락…2283 마감종합,NEGATIVE
케이엔씨글로벌 40억원 규모 전환사채 발행 결정,NEUTRAL
라인 캐릭터와 갤노트8의 만남…삼성 대만 팝업스토어 오픈,NEUTRAL
KTB투자 디스플레이 패널가격 상승 최소 2분기 지속,NEUTRAL
바디프랜드 5월 안마의자 1만5천대 판매…창사후 최대,POSITIVE
한진해운 4천억 유동성 추가 확보·용선료 협상 추진,NEUTRAL
국고채 금리 일제히 하락…3년물 연 2.231%,NEGATIVE
코스피 이틀째 올라 2100선 턱밑…코스닥 700선 회복2보,POSITIVE
두산건설 1천214억원 주택재개발 공사 수주,POSITIVE
GC녹십자 2분기 영업이익 196억원…47.5% 증가종합,POSITIVE
네이버 미용 콘텐츠 제작자 해외 진출 돕는다,NEUTRAL
한국전력 3분기 영업이익 2조7천729억원…37.3% 감소종합,NEGATIVE
주식증권 도서 판매 급증…부동산 도서는 판매 감소,POSITIVE
대신밸런스제3호스팩 합병으로 최대주주·대표이사 변경,NEUTRAL
특징주 코디에스 화장품업체 합병 소식에 오름세,POSITIVE
성신양회 신설 사모투자회사에 200억원 출자,NEUTRAL
삼성중공업 미국서 2천830억원 규모 손해배상 소송 피소,NEGATIVE
서울 아파트 평균 매매가 넉달만에 다시 8억원 아래로,NEGATIVE
불법보조금 살포 이통3사 6년간 과징금 914억원,NEGATIVE
블룸버그·FT BOE 4일 기준금리 인하α 전망종합,NEUTRAL
한은 연내 금리인상 불씨 약해지나…고용·물가에 발목,NEUTRAL
부동산캘린더 보유세 인상안 발표에도 분양시장은 활활,NEUTRAL
전경련 사내유보자산 많은 기업 투자·고용도 앞서,NEUTRAL
특징주 네이버 2년6개월여 만에 사상 최고가 경신종합,POSITIVE
특징주 에이디테크놀로지 매출 신장 기대감에 강세,POSITIVE
연휴 코앞에 둔 증시 반짝 반등…경계감에 반등폭은 제한,POSITIVE
그래픽 2분기 중국 스마트폰 판매 11.1% 감소,NEGATIVE
성장률 쇼크에 증권가 연간 성장률 전망치 2.22.3%로 하향,NEGATIVE
통신 3사 사외이사에 권력기관 출신 인사들 추천,NEUTRAL
국민연금 한진칼에 제한적 경영참여 주주권 행사종합,NEUTRAL
원달러 환율 1.2원 오른 1184.1원 출발,POSITIVE
하남 아파트 공급과잉 우려 수도권서 가장 심해,NEGATIVE
앤디포스 주당 65원 현금배당·0.015주 주식배당,NEUTRAL
현대시멘트 82억원 규모 자사주 처분 결정,NEUTRAL
유가 상승 탓에…교역조건지수 3년 11개월 만에 최저,NEUTRAL
광주은행 주택대출 급증…가계 원리금 상환 부담 커져,NEGATIVE
내집연금 3종세트 순항…5일간 주택연금 상담 11배로,NEUTRAL
부동산 전자계약하면 등기수수료 최대 70% 할인,NEUTRAL
LG화학 2분기 영업익 6천158억원…18분기만에 최대종합,POSITIVE
LGU＋ 중소협력사에 무이자 직접 대출,NEUTRAL
라면 원조 삼양식품의 날개없는 추락,NEGATIVE
상한제 예고에도 서울 아파트값 강세 지속…11주 연속 상승,POSITIVE
손보사 車보험 손해율 개선에도 흑자는 3곳 불과,NEGATIVE
KT 앱 설치 없는 웹 게임 전용 부가서비스 출시,NEUTRAL
은행 자가점포 활용 임대사업 길 넓어진다,NEUTRAL
LG유플러스 24만원대 LTE 태블릿 단독 출시,NEUTRAL
SK텔레콤 상용 LTE 통신망서 기가급 속도 구현 성공,POSITIVE
지방은행 4곳 가계대출 연간 원리금이 소득보다 많다,NEUTRAL
서울 아파트값 추석 이후에도 강세…경기도 오름폭 확대,POSITIVE
실리콘 밸리 대기업들 3분기 실적 모두 기대 이상…주가 급등,POSITIVE
대한유화 주당 3천원 현금배당 결정,NEUTRAL
재벌닷컴 재벌 총수 자택 공시가격 34% 상승,NEUTRAL
신보광주은행 혁신성장 기업에 310억 신용보증,NEUTRAL
부동산산업의 날 개최…부동산서비스 융복합 촉진,NEUTRAL
조흥 작년 영업이익 66억원…8% 감소,NEGATIVE
한때 뜨거웠던 가상화폐 올해 폭망…90%대 하락 수두룩,NEGATIVE
MMF 석달 만에 100조원 하회…연말 효과 때문일 듯종합,NEUTRAL
최종구 가계부채로 자금쏠림 철저히 대응…연착륙 유도,NEUTRAL
SK하이닉스 호황에 지자체 반사이익…지방세 1천억 챙겨,NEUTRAL
기업은행 1천265억원 규모 혁신성장 사모펀드 조성,NEUTRAL
두바이유 가격도 급등…단숨에 배럴당 49.02달러로,POSITIVE
BNK금융지주 1분기 연결 영업익 2천840억원…24%상승,POSITIVE
SKT 스마트홈 앱 등 IoT 제품 4종 KISA 보안시험 통과,POSITIVE
특징주 하도급법 위반 입찰제한…포스코ICT 약세,NEGATIVE
특징주 현대모비스 모듈 부문 수익성 하락 분석에 약세,NEGATIVE
코스피 미국발 악재에 또 급락…2360대로 털썩종합,NEGATIVE
그래픽 삼성전자 2분기 영업익 14.8조원,NEUTRAL
그래픽 한국 노년층 나이들수록 부채비율 늘어난다,NEGATIVE
LG 스마트폰 또 1천억원대 적자…적자 폭은 줄어든 듯,NEGATIVE
한화투자증권에 불성실공시법인 지정예고,NEGATIVE
SKT 멤버십 고객 미식 이벤트에 역대 최대 6만명 초청,NEUTRAL
GS건설 내달 부산서 2개 단지 분양…관심 뜨겁다,NEUTRAL
그래픽 분기별 한국전력 영업이익,NEUTRAL
서울반도체 3분기 영업이익 281억원…8.2% 감소,NEGATIVE
게시판 한투증권국민대 베트남공무원 최고경영자과정 수료식,NEUTRAL
애플 아이폰11 내놨지만…올해 출하량 2억대 밑돌 듯,NEGATIVE
주택연금 가입 서두르세요…내년 2월부터 월수령액 3.2% 줄어,NEUTRAL
빌 게이츠 자본이득세 소득세 수준으로 올려야,NEUTRAL
주주이익 요구한 엘리엇…현대차 지배구조 개편 난항 겪나,NEUTRAL
불황 물렀거라…경쟁력 우위 조선기자재 업체 성장 지속,NEGATIVE
없어서 못 팔아요 갤럭시S10 품귀…내주 이후 공급 원활,POSITIVE
실손보험 지급률 보험사 따라 천차만별…현대해상 가장 높아,NEUTRAL
재건축시장 초과이익환수 부담금 충격 현실화 가능성,NEUTRAL
삼성·SK·CJ그룹주 이재용 영장기각에 동반 랠리,NEUTRAL
게시판 IBK증권 투자자 초청 인천상륙작전 관람 행사,NEUTRAL
체인스토어협회 카드 수수료 인상 수용못해…투명한 협상해야,NEUTRAL
유통업 체감경기 횡보…코리아블프 이후 다시 둔화,NEUTRAL
벤처·창업기업 전용 상품 몰 벤처 나라 개통,NEUTRAL
금융지주 순이익 11조 육박 36%상승…임직원 2천여명 줄어,POSITIVE
뇌 닮은 반도체…나노·소재 기술개발에 올해 948억원 투자,NEUTRAL
생보협회장 정부대책 시행해보고 실손보험료 인하 말해야,NEUTRAL
아이앤씨 57억원 규모 제품 공급 계약,NEUTRAL
지방 주택대출 어떻게 달라지나…여신심사 문답풀이,NEUTRAL
단독 멈춰선 롯데…수조원대 면세점·호텔 인수도 무산,NEGATIVE
에스퓨얼셀 코스닥시장 신규상장식,NEUTRAL
게시판 투교협 현명한 ELS·ETF·ETN 책자 발간,NEUTRAL
KT안랩 통합위협정보·정보보안 서비스 개발 협력,NEUTRAL
NHN엔터테인먼트 NHN으로 사명 변경 추진,NEUTRAL
1보 코스피 상승 출발…장중 2070선 회복,POSITIVE
강남권 소형아파트 3.3㎡당 전셋값 대형 앞질러,NEUTRAL
여신전문금융사 지난해 순익 25%상승…대출 증가 영향,POSITIVE
미래산업 300억원 규모 유상증자 결정,NEUTRAL
판교테크노밸리 초과임대 업체 강력제재…소송·압류,NEGATIVE
이엠코리아 155억원 선박 리프트 장비 계약 해지,NEGATIVE
메리츠증권 1분기 순익 1천34억원…분기 1천억원 첫 돌파종합,POSITIVE
은행권 신탁도 펀드처럼 사모만 금지…공모는 허용해야,NEUTRAL
김성수 과기혁신본부장 RD 예산 24조 시대…성과 창출에 노력,NEUTRAL
SK㈜ 원료의약품 업체 앰팩 인수… 제약업계 사상 최대 MA,NEUTRAL
전자금융업·대부업·변호사에 돈세탁방지 의무 부과 검토,NEUTRAL
CJ제일제당 햇반·스팸·냉동만두 가격 6∼9%대 인상,NEGATIVE
넥스트바이오홀딩스 작년 영업손실 5억원…적자 축소,NEGATIVE
미래에셋대우 은행 순이자이익 증가…투자비중 확대,POSITIVE
스마트차·무인기 등 육성에 올해만 1조 투자,NEUTRAL
인터넷은행 2년 국민 5명중 1명 계좌 보유…대출잔액 11조,NEUTRAL
미래에셋대우 CJ EM 견조한 실적으로 시장 우려 해소,POSITIVE
시중은행 원화대출 890조 육박…올해 들어 46조원 증가,NEUTRAL
특징주 현대산업 지주사 전환 발표 이후 하락종합,NEGATIVE
삼성重도 올해 첫 수주…LNG선 2척 4천199억원 규모종합,POSITIVE
마스터카드 소형판매점으로 가맹점 확대,NEUTRAL
한국 경제의 미래형 새 엔진 떠오른 판교테크노밸리,POSITIVE
동일산업 작년 연결 영업이익 20억원…81%하락,NEGATIVE
스맥 2분기 영업이익 8억원…흑자전환,POSITIVE
롯데홈쇼핑 국가품질경영대회서 산업부 장관 표창,POSITIVE
예보 대상 예금잔액 2천조 돌파…금리 상승·증시 호조 때문,POSITIVE
휘발유 가격 3년 10개월만에 최고치,POSITIVE
현대원 미래수석 SKTCJ헬로 MA 종합적으로 봐야,NEUTRAL
팬오션 2만506주 제3자배정 유상증자 결정,NEUTRAL
QA 오늘부터 9억원 넘는 주택으로 대출받으면 강화된 DSR 규제,NEUTRAL
석유관리원 콜롬비아 등과 석유품질 기술협력 모색,NEUTRAL
유로존 2월 잠정 인플레이션 1.5%…ECB 목표치2.0% 밑돌아,NEGATIVE
삼성전자 사상최고가 랠리…시총 250조원 육박종합2보,POSITIVE
2보 코스피 하락 출발 후 상승…장중 2080선 회복,POSITIVE
카카오 020 외부 협력 강화…수익성 개선한다종합,POSITIVE
美증시 쇼크에 해외주식형펀드 순자산 연중 최저,NEGATIVE
강남 아파트 고분양가 경쟁 후끈…다음 주자는,NEUTRAL
두산건설 3천200억원 규모 도로·주택 공사수주,POSITIVE
면세점 무한경쟁 시대로…롯데·SK 부활 기회종합,NEUTRAL
와우패스 금융 및 무역 자격증 최저가 이벤트 실시,NEUTRAL
특징주 CJ 이재현 회장 사면 기대에 5일째 상승,POSITIVE
주택보증공사 공공상생연대기금 출연,NEUTRAL
지난달 서울 주택거래 9·13대책후 최대,NEUTRAL
고성중공업 기업회생 인가…GH컨소시엄에 매각,POSITIVE
미래에셋운용 TDF 시리즈 설정액 2천억원 돌파,POSITIVE
하현회 LGU 부회장 5G기지국 올해 8만개 구축종합,NEUTRAL
SK증권 1천100억원 규모 유상증자 결정종합,POSITIVE
국내 주식형 펀드 9거래일째 자금 순유출,NEGATIVE
1월에 카드로 자동차세 내면…세금 줄고 무이자 할부까지,NEUTRAL
이주열 통화정책 주택가격 조정수단으로 효과 크지 않아,NEUTRAL
한국 작년 RD에 69조 투자…GDP 비중 세계 2위 수준,NEUTRAL
카카오 은산분리 완화시 최대주주 될 옵션 있다,NEUTRAL
외국인·개인 사자에 코스피 2270대 강보합,POSITIVE
GS건설 첫 뉴스테이 동탄레이크자이 더 테라스 공급,NEUTRAL
특징주 LG전자 9개월여만에 장중 6만원 돌파,POSITIVE
녹소연 이통3사 단통법 시행 후 영업이익 갑절로 뛰어,POSITIVE
증권가 마이너스 물가에 10월 금리 인하 가능성 커져,NEUTRAL
400조 예산·부수법안 본격심사 착수…금주 소위 가동,NEUTRAL
특징주 데코앤이 에이나인미디어 인수 결정에 신고가,NEUTRAL
유비케어 1분기 영업이익 31억원…126.8% 증가,POSITIVE
거래소 와이오엠에 주가급등 조회공시 요구,NEUTRAL
KEB 하나은행 손흥민 이모티콘 출시,NEUTRAL
게시판 NH농협카드 농촌사랑운동 후원금 5억원 전달,NEUTRAL
코스피 美증시 급락 여파에 1%대 하락 출발2보,NEGATIVE
NHN엔터 2분기 영업익 50%상승…인터넷은행 진출 검토 안해종합,NEUTRAL
거래소 이스트소프트 불성실공시법인 지정,NEGATIVE
신한은행 망상·경포해수욕장서 해변은행 운영,NEUTRAL
상반기 주식매수청구대금 7천416억원…700% 증가,NEUTRAL
한전산업 주당 169원 결산배당 결정,NEUTRAL
기업은행 중소기업 경영승계 지원 펀드 1천230억원 조성,NEUTRAL
RD 규정·지침 공통기준 나왔다…연구자 행정부담하락,NEUTRAL
KT 협력사 기술·아이디어 보호 테크 케어 시스템 구축,NEUTRAL
SKT 통신비 미납자 채무불이행 정보등록 즉시 중단,NEUTRAL
인사하는 은성수 금융위원장 후보자,NEUTRAL
SK브로드밴드 국가고객만족도 9년 연속 1위 달성,POSITIVE
참엔지니어링 113억 규모 유상증자 결정,NEUTRAL
케이옥션 자선경매 낙찰액 절반 1억2천만 원 기부,NEUTRAL
P2P·암보험 집단민원에 상반기 금융민원 4만건 넘어,NEUTRAL
특징주 현대리바트 작년 4분기 호실적에 오름세,POSITIVE
중국인의 강남 고가 아파트 거래 최근 3년간 17건,NEUTRAL
KB국민은행 주니어라이프 통장 고객에게 세뱃돈 증정,NEUTRAL
제주은행 2분기 연결 영업익 97억원…0.7% 감소,NEGATIVE
한라 915억원 규모 지식산업센터 신축공사 수주,POSITIVE
유튜브 새 이정표 월간 이용자 15억명 돌파,POSITIVE
훨훨 나는 코스닥 개미 투자자는 시무룩,NEGATIVE
BMW코리아 지난해 최대 판매실적 달성…21% 성장,POSITIVE
병원찾기 앱 굿닥 개발사 케어랩스 28일 코스닥 상장,NEUTRAL
한투증권 4분기 경기 회복 가능성 커져,NEUTRAL
아모레퍼시픽 올해 한국서 가장 존경받는 기업에 선정,POSITIVE
LH 행복주택 공급 본격화…올해 1만1천여가구,NEUTRAL
저렴한 민간·공공주택 마이홈 포털서 찾는다,NEUTRAL
금감원장 회계법인 CEO와 간담회…회계투명성 개선해야,NEUTRAL
SK루브리컨츠 상장 위한 공모 개시…최대 1조5천억원 규모,NEUTRAL
STX중공업 대구 토지·건물 636억원에 처분,NEUTRAL
금융연구원 내년 경제성장률 2.6%…취업자는 13만명 증가종합,POSITIVE
현대카드 국내서 2천400억 규모 그린본드 발행,NEUTRAL
미래에셋대우 CJ대한통운 실적 전망치·목표가 내려,NEUTRAL
STC 1분기 영업익 86억원…3.4% 감소,NEGATIVE
기업은행 평촌에 기업형 특화점포 기업스마트지점 개점,POSITIVE
네이버 이미지 검색 도입 첫걸음…스마트 렌즈 출시종합,NEUTRAL
삼성 1분기 인도 프리미엄폰 시장서 4분기 만에 1위 되찾아,POSITIVE
국고채 금리 혼조세…3년물 연 1.940%,NEGATIVE
한진그룹 세대교체 인사…조현아는 인사 명단서 빠져종합2보,NEUTRAL
LG 스마트폰 1분기 영업손실 2억…흑자전환 눈앞,POSITIVE
외국인 9월에 주식 석달째 사자…채권은 순유출 전환,NEUTRAL
액티브ETF 수익 양호…출시 2년간 7개 중 5개 초과수익,POSITIVE
현대重 올해 목표 매출 15조원…10년 전 수준종합,NEUTRAL
양대선사 자율협약 신청에 선박펀드 재조명,NEUTRAL
하나은행 DLF 손해배상 검토자료 금감원 검사 직전 삭제종합,NEUTRAL
국제유가 감산의지 재확인 속 강세…WTI 1.0%상승,POSITIVE
CJ헬로 LG유플러스 품으로…8천억 대에 인수,NEUTRAL
웅진 작년 연결 영업익 224억원…374%상승,POSITIVE
거래소 안트로젠에 주가급등 조회공시 요구,NEUTRAL
다산네트웍스 伊 람보르기니와 IT합작법인 설립,NEUTRAL
CJ대한통운 3분기 영업익 529억원…15.6% 감소,NEGATIVE
KB국민은행 4억5천만달러 규모 외화 후순위채권 발행,NEUTRAL
작년 실적 호조에 은행주 콧노래종합,POSITIVE
국토부 대형리츠 수익률 국채보다 최고 5.6% 포인트 높아,POSITIVE
한중 FTA 원산지증명 3만건 발급됐는데 조선업은 0,NEUTRAL
4년7개월만에 부활한 분양가 상한제…시작은 박정희 정권,NEUTRAL
데일리블록체인 50억원 출자…신사업 추진,POSITIVE
모건스탠리 연말까지 1천500명 감원…전체 직원 2%,NEGATIVE
거래소 상장폐지 심사 회의내용 상반기 중 공개 추진,NEUTRAL
호텔신라 작년 4분기 영업익 155억원…0.6% 감소,NEGATIVE
SKT아이센스 혈당측정기 케어센스 N IoT 출시,POSITIVE
하나금융 통합데이터센터 금융보안원 인증 획득,POSITIVE
증시풍향계 연말연시 줄잇는 빅이벤트 IT업종 모멘텀 주목,NEUTRAL
쥬니버 서비스 18주년…월 450만 어린이 이용,NEUTRAL
카카오페이 등 결제업체 고객 충전금에 이자 못 준다,NEGATIVE
거래소 12월 결산법인 불공정 거래 감시 강화,NEUTRAL
골프존 3분기 영업익 69억원…26% 감소,NEGATIVE
현대차 2018년 지속가능성 보고서 발간종합,NEUTRAL
오늘의 채권 국고채 금리 소폭 반등,POSITIVE
전 세계 앱 매출 2020년 두배로 증가…비게임 성장 주도,POSITIVE
GS리테일 평촌몰 매각…인수의향서 접수 마감,NEUTRAL
디에스티 15억원 전환사채 발행 결정,NEUTRAL
갤럭시S8 덕 삼성 日 시장서 4년만에 최고 점유율,POSITIVE
금감원 12월 결산법인 이달 말까지 감사인 선임해야,NEUTRAL
한국 투자매력도 크지만…최저임금·52시간 적응시간 줘야종합,NEUTRAL
특징주 투비소프트 중국 진출 기대감에 강세,POSITIVE
삼성 2013∼2014년형 모델에 TV 플러스 서비스 제공,NEUTRAL
특징주 성신양회 1분기 어닝쇼크로 약세 지속,NEGATIVE
한투증권 글로벌 기업 투자 사이클 4분기 반등 가능성,NEUTRAL
신세계 정용진 급변하는 환경에 위기의식…혁신성장 절실,NEUTRAL
멕시코 4개월 연속 기준금리 인하…7.50%→7.25%,NEUTRAL
우리금융지주 4천억원 규모 상각형 조건부자본증권 발행,NEUTRAL
SKT·KT 갤럭시S10 5G 512GB 출고가 10만원 내려,NEUTRAL
게시판 대우증권 투자자문사 상품 권유업무 대행,NEUTRAL
조선기자재업체 현장 간담회 참석한 최종구 금융위원장,NEUTRAL
현대차증권 작년 순익 506억…中CERCG 사태에도 최고치,POSITIVE
오스템임플란트 2분기 영업익 73억원…25% 감소,NEGATIVE
국내 주식형 펀드에 나흘째 자금 순유입,POSITIVE
교원그룹 4차 산업 스타트업 지원을 위한 투자사업 시동,NEUTRAL
작년 전자책 매출·종사자 급증…올해 매출도 크게 늘듯,POSITIVE
갤럭시S10 덕분에…삼성 스마트폰만 1분기 실적 선방,NEUTRAL
LG디스플레이 2분기 영업이익 444억…90.9%하락1보,NEGATIVE
정부 대출규제 강화 속 중도금 무이자 아파트 점점 줄어,NEUTRAL
코스피 외국인 매수에 상승…2070선 회복2보,POSITIVE
액트로 주당 1주 무상증자 결정,NEUTRAL
네이버페이 오프라인 결제시장 진출 장기적 검토,NEUTRAL
최양희 미래부 장관 태국에 창조경제 알려,NEUTRAL
미래에셋벤처투자 코스닥시장 신규상장 기념식,NEUTRAL
코스피 상승 출발…장중 2220선 회복1보,POSITIVE
작년 12월 법원경매 낙찰률 75.1%…7년5개월만 최고,POSITIVE
KT 미디어팩 가족결합 혜택 확대…스마트기기 요금제 개편,NEUTRAL
한은 금통위 금리동결 유력…인상 소수의견 또 나올까,NEUTRAL
코스피 美증시 약세에 하락…2080선 흔들종합2보,NEGATIVE
신세계IC 식품기업 초록마을에 고객관리시스템 구축,NEUTRAL
2019년 LG전자 시무식,NEUTRAL
상장 도와드려요 거래소 부산 비상장기업 간담회,NEUTRAL
금투협 부동산 마케팅 교육과정 개설,NEUTRAL
신협 중금리 대출 많으면 비조합원 대출한도 늘려준다,NEUTRAL
NH투자 SKC코오롱PI 4분기 실적부진…목표주가하락,NEUTRAL
NH투자 중국인 단체관광서 개별여행으로 진화…수혜주는,NEUTRAL
카카오 1분기 영업이익 211억원…작년보다 47.7%하락,NEGATIVE
이통3사 갤럭시탭S4 오늘부터 사전예약…출고가 88만원,NEUTRAL
2440도 가뿐…코스피 6일 연속 사상 최고치 마감종합2보,POSITIVE
코스피 수출 호조에 2440선 코앞…외국인 사자 전환,POSITIVE
KT 1분기 영업익 22.8％ 급증…전망치 웃돌아종합,POSITIVE
코스피 외국인 5년 만의 최대 팔자…2280대 턱걸이,NEGATIVE
EPL 이적시장 10일 만에 8천434억 썼다…이미 역대 5번째,NEUTRAL
삼성전자 日 2위 통신사 KDDI에 2조원대 5G 통신장비 공급종합,NEUTRAL
다음주 경제 관심사는…물가상승률 석달째 2%대 찍을까,NEUTRAL
특징주 현대미포조선 중동 수주 개선 기대감에 강세,POSITIVE
CJ브랜드 결제 때 캐시백 주는 우리체크카드 다음 달 출시,NEUTRAL
넥슨 英 완구·게임 연동 업체에 전략적 투자,NEUTRAL
KEB하나은행 장애인 재산보호 위해 신탁 운영,NEUTRAL
중도금 대출제한도 무색한 청약열기…1순위 마감 줄이어,POSITIVE
삼성전자 ASML 지분 등 1조원대 해외투자자산 매각종합2보,NEUTRAL
한국 GDP 대비 연구개발 투자 2년째 세계 1위,POSITIVE
LG유플러스 1분기 영업익 2천28억원…18.9%상승,POSITIVE
경총 기업승계 세율 인하·가업상속 공제요건 완화해야,NEUTRAL
지방 아파트값 날개없는 추락…5년10개월만에 최대 하락,NEGATIVE
초단타 매매로 시장교란 메릴린치 제재 판가름 임박,NEGATIVE
대신자산신탁 등 6곳 금투협 정회원 가입,NEUTRAL
특징주 제이콘텐트리 대규모 유상증자 결정에 하락,NEGATIVE
카페24 국내외 오픈마켓 14곳 상품 판매,NEUTRAL
코스피 10.37p0.42퍼센트 오른 2494.49장종료,POSITIVE
지원금 상한제 폐지 한달 소비자 혜택은 없었다,NEUTRAL
㈜센트랄모텍 유가증권시장 신규상장 기념식,NEUTRAL
전세보증금 반환보증 가입 급증…전세금 받아달라 청구도상승종합,NEUTRAL
네오위즈 1분기 영업익 34억원…작년의 14배,POSITIVE
자율차 등 혁신 RD 투자·정책·제도 패키지로 지원,POSITIVE
코스피 기관·개인 매도에 2200대 약보합2보,NEGATIVE
예결위 5조8천300억 추경안 타결…저녁 본회의 처리 예상,NEUTRAL
특징주 LG家 4세 구광모 테마주 상한가…LG그룹주는 등락 엇갈려,POSITIVE
포티스 100억원 규모 CB 발행 결정,NEUTRAL
콜마비앤에이치 작년 영업익 352억원…54.5%상승,POSITIVE
특징주 삼성重 2조8천억원대 해양플랜트 수주 소식에 강세,POSITIVE
환율변동 걱정없이 송금 국민銀 현지통화송금 서비스 확대,POSITIVE
주택금융공사 2017년 부패방지 평가 1등급,POSITIVE
캠코 아파트·주택 등 압류재산 653건 공매,NEUTRAL
자율협약·합병·법정관리 기로에 선 양대 해운사,NEGATIVE
신세계푸드 3분기 영업익 93억원…52.9% 증가,POSITIVE
대부업체 대출상품 설명 강화…중요사항 대출자가 자필 작성,NEUTRAL
국고채 금리 대체로 하락…3년물 연 2.286%,NEGATIVE
에스폴리텍 3분기 영업익 1억원…110% 증가,POSITIVE
우리들휴브레인 전환사채권 취득 후보자와 협상 중,NEUTRAL
오늘의 투자전략 원달러 환율 반등 가능성 염두에 둬야,POSITIVE
특징주 매출 1조 서울반도체 실적 변동성 부각에 하락,NEGATIVE
내년 RD 예산 17조…반도체·미래차·바이오에 집중,NEUTRAL
현대모비스 자율주행차 엠빌리 전세계 도로 달린다,NEUTRAL
돈줄 죄는 중앙은행들…26개국 중 6개국 4개월 새 금리 인상,NEUTRAL
특징주 미래에셋대우 2분기 실적 호조에 강세,POSITIVE
코스닥 사흘째 오르며 2개월여 만에 900선 회복,POSITIVE
디지털대성 2분기 연결 영업익 32억원…53% 증가,POSITIVE
세계은행 北통치구조 세계 최하위급…작년보다 퇴보,NEUTRAL
카카오 합병후 첫 공채…블라인드 전형으로 개발자 채용,NEUTRAL
삼성전자 협력사 신입사원 입문교육 무상지원,NEUTRAL
고용진 2010년 금융당국 요건 강화 후 우회상장 단 4건,NEUTRAL
아시아나항공 27일 임시 주총…전환사채 한도 확대 추진,NEUTRAL
만트럭버스 트럭 엔진 주요부품 무상보증 7년으로 연장,NEUTRAL
유진투자 유통업계 영업 부진에 자산유동화 가속화 전망,NEUTRAL
수출업체 월말 달러 매도에 원달러 환율 2.9원 하락 마감,NEGATIVE
NH투자 IRP 비보장상품 수익률 업계 1위,POSITIVE
6월 120일 수출 10% 감소…반도체·대중국 수출부진 영향,NEUTRAL
휠라코리아 작년 영업익 3천573억원…64.3% 증가,POSITIVE
한화투자 KCC 3분기 실적 부진…목표가하락,NEUTRAL
와이엠티 70억원 규모 전환사채 발행,NEUTRAL
HP코리아 다양한 세대 겨냥 기업용PC·프린터 신제품 출시,NEUTRAL
애플 주가 사상 최고가 기록,POSITIVE
지난해 저축은행 신용대출금리 3.2%p하락…이자 2천억 감소,NEGATIVE
전경련 美정부·의회에 철강제재 한국 제외 요청,NEUTRAL
서울옥션 시작가 0원 온라인경매 제로베이스 선보여,NEUTRAL
현대오일뱅크 포인트 적립 모바일앱 블루 출시,NEUTRAL
한화 작년 영업익 2조1천300억원…600원씩 배당종합2보,POSITIVE
금감원장 대행 직원들 흔들림 없이 업무에 임해달라,NEUTRAL
내년 1월 아파트 2만4천여가구 입주…17년만에 최대,POSITIVE
현대종합상사 작년 연결 영업이익 234억원…20%하락,NEGATIVE
특징주 한국유리 상장폐지 위한 자사주 공개매수에 급등,POSITIVE
금리 상승세에 저축은행 연 3%대 정기예금 속속 출시,NEUTRAL
두바이유 가격 4거래일째 상승세…배럴당 45.85달러,POSITIVE
SKT 혜택 좋은 군인 요금제 선보여,NEUTRAL
KB증권 초대형IB 핵심 단기금융업 신청 자진 철회,NEUTRAL
NH농협카드 SH공사 임대료 자동납부서비스 출시,NEUTRAL
코스피 美 고용지표 호조에 2020선 회복 출발,POSITIVE
우리금융硏 대중부유층 10명중 4명 노후준비 부족하다고 생각,NEUTRAL
롯데株 시련 끝나나…檢수사 넉달 7개사 시총 1조5천억 증발종합,NEUTRAL
코스피 상승 출발 후 외국인 매도에 하락…2360선 내줘종합,NEGATIVE
대유위니아 3분기 영업이익 19억원…71.5% 감소,NEGATIVE
LG생명과학 3분기 영업이익 100억원…47% 감소,NEGATIVE
선제 구조조정의 힘 두산그룹 2분기 전 계열사 흑자 달성종합,POSITIVE
오늘의 채권 국채금리 미국과 동조…일제히 하락,NEUTRAL
갤노트7 충전율 9일부터 15％로 제한…아직 5만여명 사용,NEUTRAL
특징주 서화정보통신 최대주주 변경에 상승,NEGATIVE
행정수도 기대감 세종시 아파트 매물 실종…매매가도 상승,POSITIVE
대기업 상장사 68% 배당…평균수익률 국고채와 비슷,NEUTRAL
카드사 기존 대출도 법정 최고이자율 인하 소급적용,NEUTRAL
공공자산 처분시스템 온비드 거래규모 작년 대비 17%상승,POSITIVE
코스닥 상장사 의견거절 속출…8곳은 반기보고서 미제출종합2보,NEUTRAL
코스피 상승 출발 후 소폭 하락…2310선 위협,NEGATIVE
독자들이 투자하는 출판 알라딘 북펀드 새단장,POSITIVE
코스닥 특례상장 기업 6곳 중 5곳꼴 적자 상태,NEGATIVE
신한금투 세계 경기지표 둔화…저가매수 유효하지 않다,NEUTRAL
단기 유동자금 MMF 순자산 2년 만에 100조원 밑으로,NEGATIVE
옐로모바일 1분기 영업손실 70억원…매출은 72% 증가,NEGATIVE
손경식 CJ 회장 우즈베크 차관과 협력방안 논의,NEUTRAL
NHN엔터 3분기 영업익 23억원…흑자전환,POSITIVE
특징주 인사 잡음 신한지주 52주 신저가,NEGATIVE
제주서 신산업 성과 낸 한전…해외 진출 도모,NEUTRAL
2보 한국거래소 허수성 주문 메릴린치에 제재금 1억7천여만원,NEUTRAL
10월 세계에서 가장 많이 팔린 스마트폰은 아이폰8,POSITIVE
신한금융투자 6천600억원 유상증자 2개월 연기,NEUTRAL
삼성전자 사흘만에 상승…시총 상위주 줄줄이 오름세,POSITIVE
덱스터 작년 영업익 13억원…흑자전환,POSITIVE
미래에셋대우 아파트 분양 증가…건설업 비중확대,POSITIVE
통신비 인하 논란 힘빠지는 한국 이통사 투자여력·수익성 악화 조짐,NEGATIVE
김동연 내년 자율차 등 8대 선도사업에 5조 이상 투자1보,NEUTRAL
특징주 신라젠 이틀째 하한가…바이오株 줄줄이 신저가종합,NEGATIVE
머리 맞댄 경제부총리와 한국은행 총재,NEUTRAL
카카오게임즈 작년 영업익 472억원…2017년 대비 22%상승,POSITIVE
버라이즌 해킹 파문 야후 인수 가격인하·계약취소 저울질,NEGATIVE
카카오미니 2차 판매도 26분만에 매진…내일 예약판매,POSITIVE
미세먼지등 삶의 질 개선 RD에 올해 4천490억원 투자,NEUTRAL
NH투자증권 정기주총…정영채 신임 사장 선임,NEUTRAL
LH 올해 10조7천억원 공사 발주…공공부문 최대,POSITIVE
7월부터 대출액에 2% 물리던 스탁론 수수료 폐지종합,NEUTRAL
금 가격 나흘 연속 최고가 경신…1ｇ당 5만9천130원,POSITIVE
증권선물위원회 상임위원에 최준우 금융소비자국장,NEUTRAL
한국카본 505억원 규모 공급계약 체결,POSITIVE
썰렁한 세종시 부동산 시장,NEGATIVE
정보통신기술 연간 수출 2천억달러 첫 돌파,POSITIVE
국내 주식형 펀드 열흘째 자금 순유출,NEGATIVE
1월 전월세거래량 10만5천여건…작년보다 4% 감소,NEUTRAL
특징주 은행주 트럼프 훈풍에 무더기 신고가,NEUTRAL
애플 세계 스마트폰 영업이익 79％ 독식,POSITIVE
주택금융공사 신입직원 35명 공채…내달 8일까지 접수,NEUTRAL
LG유플러스 예비창업자 2명에 2천만원 창업자금 지원,NEUTRAL
LG화학 1분기 영업익 4천577억…전년보다 26.5%상승종합,POSITIVE
5G 상용화 69일만에 가입자 100만 돌파…연말 500만 도달할까,POSITIVE
주포가 기획 화가는 주가 관리…공개된 증시 작전 수법,NEGATIVE
수도권 쏠림 타파…지역 균형발전에 5년간 175조 투자한다,NEUTRAL
KB금융 자산관리 점포 확대…세종에 은행증권 복합점포,POSITIVE
특징주 삼성전자 나흘째 하락…4만6천원대로 뒷걸음,NEGATIVE
극동유화 작년 영업익 14억원…18.2% 감소,NEGATIVE
게시판 한국거래소 1사1촌 농촌 일손돕기 실시,NEUTRAL
연구개발용 방송통신 기자재 적합성평가 면제 확대,NEUTRAL
2분기 은행 부실채권비율 하락…4분기째 0%대 유지,POSITIVE
SNS돋보기 20대 23% 가상화폐 구매 경험…생각보다 많네 씁쓸,NEUTRAL
고원도시 태백시 스포츠 유치로 419억 파급 효과,POSITIVE
창사 최대 위기인데…롯데 형제는 이달 말 또 표대결,NEGATIVE
본국 금리 올리면 외국계 은행 국내 지점도 돈줄 죈다종합,NEUTRAL
특징주 액면분할 삼성전자 귀환 첫날 약세,NEGATIVE
갤럭시 S8 예약판매 인기,POSITIVE
KEB하나은행 호국보훈단체 지원을 위한 기부금 전달,NEUTRAL
네이버 제2 데이터센터 땅 공모에 지자체·민간 등 136곳 몰려,NEUTRAL
첨단기술기업 지정요건 완화…지식산업센터 입지 확대,NEUTRAL
이큐파트너스 한국투자프라이빗에쿼티로 사명 변경,NEUTRAL
LH 신혼부부·청년주택 109가구 입주자 모집,NEUTRAL
LG CNS 아파트관리비 모바일고지서 서비스,NEUTRAL
신한금융투자 랩어카운트 운용잔고 5조원 돌파,NEUTRAL
새해도 수출 씽씽…1월 수출 역대 최대 22.2%상승종합2보,POSITIVE
히딩크 무릎 고친 메디포스트 日 합작투자회사 설립,NEUTRAL
통신비 밀려 신용 망가지는 20대…과도한 연체 관리,NEUTRAL
체리폰 집중력 강화 헤드셋 IQ160 출시,NEUTRAL
日 제로 성장·여성참가 저조땐 2040년 취업자 20% 감소,NEGATIVE
사라지는 블랙베리 OS…시장 점유율 불과 0.05％,NEGATIVE
카카오 카풀업체 럭시 252억에 인수…택시서비스 보완종합,NEUTRAL
KTB투자 내년 유통업 실적개선…비중확대,POSITIVE
LH 저소득층 임대사업용 주택 1만여가구 매입,NEUTRAL
코스피 상승 출발…장중 2100선 회복종합,POSITIVE
STC 324억원 규모 공랭식 열교환기 공급계약,POSITIVE
삼성전자의 인도시장 지키기…온라인 채널 강화·현지화,NEUTRAL
티비에이치글로벌 1분기 영업익 114억…15% 증가,POSITIVE
케이피에스 84억원 OLED 디스플레이 장비 공급,POSITIVE
여신전문금융사 지난해 순이익 1% 증가…연체율 소폭 상승,POSITIVE
KT서브마린 138억 규모 해저광케이블 공사 수주,POSITIVE
4월 여행수지·외국인 관광객 수 韓·日 엇갈린 성적표,NEUTRAL
한국쉘석유 작년 연결 영업익 300억원…14.4% 감소,NEGATIVE
특징주 우회상장 미해당 이노칩 상한가,POSITIVE
작년 벤처기업 종사자 76만명…5대 그룹보다 많아,NEUTRAL
테슬라 전기차 모델 3 첫 주문 고객에 인도,NEUTRAL
통신비 인하 월 2만원 보편요금제 SKT서 이르면 내년 출시,NEUTRAL
코오롱플라스틱 1분기 연결 영업익 58억원…138%상승,POSITIVE
19일 만기 우리은행 DLF 손실률 60.1%로 확정,NEUTRAL
데코앤이 40억원 규모 비트로 지분 양수,NEUTRAL
김영규 IBK證 사장 파격인사…주니어·여성 약진,NEUTRAL
8·2대책에도 돈 되면 산다…넘치는 유동성 부동산 기웃,NEGATIVE
화재사고 KT 작년 통신재난관리 투자 전년비 36% 급감,NEGATIVE
특징주 웨이포트 흑자전환 소식에 급등,POSITIVE
삼성 모바일사업 3Q 영업익 3.3조 선방…중저가폰 판매상승종합2보,POSITIVE
부동자금 MMF 순자산 넉달 만에 120조원대 재진입,POSITIVE
두바이유 1달러 넘게 하락…배럴당 36.04달러,NEGATIVE
삼양식품 보통주 1주당 50원 배당 결정,NEUTRAL
국제유가 사흘만에 반등…WTI 이번주 2.2%하락,POSITIVE
마니커 140억원 제3자배정 유상증자 결정,NEUTRAL
한미사이언스 주당 0.02주 무상증자 결정,NEUTRAL
어려워지는 내년 금리 셈법…한은 더 올릴 수 있을까,NEUTRAL
특징주 차바이오텍 관리종목·감사의견 한정에 하한가,NEGATIVE
금투협 해외 ETF·대체투자 이해 교육과정,NEUTRAL
NH농협생명 고혈압·당뇨 환자도 가입되는 종신보험 출시,NEUTRAL
KT 기가지니 쓸 수 있게 협력사에 클라우드 AI 플랫폼 공개,NEUTRAL
수도권 분양시장 춘풍 부나…3∼4월 4만여가구 공급,POSITIVE
원달러 환율 3년 5개월 만에 최저,NEGATIVE
중기부 월드클래스 300 기업 선정서 수여식 개최,NEUTRAL
황창규 회장 KT 임원들에 한계 도전하는 바보 돼라,NEUTRAL
삼성증권 배당오류 전·현직 대표 등 20여명 제재 심의,NEUTRAL
코스피 상승 출발 후 2040선 전후 등락종합,NEUTRAL
신한금융투자 PASS 해외주식 간편투자 서비스 출시,POSITIVE
기술·산업·사회 패키지지원으로 4차산업혁명 대응,NEUTRAL
면세점 신규특허 나오나…롯데·SK 기사회생 기대,NEUTRAL
하나금융 회추위 첫 회의…차기 회장 후보 27명 확정종합,NEUTRAL
게시판 한국투자증권 온라인 투자설명회,NEUTRAL
2보 코스피 상승 출발…외인 매수에 장중 2080대 강보합,POSITIVE
연말연시 칼바람 부는 은행들…신한은행 희망퇴직 접수,NEGATIVE
불법지원금 이통3사에 과징금 506억원…단통법 후 최대,NEGATIVE
삼성바이오 상장 유지…시장 안정에 무게둔 결론,NEUTRAL
두산인프라코어 2분기 영업이익 2천972억원…8.8% 증가종합,POSITIVE
미중 무역협상 여진…원달러 10원 뛰며 1187.5원 마감,POSITIVE
특징주 삼성전자 이틀 만에 52주 신고가 경신종합,POSITIVE
코웰패션 작년 영업익 711억원…14.6% 증가,POSITIVE
일자리 못 만드는 한국경제…외환위기 이후 최장 대량실업,NEGATIVE
증시 불안심리 영향 올해 들어 MMF에 24조원 유입,NEGATIVE
통신비 인하 요금할인율에 주목…20%→25% 인상 가능성,NEUTRAL
한투증권 해외 플랜트 수주 유망…건설업 비중확대,POSITIVE
상반기 한국 미술경매거래액 826억…작년보다 204억하락,NEGATIVE
국내 SW 여성인력 비율 12.5%…미국·영국보다 낮아,NEGATIVE
현대重그룹 중형 컨테이너선 3척 수주…1천200억원 규모종합,POSITIVE
독일 9월 소매판매 전달대비 0.1% 증가,POSITIVE
거래소 제일기획에 스포츠단 법인분리설 공시 요구,NEUTRAL
상반기 전월세거래량 74만여건…작년보다 3.1%하락,NEGATIVE
금융당국 연초부터 격돌…금융위 금감원 종합검사안 수정해라,NEGATIVE
아가방컴퍼니 22억원 영업손실…적자 지속,NEGATIVE
현대중공업그룹 4천200억원 규모 LNG선 2척 수주,POSITIVE
신임 금융감독원장에 정무위 저격수 김기식 前의원종합2보,NEUTRAL
현대리바트 다목적 모듈 가구 모듈플러스 선보인다,NEUTRAL
금감원 보험대리점 전국 순회교육,NEUTRAL
셀트리온그룹 상장사 시총 재계 랭킹 5위로,POSITIVE
통합 카카오게임즈 출범…하루 실사용자 3천만명 목표,POSITIVE
은행권 ISA 파생상품 판매인 속성양성 논란,NEGATIVE
예보 내달 2일 하반기 매각 PF부동산 설명회,NEUTRAL
코스피 美급락 여파에 2030대 털썩…코스닥 1%대 하락종합,NEGATIVE
쌍방울 100억원 전환사채 발행 결정,NEUTRAL
코스닥벤처펀드 5일 첫 출시…소득공제 등 혜택,NEUTRAL
은행 점포 폐쇄 전 영향 평가해 ATM 등 대체수단 마련해야,NEGATIVE
KGP 260억원 규모 주주배정 증자 결정,NEUTRAL
SC제일은행 中企 대상 美달러 보통예금 특별금리 이벤트,NEUTRAL
신한은행 100일 만기에 연 1.8% 금리 주는 예금 출시,NEUTRAL
디오 180억5천만원 규모 자사주 처분 결정,POSITIVE
999달러짜리 아이폰X 부품 원가 370.25달러 불과,NEGATIVE
특징주 SK바이오랜드 줄기세포 아토피 치료제 사업 진출에 강세,POSITIVE
은행권 지진피해 中企 특별대출…보험사도 신속 지원종합,NEUTRAL
네이버 많이 벌어 많이 썼다…투자·비용 대폭 증가,POSITIVE
금호전기 신주인수권 행사가액 5천111원→5천원 조정,NEUTRAL
TV속 뽀로로와 놀아요…KT 가상현실 놀이학습 서비스 출시,NEUTRAL
주택협회 주택규제 실수요 피해없게 최소화해야,NEUTRAL
코스피 2020선 게걸음…美 FOMC 경계심리,NEGATIVE
삼계탕·쌀·갈치 연내 중국 수출길 오른다종합,NEUTRAL
신형 아이패드 프로 13일 국내 출시…오늘부터 예약 판매,POSITIVE
카카오T 대리 운행 전년 대비 31%상승,POSITIVE
한국 금융시스템 최대 위험은 보호무역·가계부채,NEGATIVE
폴크스바겐 美 딜러들에 1조3천억원 보상 합의,NEGATIVE
LG전자 국제조명전시회 참가,NEUTRAL
국내 주식형 펀드에서 나흘째 자금 순유출,NEGATIVE
중앙미디어네트워크 중앙그룹으로 사명 변경종합,NEUTRAL
KTCMB 공동 광고사업 MOU 체결식,POSITIVE
통신비 25% 약정할인 9월 15일 시행…일단 신규 약정자부터종합,NEUTRAL
금융위 삼성바이오 분식회계 논란 신속히 결론 내리기로,NEGATIVE
코스피 기관 매도에 하락 출발…2170대 약세종합,NEGATIVE
코스피 외국인·개인 팔자에 하락…사흘만에 2200 밑으로종합,NEGATIVE
1보 코스피 2130선 턱걸이…코스닥 이틀째 1%대 하락,NEGATIVE
국내 주식형 펀드서 하루 만에 자금 순유출,NEGATIVE
지난해 증권사 순이익 4.2조원…11년 만에 최대,POSITIVE
신한금융지주 사외이사 후보 주주추천공모제 상시 운영,NEUTRAL
숨겨진 조상님 땅 있을지도…제주 땅 찾기 열풍,NEUTRAL
하나금융 1분기 순익 5천560억원…임금피크 퇴직비용 1천260억,NEGATIVE
신뢰 위기에 몰린 사모펀드 문제가 뭘까,NEGATIVE
증권사 3분기 실적 증시 부진에도 선방…대형사 영업익 6%상승,POSITIVE
게시판 SK증권 대구지점→수성PIB센터로 이전 개점,NEUTRAL
특징주 삼성바이오로직스 적자 전환에 수사 악재 겹치며 약세,NEGATIVE
증권사도 사모펀드 굴린다…NH투자증권 첫 인가,POSITIVE
특징주 유지인트 액면분할 소식에 상승,POSITIVE
NHN엔터테인먼트 2분기 영업익 149억원…50% 증가,POSITIVE
경영난 보광그룹 계열사 오너 형제들이 인수 추진,NEGATIVE
사용기한 지나 사라진 통신사 마일리지 5년간 1천744억원,NEUTRAL
코스피 기관 매수에 2070대로 상승 전환종합,POSITIVE
대우조선 희망퇴직 900여명 신청…1천명 채울 듯,NEGATIVE
벌써 9월인데…조선 빅3 수주 목표 달성률 10%대,NEGATIVE
넥스트BT 전환사채 발행 검토 중,NEUTRAL
우리종금 작년 연결 영업익 217억원…1.5%상승,POSITIVE
주택대출 금리 줄줄이 인상…잔액기준 최고 4.67%,NEUTRAL
금감원 통장매매 작업대출은 범죄…불법 금융광고 유의,NEUTRAL
동서 자기주식 62억원어치 취득 결정,POSITIVE
최신폰 예약판매에 망설이는 소비자들,NEGATIVE
삼성중공업 2천118억원 LNGC 1척 수주,POSITIVE
무역·환율에서 안보까지…미중 전쟁 전방위로 전선 확대종합2보,NEGATIVE
결국 계약 해지…SKT·헬로비전 합병 추진 일지,NEGATIVE
이총리 소상공인·자영업자 대책 임차료·카드수수료 완화,NEUTRAL
주총 시즌 56월로 바뀐다…특정일 주총 선착순 제한,NEUTRAL
휴켐스 2분기 영업익 476억원…16.8% 증가,POSITIVE
프럼파스트 주당 0.1주 무상증자 결정,NEGATIVE
두바이유 가격 반등…배럴당 34달러대,POSITIVE
대신증권 MTS 가로화면 전환기능 특허 출원,POSITIVE
대부업 정책 금리보다 불공정 제한·금융접근성에 초점 둬야,NEUTRAL
LG전자 1분기 영업이익 5천52억원…전년비 65.5%상승2보,POSITIVE
네이버 작년 4분기 영업익 2천36억원…전년보다 5%상승종합,POSITIVE
하나은행 올해 1∼5월 해외 비이자이익 33% 증가,POSITIVE
매직마이크로 작년 연결 영업손실 61억원…적자확대,NEGATIVE
특징주 차바이오텍 관리종목·한정 의견에 하한가종합,NEGATIVE
KT 차별화된 광인프라로 5G 네트워크 경쟁력 강화,POSITIVE
예탁원 사회적기업에 5년간 8개 수수료 감면,NEUTRAL
한스바이오메드 58억원 규모 공급계약 해지,NEGATIVE
원달러 환율 천장은 어디…1300원 갈 수도,POSITIVE
SP 글로벌 기업 신용 전망 금융위기 이후 최악,NEGATIVE
게시판 금융투자협회 자산유동화증권과정 개설,NEUTRAL
멀티캠퍼스 3분기 영업익 63억원…66% 증가,POSITIVE
살던 집이 안 팔려서… 아파트 입주율 3개월째 70%대,NEGATIVE
소리바다 100억원에 주식양수도 계약…최대주주 변경,NEUTRAL
코스피 외국인 매물에 닷새째 하락…2260대 후퇴종합,NEGATIVE
통신사 주파수 경매 기싸움 최장 8일 걸릴 듯,NEGATIVE
대우조선해양 최대주주 등 지분 49.75%→35.55%,NEUTRAL
한은 금통위원 2명 추가 금리인상 필요 시사,NEUTRAL
롯데그룹 글로벌 진출 지도 바뀐다,POSITIVE
최태원 SK 회장 지난해 연봉 60억원…40억원 늘어,POSITIVE
예탁원 글로벌 투자자들 한국 스타트업에 관심,POSITIVE
원달러 환율 8.1원 하락… 1140원대로 뚝,NEGATIVE
30대 그룹 올들어 투자액 24%나 줄였다,NEGATIVE
엔에스브이 50억원 규모 3자배정 유상증자 결정,NEUTRAL
서울 아파트값 상승 멈췄다…1년2개월 만에 보합 전환,NEGATIVE
특징주 이마트 외국인 매도에 52주 신저가,NEGATIVE
금융권 디지털 전환 가속…올해 총 5천845억원 투입,POSITIVE
금감원 금융사 해외진출시 자금세탁 모니터링 강화해야,NEUTRAL
김태년 최저임금 인상 가계소득 개선으로 이어지게 대책 마련,NEUTRAL
인터불스 30억원 규모 3자배정 유상증자 결정,NEUTRAL
손보사 13분기 순익 17% 감소…車보험 적자전환,NEGATIVE
1보 코스피 약보합 마감…2160대로 뒷걸음,NEGATIVE
30대 주식부호 지분가치 올해 10조원 증발,NEGATIVE
특징주 내부문건 공개 여파에 삼성바이오로직스 약세,NEGATIVE
CJ프레시웨이 2분기 영업익 91억원…23%하락,NEGATIVE
TV홈쇼핑 허위·과장방송 중징계때 소비자에 알려야,NEGATIVE
코스피 사상 최고치에 하락장 예상 투자자도 늘어,POSITIVE
주식만화 낸 허영만 3천만원 5개월 투자해 수익률 8%,POSITIVE
다변화·수익 노린 네이버 스노우 퀴즈쇼로 깜짝 돌풍,POSITIVE
증시신상품 KB운용 KB통중국4차산업펀드 출시,POSITIVE
부동산 관리업체 HDC아이서비스 19일 코스피 상장,NEUTRAL
돈이 되는 위치정보…올해 국내 매출 5천340억으로 70% 성장,POSITIVE
코스피 외인 매수에 2170선 회복…석달 보름 만의 최고2보,POSITIVE
특징주 능률교육 지분 양도 검토 소식에 상승,POSITIVE
LG유플러스 휴대폰 분실·파손보험 이용료 최대 35% 인하,NEUTRAL
코스피 지수 상단 경계감에 2000선 아래로 다시 하강,NEGATIVE
금감원 금융투자회사에 내부통제강화·리스크관리 주문,NEUTRAL
특징주 마니커 CJ제일제당 투자에 연이틀 상한가,NEUTRAL
CEO직원 연봉 격차 더 커져…삼성전자는 208배,NEGATIVE
크라우드 펀딩 기술금융 정착…창업 환경 개선됐다,POSITIVE
다주택자 대출규제 새 DTI 첫날…얼어붙은 대출창구,NEGATIVE
한은 국제유가 상승세 장기간 유지되지 않을 것,NEGATIVE
특징주 한샘 작년 4분기 호실적에 상승,POSITIVE
특징주 삼성전자 쾌속질주…또 사상 최고가 마감,POSITIVE
현대캐피탈 차량 가격의 125%까지 빌려주는 할부상품 출시,POSITIVE
코스피 개인·기관 매도에 약보합…2177.30 마감2보,NEGATIVE
한베트남 금융사 상호 진출확대 협력종합,POSITIVE
코스피 엿새째 하락 1910선 내줘…코스닥은 2%대 반등종합2보,NEGATIVE
한투증권 NHN 게임 신작 흥행 실패…목표주가하락,NEGATIVE
코스닥 3년 만에 시장조성자 재개…40개 종목 적용,POSITIVE
삼부토건 15일 기업매각 공고,NEGATIVE
국고채 금리 대부분 상승…3년물은 내려,POSITIVE
카카오뱅크 5천만원 한도 직장인 중신용대출 출시,POSITIVE
특징주 코디엠 CB 발행 소식에 급등,POSITIVE
이마트24 중소기업과 공동 개발한 꽃에이드 출시,POSITIVE
이정미 분양원가 공개 등 부동산시장 근본적 개혁 이뤄져야,NEUTRAL
한화건설 서산서 서산 동문 꿈에그린 이달 분양,POSITIVE
배달의민족 작년 거래액 1조원 돌파…1년새 58% 성장,POSITIVE
카카오프렌즈 도쿄매장 개점 한 달간 35만명 방문,POSITIVE
SK텔레콤 저전력 광역 네트워크 가입자 100만 회선 돌파,POSITIVE
대신증권 1대1 부동산 컨설팅 서비스 개시,POSITIVE
KEB하나은행 금융 API 공개하는 개방형 플랫폼 열어,POSITIVE
KCI 작년 영업이익 64억원…94% 증가,POSITIVE
무디스 韓신용등급 변수는 지정학적 리스크·고령화,NEUTRAL
토니모리 연구개발업체 에이투젠 인수,POSITIVE
현대기아차 2·3차 협력사 지원 확대…500억원 기금출연,POSITIVE
롯데제과 제2의 아모레퍼시픽 될까…최고가 행진종합,POSITIVE
넥센 등 25개사 주식 11월 의무보호예수 해제,POSITIVE
상호금융 집단대출 규제 강화…사전심사제·조합별 한도 검토,NEGATIVE
법정관리 길목에 선 현대상선…해외선주도 큰손실 불가피,NEGATIVE
메리츠종금 코스피 3분기 2800선 도달…4분기 박스권,POSITIVE
클래스101 소프트뱅크벤처스 등으로부터 120억원 유치,NEUTRAL
옐로모바일 사전기업공개로 1천억원 유치,POSITIVE
한국거래소 태국거래소와 상호협력 MOU,POSITIVE
서울 주택 전세가율 꺾였다…2011년 조사 후 첫 하락,NEGATIVE
2017년형 스포티지 출시…주차보조시스템 등 기본적용,NEUTRAL
삼성 등 5개 재벌금융그룹 순환출자·내부거래 통합감독,NEGATIVE
한국항공우주 2분기 영업이익 950억원…23% 증가,POSITIVE
기아차 소형SUV 셀토스 판매 개시…기본형 1천900만원대부터,POSITIVE
알뜰폰 데이터요금제 개선…점유율 13%까지 높인다,POSITIVE
금융위 삼성바이오 과징금 80억원 부과 확정,NEGATIVE
KTB투자 내년 원달러 환율 완만하게 하락,NEUTRAL
OCI 2분기 영업익 799억원…149% 증가,POSITIVE
NH농협은행 중소기업 위한 지식재산권 담보대출 출시,POSITIVE
HDC현대산업개발 3천212억원 주택 재건축 정비사업 수주,POSITIVE
증시풍향계 실적시즌 정점…미중 무역분쟁 지속,NEGATIVE
국고채 금리 일제히 상승…3년물 연 1.820%,POSITIVE
두바이유 가격 반등…배럴당 43.13달러,POSITIVE
라인 서비스 개시부터 상장까지,POSITIVE
지난해 보이스피싱 피해액 4천440억원…피해자 5만명 육박,NEGATIVE
두바이유 다시 올라…배럴당 52.21달러,POSITIVE
국고채 금리 소폭 상승…3년물 연 1.733%,POSITIVE
유로존 1월 인플레이션 1.4%…작년 10월 이후 3개월 연속 하락,NEGATIVE
공공데이터 활용 비즈니스 쑥쑥…매출·고용 늘어,POSITIVE
탑엔지니어링 89억원 규모 LCD장비 공급계약,POSITIVE
2016 경제 자율주행차부터 암 진단까지…인공지능 빅뱅 원년,POSITIVE
법인폰 불법유통 LG유플러스 열흘 영업정지,NEGATIVE
어르신부터 게이머까지 알뜰폰 업계 맞춤형 요금제 출시종합,POSITIVE
서울신라호텔 패션브랜드 협업 디저트 매출 20%상승,POSITIVE
삼호 1천80억원 다산진건 공공임대주택 공사 수주,POSITIVE
E1 21년 연속 노사 임금협상 무교섭 타결,POSITIVE
쌍용차 8월 완성차 판매 1만1천349대…3.2% 감소,NEGATIVE
태영건설 584억원 지역개발공사 수주,POSITIVE
벤처 거품 꺼지나…中 1월 벤처투자액 67% 급감,NEGATIVE
현대중공업 울산에 통합안전교육센터 개소,NEUTRAL
주간시황 연말 앞두고 숨고르기…삼성전자만 랠리,POSITIVE
네이버 4분기 영업익 부진 라인 비용 증가 등이 원인,NEGATIVE
CJ EM 작년 연결 영업익 527억원…흑자 전환종합,POSITIVE
산업혁신운동 3년간 中企 6천곳 지원…684곳엔 스마트공장,POSITIVE
평창 알펜시아 분양실적 작년 729억원…8년 만에 최고,POSITIVE
지방도 여신심사 강화…지방發 주택시장 한파오나,NEGATIVE
코스피 외국인·기관 팔자에 하락…2300선은 지켜,NEGATIVE
특징주 코디엠 항암제 시장 진출 소식에 급등,POSITIVE
두산중공업 서남해 해상풍력단지 1단계 유지보수 사업 수주,POSITIVE
서울 아파트값 13주 연속 하락…설 연휴에 낙폭은 줄어,NEGATIVE
국내 주식형 펀드서 15거래일째 자금 순유출,NEGATIVE
이마트 올해 매출액 17조3천100억원 전망,NEUTRAL
대신금융그룹 부동산신탁업 개시…대신자산신탁 출범,POSITIVE
한진칼 1천600억 단기차입 추진…경영권 방어 꼼수,NEGATIVE
2017년에 82만5천명 EU 시민으로 새 출발…전년보다 17% 급감,NEGATIVE
서울 아파트 거래 다시 증가세로…10월 거래신고건수상승,POSITIVE
삼성폰 2분기 실적 주춤…S10 판매 둔화에 중저가폰 비중상승,NEGATIVE
특징주 대한항공 해외여행객 급증에 오름세,POSITIVE
환율상승 최대 수혜는 자동차…철강·금속은 울상,POSITIVE
효성중공업 1천107억원 규모 주택재개발정비사업 수주,POSITIVE
오늘의 투자전략 삼성전자 모멘텀 약화…업종·종목 선택 중요,NEGATIVE
현대건설 작년 영업이익 1조119억원…전년 대비 12.7%하락종합,NEGATIVE
우울한 조선업계…올해 조선해양의 날 행사도 없다종합,NEGATIVE
